{"version":"0.4","title":"About \u2013 Cake Shop","type":"page","content":[{"id":"4062","settings":{"background_background":"classic","background_image":{"id":461,"url":"http:\/\/localhost\/checkupdate\/wp-content\/uploads\/2018\/03\/18-1.jpg"},"background_position":"center center","background_size":"cover","background_overlay_background":"classic","background_overlay_color":"#000000","padding":{"unit":"px","top":"300","right":"0","bottom":"40","left":"60","isLinked":false},"padding_tablet":{"unit":"px","top":"200","right":"0","bottom":"20","left":"40","isLinked":false},"padding_mobile":{"unit":"px","top":"180","right":"30","bottom":"30","left":"30","isLinked":false},"section_custom_css_pro":"","custom_css_pro":""},"elements":[{"id":"32d","settings":{"_column_size":100,"_inline_size":null,"section_custom_css_pro":"","custom_css_pro":""},"elements":[{"id":"3644","settings":{"title":"About","header_size":"h1","align_mobile":"center","title_color":"#ffffff","typography_typography":"custom","typography_font_size":{"unit":"px","size":"150"},"typography_font_size_tablet":{"unit":"px","size":"80"},"typography_font_family":"Alex Brush","typography_font_weight":"bold","typography_line_height_tablet":{"unit":"em","size":""},"typography_line_height_mobile":{"unit":"em","size":""},"section_custom_css_pro":"","custom_css_pro":""},"elements":[],"isInner":false,"widgetType":"heading","elType":"widget"}],"isInner":false,"elType":"column"}],"isInner":false,"elType":"section"},{"id":"9dc","settings":{"structure":"20","padding":{"unit":"px","top":"150","right":"0","bottom":"0","left":"0","isLinked":false},"padding_tablet":{"unit":"px","top":"100","right":"30","bottom":"0","left":"0","isLinked":false},"padding_mobile":{"unit":"px","top":"50","right":"20","bottom":"0","left":"20","isLinked":false},"section_custom_css_pro":"","custom_css_pro":""},"elements":[{"id":"72b0","settings":{"_column_size":50,"_inline_size":null,"section_custom_css_pro":"","custom_css_pro":""},"elements":[{"id":"75f3","settings":{"image":{"id":462,"url":"http:\/\/localhost\/checkupdate\/wp-content\/uploads\/2018\/03\/19.png"},"align":"right","align_tablet":"right","align_mobile":"center","space":{"unit":"%","size":"30"},"caption_typography_line_height_tablet":{"unit":"em","size":""},"caption_typography_line_height_mobile":{"unit":"em","size":""},"_margin":{"unit":"px","top":"0","right":"75","bottom":"0","left":"0","isLinked":false},"_margin_tablet":{"unit":"px","top":"0","right":"50","bottom":"0","left":"0","isLinked":false},"_margin_mobile":{"unit":"px","top":"0","right":"0","bottom":"0","left":"0","isLinked":true},"_padding_tablet":{"unit":"px","top":"0","right":"0","bottom":"0","left":"0","isLinked":true},"_padding_mobile":{"unit":"px","top":"0","right":"0","bottom":"30","left":"0","isLinked":false},"section_custom_css_pro":"","custom_css_pro":""},"elements":[],"isInner":false,"widgetType":"image","elType":"widget"}],"isInner":false,"elType":"column"},{"id":"7e4f","settings":{"_column_size":50,"_inline_size":null,"margin_tablet":{"unit":"px","top":"0","right":"0","bottom":"0","left":"0","isLinked":false},"margin_mobile":{"unit":"px","top":"0","right":"0","bottom":"0","left":"0","isLinked":true},"padding":{"unit":"px","top":"40","right":"150","bottom":"0","left":"50","isLinked":false},"padding_tablet":{"unit":"px","top":"0","right":"50","bottom":"0","left":"0","isLinked":false},"padding_mobile":{"unit":"px","top":"0","right":"0","bottom":"0","left":"0","isLinked":true},"section_custom_css_pro":"","custom_css_pro":""},"elements":[{"id":"2529","settings":{"title":"Sara\u2019s world","align_mobile":"center","title_color":"#363636","typography_typography":"custom","typography_font_size":{"unit":"px","size":"60"},"typography_font_size_tablet":{"unit":"px","size":"50"},"typography_font_family":"Alex Brush","typography_font_weight":"bold","typography_line_height_tablet":{"unit":"em","size":""},"typography_line_height_mobile":{"unit":"em","size":""},"section_custom_css_pro":"","custom_css_pro":"","header_size":"h3"},"elements":[],"isInner":false,"widgetType":"heading","elType":"widget"},{"id":"ae","settings":{"editor":"<p>Lorem ipsum dolor sit amet, consectetur adipiscing elit. Vestibulum ultricies sollicitudin ante nec mattis. Mauris eget ornare nibh. Nam venenatis porta diam scelerisque suscipit. Donec in vehicula ligula. Etiam efficitur quam ex, at consectetur magna porttitor at. Nullam convallis, eros a vulputate tincidunt, mauris lorem tincidunt sem, sed cursus neque sem a est. Nam malesuada ipsum orci, et congue ligula fringilla vitae. Praesent vitae molestie elit. Phasellus non felis sit amet massa fermentum aliquam. Fusce dui est, dapibus quis eros at, eleifend vehicula lectus. Mauris congue risus in lectus suscipit efficitur.<\/p>","align_mobile":"center","typography_typography":"custom","typography_font_size":{"unit":"px","size":"17"},"typography_font_size_tablet":{"unit":"px","size":"16"},"typography_font_family":"Vidaloka","typography_line_height_tablet":{"unit":"em","size":""},"typography_line_height_mobile":{"unit":"em","size":""},"section_custom_css_pro":"","custom_css_pro":""},"elements":[],"isInner":false,"widgetType":"text-editor","elType":"widget"}],"isInner":false,"elType":"column"}],"isInner":false,"elType":"section"},{"id":"67c8","settings":{"margin_mobile":{"unit":"px","top":"0","right":0,"bottom":"0","left":0,"isLinked":true},"padding":{"unit":"px","top":"100","right":"0","bottom":"0","left":"0","isLinked":false},"padding_tablet":{"unit":"px","top":"50","right":"0","bottom":"0","left":"0","isLinked":false},"padding_mobile":{"unit":"px","top":"200","right":"20","bottom":"0","left":"0","isLinked":false}},"elements":[{"id":"306b","settings":{"_column_size":100,"_inline_size":null},"elements":[{"id":"6ae5","settings":{"image":{"id":463,"url":"http:\/\/localhost\/checkupdate\/wp-content\/uploads\/2018\/03\/21.png"},"align":"right","align_tablet":"center","align_mobile":"right","space":{"unit":"%","size":"60"},"image_border_border":"solid","image_border_width":{"unit":"px","top":"15","right":"15","bottom":"15","left":"15","isLinked":true},"image_border_color":"#f4bfd3","caption_typography_line_height_tablet":{"unit":"em","size":""},"caption_typography_line_height_mobile":{"unit":"em","size":""},"_margin":{"unit":"px","top":"0","right":"50","bottom":"0","left":"0","isLinked":false},"_margin_tablet":{"unit":"px","top":"0","right":"0","bottom":"0","left":"80","isLinked":false},"_margin_mobile":{"unit":"px","top":"0","right":"0","bottom":"0","left":"0","isLinked":false},"_padding":{"unit":"px","top":"0","right":"0","bottom":"0","left":"0","isLinked":false},"_padding_tablet":{"unit":"px","top":"0","right":"0","bottom":"0","left":"0","isLinked":false},"_padding_mobile":{"unit":"px","top":"0","right":"0","bottom":"0","left":"0","isLinked":true}},"elements":[],"isInner":false,"widgetType":"image","elType":"widget"},{"id":"79ba","settings":{"image":{"id":464,"url":"http:\/\/localhost\/checkupdate\/wp-content\/uploads\/2018\/03\/20.png"},"align":"left","align_tablet":"left","align_mobile":"left","space":{"unit":"%","size":"60"},"image_border_border":"solid","image_border_width":{"unit":"px","top":"15","right":"15","bottom":"15","left":"15","isLinked":true},"image_border_color":"#f4bfd3","caption_typography_line_height_tablet":{"unit":"em","size":""},"caption_typography_line_height_mobile":{"unit":"em","size":""},"_margin":{"unit":"px","top":"-800","right":"0","bottom":"0","left":"100","isLinked":false},"_margin_tablet":{"unit":"px","top":"-600","right":"300","bottom":"0","left":"50","isLinked":false},"_margin_mobile":{"unit":"px","top":"-320","right":"30","bottom":"0","left":"50","isLinked":false},"_padding":{"unit":"px","top":"0","right":"0","bottom":"0","left":"0","isLinked":false},"_padding_tablet":{"unit":"px","top":"0","right":"0","bottom":"0","left":"0","isLinked":false},"_padding_mobile":{"unit":"px","top":"0","right":"0","bottom":"0","left":"0","isLinked":true}},"elements":[],"isInner":false,"widgetType":"image","elType":"widget"}],"isInner":false,"elType":"column"}],"isInner":false,"elType":"section"},{"id":"6847","settings":{"content_position":"middle","background_background":"classic","background_color":"#f991b8","margin":{"unit":"px","top":"250","right":0,"bottom":"0","left":0,"isLinked":false},"margin_mobile":{"unit":"px","top":"100","right":0,"bottom":"0","left":0,"isLinked":false},"padding":{"unit":"px","top":"50","right":"0","bottom":"50","left":"0","isLinked":false},"padding_mobile":{"unit":"px","top":"0","right":"0","bottom":"0","left":"0","isLinked":false}},"elements":[{"id":"7786","settings":{"_column_size":100,"_inline_size":null},"elements":[{"id":"5061","settings":{"social_icon_list":[{"social":"fa fa-facebook","link":{"url":"","is_external":"true","nofollow":""},"_id":"j686p0q"},{"social":"fa fa-twitter","link":{"url":"","is_external":"true","nofollow":""},"_id":"fktudxt"},{"social":"fa fa-pinterest","link":{"url":"","is_external":"true","nofollow":""},"_id":"j3hs99z"},{"social":"fa fa-instagram","link":{"url":"","is_external":"true","nofollow":""},"_id":"e0i1l2i"},{"social":"fa fa-tumblr","link":{"url":"","is_external":"true","nofollow":""},"_id":"pygstm1"}],"align_tablet":"center","align_mobile":"center","icon_color":"custom","icon_primary_color":"#fbf7f4","icon_secondary_color":"#555555","icon_padding":{"unit":"em","size":0.7},"icon_spacing":{"unit":"px","size":22},"border_radius":{"unit":"px","top":"50","right":"50","bottom":"50","left":"50","isLinked":true},"_margin_tablet":{"unit":"px","top":"0","right":"0","bottom":"0","left":"0","isLinked":true},"_margin_mobile":{"unit":"px","top":"0","right":"0","bottom":"0","left":"0","isLinked":true},"_padding_tablet":{"unit":"px","top":"0","right":"0","bottom":"0","left":"0","isLinked":true},"_padding_mobile":{"unit":"px","top":"40","right":"0","bottom":"40","left":"0","isLinked":false},"icon_size_mobile":{"unit":"px","size":"22"},"icon_spacing_mobile":{"unit":"px","size":"13"},"hover_primary_color":"#555555","hover_secondary_color":"#ffffff"},"elements":[],"isInner":false,"widgetType":"social-icons","elType":"widget"}],"isInner":false,"elType":"column"}],"isInner":false,"elType":"section"}],"page_settings":{"hide_title":"yes"}}