{"version":"0.4","title":"Landing Page \u2013 Ebook 1","type":"page","content":[{"id":"5285","settings":{"gap":"no","content_position":"bottom","structure":"20","background_background":"classic","background_image":{"id":504,"url":"http:\/\/localhost\/checkupdate\/wp-content\/uploads\/2018\/03\/sx.png"},"background_position":"center center","background_size":"cover","background_overlay_background":"classic","background_overlay_color":"#050113","background_overlay_opacity":{"unit":"px","size":"0.8"},"padding":{"unit":"px","top":"150","right":"0","bottom":"0","left":"0","isLinked":false},"content_width":{"unit":"px","size":"1300"},"padding_tablet":{"unit":"px","top":"70","right":"0","bottom":"0","left":"0","isLinked":false},"reverse_order_mobile":"reverse-mobile","padding_mobile":{"unit":"px","top":"0","right":"0","bottom":"0","left":"0","isLinked":true}},"elements":[{"id":"3df7","settings":{"_column_size":50,"_inline_size":null},"elements":[{"id":"55f6","settings":{"image":{"id":503,"url":"http:\/\/localhost\/checkupdate\/wp-content\/uploads\/2018\/03\/Hardcover-Book-Hand.png"},"_margin_tablet":{"unit":"px","top":"0","right":"30","bottom":"0","left":"-57","isLinked":false}},"elements":[],"isInner":false,"widgetType":"image","elType":"widget"}],"isInner":false,"elType":"column"},{"id":"4bfc","settings":{"_column_size":50,"_inline_size":null,"content_position":"top","margin":{"unit":"%","top":"0","right":"0","bottom":"0","left":"15","isLinked":false},"margin_tablet":{"unit":"px","top":"0","right":"0","bottom":"0","left":"0","isLinked":false},"padding_tablet":{"unit":"px","top":"0","right":"20","bottom":"0","left":"0","isLinked":false},"padding_mobile":{"unit":"px","top":"80","right":"20","bottom":"80","left":"20","isLinked":false}},"elements":[{"id":"5464","settings":{"title":"How I went from unknown freelance to successful<span style=\"color:#FDA5BB\"> business owner","title_color":"#ffffff","typography_typography":"custom","typography_font_size":{"unit":"px","size":"40"},"typography_font_family":"Vidaloka","typography_font_weight":"100","typography_line_height":{"unit":"em","size":"1.3"},"typography_letter_spacing":{"unit":"px","size":"0"},"_margin":{"unit":"%","top":"","right":"","bottom":"","left":"","isLinked":true},"align_mobile":"center","typography_font_size_tablet":{"unit":"px","size":"28"},"typography_font_size_mobile":{"unit":"px","size":"35"},"typography_line_height_tablet":{"unit":"em","size":"1.2"},"header_size":"h1","_padding_mobile":{"unit":"px","top":"0","right":"0","bottom":"0","left":"0","isLinked":true}},"elements":[],"isInner":false,"widgetType":"heading","elType":"widget"},{"id":"16cd","settings":{"title":"By Sara Goodman Levi","title_color":"#fda5bb","typography_typography":"custom","typography_font_size":{"unit":"px","size":"17"},"typography_font_family":"Roboto","typography_font_weight":"400","_padding":{"unit":"px","top":"30","right":"0","bottom":"30","left":"0","isLinked":false},"align_mobile":"center","typography_font_size_tablet":{"unit":"px","size":"14"},"_padding_tablet":{"unit":"px","top":"0","right":"0","bottom":"0","left":"0","isLinked":false},"typography_font_size_mobile":{"unit":"px","size":"16"},"_padding_mobile":{"unit":"px","top":"0","right":"0","bottom":"20","left":"0","isLinked":false}},"elements":[],"isInner":false,"widgetType":"heading","elType":"widget"},{"id":"5b82","settings":{"editor":"<p>It wasn't easy, but with help from my lovely pet Sam, I managed to grow an empire. Oh, did I mention it was all done from my home?<\/p>","text_color":"#ffffff","typography_typography":"custom","typography_font_size":{"unit":"px","size":"19"},"typography_font_family":"Roboto","typography_font_weight":"300","typography_line_height":{"unit":"em","size":"1.6"},"align_mobile":"center","typography_font_size_tablet":{"unit":"px","size":"16"},"_padding_tablet":{"unit":"px","top":"0","right":"0","bottom":"0","left":"0","isLinked":true},"typography_font_size_mobile":{"unit":"px","size":"16"}},"elements":[],"isInner":false,"widgetType":"text-editor","elType":"widget"},{"id":"74ef","settings":{"gap":"no","structure":"20","padding":{"unit":"px","top":"30","right":"0","bottom":"0","left":"0","isLinked":false},"padding_tablet":{"unit":"px","top":"20","right":"0","bottom":"20","left":"0","isLinked":false},"padding_mobile":{"unit":"px","top":"10","right":"10","bottom":"10","left":"10","isLinked":true}},"elements":[{"id":"52d0","settings":{"_column_size":50,"_inline_size":null,"padding_mobile":{"unit":"px","top":"0","right":"0","bottom":"20","left":"0","isLinked":false},"screen_sm_width":"50"},"elements":[{"id":"4293","settings":{"text":"read it online","align":"left","typography_typography":"custom","typography_font_size":{"unit":"px","size":"22"},"typography_font_family":"Roboto","typography_text_transform":"lowercase","typography_letter_spacing":{"unit":"px","size":"1.5"},"background_color":"rgba(240,70,112,0)","button_background_hover_color":"#fda5bb","button_hover_border_color":"#fda5bb","border_border":"solid","border_width":{"unit":"px","top":"2","right":"2","bottom":"2","left":"2","isLinked":true},"border_radius":{"unit":"px","top":"50","right":"50","bottom":"50","left":"50","isLinked":true},"text_padding":{"unit":"px","top":"17","right":"40","bottom":"18","left":"40","isLinked":false},"align_mobile":"justify","typography_font_size_tablet":{"unit":"px","size":"12"},"typography_font_size_mobile":{"unit":"px","size":"19"}},"elements":[],"isInner":false,"widgetType":"button","elType":"widget"}],"isInner":true,"elType":"column"},{"id":"2dce","settings":{"_column_size":50,"_inline_size":null,"screen_sm":"custom"},"elements":[{"id":"52c9","settings":{"text":"Learn more","align":"left","typography_typography":"custom","typography_font_size":{"unit":"px","size":"22"},"typography_font_family":"Roboto","typography_text_transform":"lowercase","typography_letter_spacing":{"unit":"px","size":"1.5"},"background_color":"#fda5bb","button_background_hover_color":"rgba(240,70,112,0)","button_hover_border_color":"#fda5bb","border_border":"solid","border_width":{"unit":"px","top":"2","right":"2","bottom":"2","left":"2","isLinked":true},"border_radius":{"unit":"px","top":"50","right":"50","bottom":"50","left":"50","isLinked":true},"text_padding":{"unit":"px","top":"17","right":"40","bottom":"18","left":"40","isLinked":false},"border_color":"#fda5bb","align_mobile":"justify","typography_font_size_tablet":{"unit":"px","size":"12"},"typography_font_size_mobile":{"unit":"px","size":"19"},"hover_color":"#fda5bb"},"elements":[],"isInner":false,"widgetType":"button","elType":"widget"}],"isInner":true,"elType":"column"}],"isInner":true,"elType":"section"}],"isInner":false,"elType":"column"}],"isInner":false,"elType":"section"},{"id":"267e","settings":{"structure":"40","background_background":"classic","background_color":"#f2f2f2","padding":{"unit":"px","top":"70","right":"0","bottom":"70","left":"0","isLinked":false},"padding_tablet":{"unit":"px","top":"30","right":"50","bottom":"30","left":"50","isLinked":false},"padding_mobile":{"unit":"px","top":"80","right":"10","bottom":"80","left":"10","isLinked":false}},"elements":[{"id":"2be8","settings":{"_column_size":25,"_inline_size":null,"padding_mobile":{"unit":"px","top":"0","right":"0","bottom":"60","left":"0","isLinked":false},"screen_sm":"custom","screen_sm_width":"50"},"elements":[{"id":"58da","settings":{"image":{"id":505,"url":"http:\/\/localhost\/checkupdate\/wp-content\/uploads\/2018\/03\/Group-11.png"}},"elements":[],"isInner":false,"widgetType":"image","elType":"widget"},{"id":"710b","settings":{"starting_number":"","ending_number":"580","title":"Readers is the US","number_color":"#fda5bb","typography_number_typography":"custom","typography_number_font_size":{"unit":"px","size":"60"},"typography_number_font_size_tablet":{"unit":"px","size":"50"},"typography_number_font_family":"Vidaloka","typography_number_font_weight":"100","title_color":"#000000","typography_title_typography":"custom","typography_title_font_size":{"unit":"px","size":"19"},"typography_title_font_size_tablet":{"unit":"px","size":"15"},"typography_title_font_family":"Roboto"},"elements":[],"isInner":false,"widgetType":"counter","elType":"widget"}],"isInner":false,"elType":"column"},{"id":"12e7","settings":{"_column_size":25,"_inline_size":null,"padding_mobile":{"unit":"px","top":"0","right":"0","bottom":"60","left":"0","isLinked":false},"screen_sm":"custom","screen_sm_width":"50"},"elements":[{"id":"1201","settings":{"image":{"id":506,"url":"http:\/\/localhost\/checkupdate\/wp-content\/uploads\/2018\/03\/Group-10-1.png"}},"elements":[],"isInner":false,"widgetType":"image","elType":"widget"},{"id":"28a6","settings":{"starting_number":"","ending_number":"25","title":"Translations","number_color":"#fda5bb","typography_number_typography":"custom","typography_number_font_size":{"unit":"px","size":"60"},"typography_number_font_size_tablet":{"unit":"px","size":"50"},"typography_number_font_family":"Vidaloka","typography_number_font_weight":"100","title_color":"#000000","typography_title_typography":"custom","typography_title_font_size":{"unit":"px","size":"19"},"typography_title_font_size_tablet":{"unit":"px","size":"15"},"typography_title_font_family":"Roboto"},"elements":[],"isInner":false,"widgetType":"counter","elType":"widget"}],"isInner":false,"elType":"column"},{"id":"2932","settings":{"_column_size":25,"_inline_size":null,"padding_mobile":{"unit":"px","top":"0","right":"0","bottom":"60","left":"0","isLinked":false},"screen_sm":"custom","screen_sm_width":"50"},"elements":[{"id":"1e94","settings":{"image":{"id":507,"url":"http:\/\/localhost\/checkupdate\/wp-content\/uploads\/2018\/03\/Group-12.png"}},"elements":[],"isInner":false,"widgetType":"image","elType":"widget"},{"id":"4d3d","settings":{"starting_number":"","ending_number":54,"title":"Actionable tips","number_color":"#fda5bb","typography_number_typography":"custom","typography_number_font_size":{"unit":"px","size":"60"},"typography_number_font_size_tablet":{"unit":"px","size":"50"},"typography_number_font_family":"Vidaloka","typography_number_font_weight":"100","title_color":"#000000","typography_title_typography":"custom","typography_title_font_size":{"unit":"px","size":"19"},"typography_title_font_size_tablet":{"unit":"px","size":"15"},"typography_title_font_family":"Roboto"},"elements":[],"isInner":false,"widgetType":"counter","elType":"widget"}],"isInner":false,"elType":"column"},{"id":"39","settings":{"_column_size":25,"_inline_size":null,"padding_mobile":{"unit":"px","top":"0","right":"0","bottom":"60","left":"0","isLinked":false},"screen_sm":"custom","screen_sm_width":"50"},"elements":[{"id":"7683","settings":{"image":{"id":510,"url":"http:\/\/localhost\/checkupdate\/wp-content\/uploads\/2018\/03\/Group-9-1.png"}},"elements":[],"isInner":false,"widgetType":"image","elType":"widget"},{"id":"1000","settings":{"starting_number":"","ending_number":"168","title":"Case studies","number_color":"#fda5bb","typography_number_typography":"custom","typography_number_font_size":{"unit":"px","size":"60"},"typography_number_font_size_tablet":{"unit":"px","size":"50"},"typography_number_font_family":"Vidaloka","typography_number_font_weight":"100","title_color":"#000000","typography_title_typography":"custom","typography_title_font_size":{"unit":"px","size":"19"},"typography_title_font_size_tablet":{"unit":"px","size":"15"},"typography_title_font_family":"Roboto"},"elements":[],"isInner":false,"widgetType":"counter","elType":"widget"}],"isInner":false,"elType":"column"}],"isInner":false,"elType":"section"},{"id":"673","settings":{"background_background":"classic","background_color":"#d8d8d8","padding":{"unit":"px","top":"100","right":"0","bottom":"100","left":"0","isLinked":false},"padding_tablet":{"unit":"px","top":"50","right":"0","bottom":"50","left":"0","isLinked":false}},"elements":[{"id":"42e2","settings":{"_column_size":100,"_inline_size":null},"elements":[{"id":"77df","settings":{"title":"Get It On Any Device","title_color":"#050113","typography_typography":"custom","typography_font_size":{"unit":"px","size":"40"},"typography_font_family":"Vidaloka","typography_font_weight":"100","typography_line_height":{"unit":"em","size":"1.3"},"typography_letter_spacing":{"unit":"px","size":"0"},"_margin":{"unit":"%","top":"","right":"","bottom":"","left":"","isLinked":true},"align":"center","_padding":{"unit":"px","top":"0","right":"0","bottom":"70","left":"0","isLinked":false},"typography_font_size_tablet":{"unit":"px","size":"35"},"_padding_tablet":{"unit":"px","top":"0","right":"0","bottom":"30","left":"0","isLinked":false},"header_size":"h3","typography_font_size_mobile":{"unit":"px","size":"30"}},"elements":[],"isInner":false,"widgetType":"heading","elType":"widget"},{"id":"7fad","settings":{"content_position":"bottom","structure":"30"},"elements":[{"id":"66f5","settings":{"_column_size":33,"_inline_size":"41.161","content_position":"center","screen_sm":"custom","screen_sm_width":"70"},"elements":[{"id":"2c2c","settings":{"image":{"id":511,"url":"http:\/\/localhost\/checkupdate\/wp-content\/uploads\/2018\/03\/7-1.png"},"_margin_tablet":{"unit":"px","top":"0","right":"0","bottom":"0","left":"0","isLinked":false}},"elements":[],"isInner":false,"widgetType":"image","elType":"widget"}],"isInner":true,"elType":"column"},{"id":"32fb","settings":{"_column_size":33,"_inline_size":"16.517","margin":{"unit":"%","top":"0","right":"0","bottom":"0","left":"-40","isLinked":false},"content_position":"center","screen_sm":"custom","screen_sm_width":"30"},"elements":[{"id":"2c8a","settings":{"image":{"id":512,"url":"http:\/\/localhost\/checkupdate\/wp-content\/uploads\/2018\/03\/9-2.png"},"space":{"unit":"%","size":67}},"elements":[],"isInner":false,"widgetType":"image","elType":"widget"}],"isInner":true,"elType":"column"},{"id":"54c4","settings":{"_column_size":33,"_inline_size":"42.322","content_position":"top","margin_tablet":{"unit":"px","top":"0","right":"0","bottom":"0","left":"-30","isLinked":false},"margin_mobile":{"unit":"px","top":"0","right":"0","bottom":"0","left":"0","isLinked":true},"padding_mobile":{"unit":"px","top":"50","right":"20","bottom":"0","left":"20","isLinked":false}},"elements":[{"id":"5f18","settings":{"title":"Love to read on the road?","title_color":"#050113","typography_typography":"custom","typography_font_size":{"unit":"px","size":"25"},"typography_font_family":"Vidaloka","typography_font_weight":"100","typography_line_height":{"unit":"em","size":"1.3"},"typography_letter_spacing":{"unit":"px","size":"0"},"_margin":{"unit":"%","top":"","right":"","bottom":"","left":"","isLinked":true},"align":"left","hide_tablet":"hidden-tablet","header_size":"h5"},"elements":[],"isInner":false,"widgetType":"heading","elType":"widget"},{"id":"7d71","settings":{"editor":"<p>There is no better companion to your commute than my book! Get it now on Amazon and other book stores and apps. Get my top secret business advice inside.<\/p>","text_color":"#484156","typography_typography":"custom","typography_font_size":{"unit":"px","size":"18"},"typography_font_family":"Roboto","typography_font_weight":"400","typography_line_height":{"unit":"em","size":"1.6"},"hide_tablet":"hidden-tablet"},"elements":[],"isInner":false,"widgetType":"text-editor","elType":"widget"},{"id":"756","settings":{"icon_list":[{"text":"Lorem ipsum dolor sit amet, consectetur adipiscing elit","icon":"fa fa-circle","_id":"tibwdhq","link":{"url":"","is_external":"","nofollow":""}},{"text":"Nullam tellus nisi, porttitor accumsan velit ut","icon":"fa fa-circle","_id":"fesl811","link":{"url":"","is_external":"","nofollow":""}},{"text":"Suspendisse ullamcorper, ipsum eu cursus pulvinar massa","icon":"fa fa-circle","_id":"vovplwi","link":{"url":"","is_external":"","nofollow":""}},{"text":"Vivamus congue tortor eu tortor sollicitudin posuere","icon":"fa fa-circle","_id":"37686di","link":{"url":"","is_external":"","nofollow":""}}],"space_between":{"unit":"px","size":"3"},"icon_color":"#fda5bb","icon_size":{"unit":"px","size":"10"},"text_indent":{"unit":"px","size":"8"},"text_color":"#484156","icon_typography_typography":"custom","icon_typography_font_size":{"unit":"px","size":"16"},"icon_typography_font_family":"Roboto","icon_typography_font_weight":"300","_padding":{"unit":"px","top":"0","right":"0","bottom":"20","left":"0","isLinked":false},"icon_typography_font_size_tablet":{"unit":"px","size":"15"},"icon_typography_font_size_mobile":{"unit":"px","size":"16"}},"elements":[],"isInner":false,"widgetType":"icon-list","elType":"widget"},{"id":"3d7","settings":{"text":"Learn more","align":"left","typography_typography":"custom","typography_font_size":{"unit":"px","size":"18"},"typography_font_family":"Roboto","typography_text_transform":"lowercase","typography_letter_spacing":{"unit":"px","size":"1.5"},"background_color":"#fda5bb","button_background_hover_color":"#ffffff","button_hover_border_color":"#ffffff","border_border":"solid","border_width":{"unit":"px","top":"2","right":"2","bottom":"2","left":"2","isLinked":true},"border_radius":{"unit":"px","top":"50","right":"50","bottom":"50","left":"50","isLinked":true},"text_padding":{"unit":"px","top":"17","right":"40","bottom":"18","left":"40","isLinked":false},"border_color":"#fda5bb","typography_font_size_tablet":{"unit":"px","size":"14"},"hover_color":"#fda5bb"},"elements":[],"isInner":false,"widgetType":"button","elType":"widget"}],"isInner":true,"elType":"column"}],"isInner":true,"elType":"section"}],"isInner":false,"elType":"column"}],"isInner":false,"elType":"section"},{"id":"7765","settings":{"layout":"full_width","gap":"no","content_position":"bottom","structure":"20","background_background":"classic","background_image":{"id":514,"url":"http:\/\/localhost\/checkupdate\/wp-content\/uploads\/2018\/03\/8d2k7a3wmkq-bench-accounting.png"},"background_size":"cover","margin_tablet":{"unit":"px","top":"0","right":0,"bottom":"0","left":0,"isLinked":true}},"elements":[{"id":"2b2e","settings":{"_column_size":50,"_inline_size":null,"background_background":"classic","background_color":"#ffffff","content_position":"center","padding":{"unit":"px","top":"100","right":"50","bottom":"50","left":"80","isLinked":false},"padding_tablet":{"unit":"px","top":"50","right":"30","bottom":"30","left":"30","isLinked":false}},"elements":[{"id":"7930","settings":{"title":"About Sara","title_color":"#fda5bb","typography_typography":"custom","typography_font_size":{"unit":"px","size":"40"},"typography_font_family":"Vidaloka","typography_font_weight":"100","typography_line_height":{"unit":"em","size":"1.3"},"typography_letter_spacing":{"unit":"px","size":"0"},"_margin":{"unit":"%","top":"","right":"","bottom":"","left":"","isLinked":true},"align":"left","_padding":{"unit":"px","top":"0","right":"0","bottom":"10","left":"0","isLinked":false},"typography_font_size_tablet":{"unit":"px","size":"35"},"_padding_tablet":{"unit":"px","top":"0","right":"0","bottom":"0","left":"0","isLinked":true},"header_size":"h3"},"elements":[],"isInner":false,"widgetType":"heading","elType":"widget"},{"id":"69a9","settings":{"editor":"<p>Respect forming clothes do in he. Course so piqued no an by appear. Themselves reasonable pianoforte so motionless he as difficulty be. Abode way begin ham there power whonce impossible to conviction. Suppose neither evident welcome it at do civilly uncivil. Sing tall much you get nor. Spot of come to ever hand as lady meet on. Delicate contempt received two yet advanced. Gentleman as belonging he commanded believing dejection in by. On no am winding chicken so behaved.<\/p><p>It as announcing it me stimulated frequently continuing. Least their she you now above going stand forth. He pretty future afraid should genius spirit on. Set property addition building put likewise get. Of will at sell well at as. Too want but tall nay like old. Removing yourself be in answered he.\u00a0<\/p>","text_color":"#484156","typography_typography":"custom","typography_font_size":{"unit":"px","size":"18"},"typography_font_family":"Roboto","typography_font_weight":"300","typography_line_height":{"unit":"em","size":"1.6"},"_padding":{"unit":"px","top":"0","right":"0","bottom":"0","left":"0","isLinked":false},"typography_font_size_tablet":{"unit":"px","size":"14"},"typography_line_height_tablet":{"unit":"em","size":"1.6"},"_padding_tablet":{"unit":"px","top":"0","right":"0","bottom":"0","left":"0","isLinked":true},"typography_font_size_mobile":{"unit":"px","size":"16"}},"elements":[],"isInner":false,"widgetType":"text-editor","elType":"widget"}],"isInner":false,"elType":"column"},{"id":"785c","settings":{"_column_size":50,"_inline_size":null,"margin_tablet":{"unit":"px","top":"0","right":"0","bottom":"0","left":"0","isLinked":true},"padding_tablet":{"unit":"px","top":"0","right":"0","bottom":"0","left":"0","isLinked":true}},"elements":[{"id":"16cf","settings":{"image":{"id":513,"url":"http:\/\/localhost\/checkupdate\/wp-content\/uploads\/2018\/03\/484564_PR126__SI__22_05_14_45-m.png"},"_margin_tablet":{"unit":"px","top":"30","right":"30","bottom":"0","left":"30","isLinked":false},"_padding_tablet":{"unit":"px","top":"0","right":"0","bottom":"0","left":"0","isLinked":true},"_margin_mobile":{"unit":"px","top":"50","right":"50","bottom":"0","left":"50","isLinked":false}},"elements":[],"isInner":false,"widgetType":"image","elType":"widget"}],"isInner":false,"elType":"column"}],"isInner":false,"elType":"section"},{"id":"24e1","settings":{"content_width":{"unit":"px","size":"700"},"background_background":"classic","background_image":{"id":504,"url":"http:\/\/localhost\/checkupdate\/wp-content\/uploads\/2018\/03\/sx.png"},"background_size":"cover","background_overlay_background":"classic","background_overlay_color":"#050113","background_overlay_opacity":{"unit":"px","size":"0.8"},"padding":{"unit":"px","top":"70","right":"0","bottom":"70","left":"0","isLinked":false},"padding_tablet":{"unit":"px","top":"50","right":"50","bottom":"30","left":"50","isLinked":false},"padding_mobile":{"unit":"px","top":"70","right":"10","bottom":"70","left":"10","isLinked":false}},"elements":[{"id":"3e48","settings":{"_column_size":100,"_inline_size":null},"elements":[{"id":"4c3a","settings":{"icon":"fa fa-quote-left","primary_color":"#fda5bb","size":{"unit":"px","size":"40"}},"elements":[],"isInner":false,"widgetType":"icon","elType":"widget"},{"id":"50eb","settings":{"testimonial_content":"It was such a pleasure to read, that I couldn't wait and started reading it all over again. The examples in the middle of the book really blew my mind.","testimonial_image":{"id":515,"url":"http:\/\/localhost\/checkupdate\/wp-content\/uploads\/2018\/03\/https-d3iw72m71ie81c.cloudfront.netanders-1.png"},"testimonial_name":"Emerson Palmer","testimonial_job":"Venture Engineer","testimonial_image_position":"top","content_content_color":"#ffffff","content_typography_typography":"custom","content_typography_font_size":{"unit":"px","size":"25"},"content_typography_font_family":"Roboto","content_typography_font_weight":"300","content_typography_line_height":{"unit":"em","size":"1.5"},"image_size":{"unit":"px","size":"90"},"image_border_border":"solid","image_border_color":"#d8d8d8","name_text_color":"#fda5bb","name_typography_typography":"custom","name_typography_font_size":{"unit":"px","size":"32"},"name_typography_font_family":"Vidaloka","name_typography_font_weight":"100","job_text_color":"#d8d8d8","job_typography_typography":"custom","job_typography_font_size":{"unit":"px","size":"18"},"job_typography_font_family":"Roboto","job_typography_font_weight":"100","_padding":{"unit":"px","top":"35","right":"0","bottom":"35","left":"0","isLinked":false},"content_typography_font_size_tablet":{"unit":"px","size":"19"}},"elements":[],"isInner":false,"widgetType":"testimonial","elType":"widget"}],"isInner":false,"elType":"column"}],"isInner":false,"elType":"section"}]}