{"version":"0.4","title":"Construction Company \u2013 Contact","type":"page","content":[{"id":"79dd","settings":{"content_width":{"unit":"px","size":"800"},"height":"min-height","custom_height":{"unit":"px","size":712},"background_background":"classic","background_image":{"id":1067,"url":"http:\/\/localhost\/checkupdate\/wp-content\/uploads\/2018\/03\/services3.jpg"},"background_repeat":"no-repeat","background_size":"cover","background_overlay_title":"","gap":"no","padding_tablet":{"unit":"px","top":"0","right":"50","bottom":"0","left":"50","isLinked":false},"padding_mobile":{"unit":"px","top":"60","right":"30","bottom":"30","left":"30","isLinked":false},"background_overlay_background":"classic","background_overlay_color":"rgba(83,90,119,0.04)","background_overlay_hover_background":"classic","background_overlay_hover_color":"#535a77","border_border":"solid","border_width":{"unit":"px","top":"0","right":"0","bottom":"8","left":"0","isLinked":false},"border_color":"#ffba00","custom_height_tablet":{"unit":"vh","size":60},"background_position":"center center"},"elements":[{"id":"19b4","settings":{"_column_size":100,"_inline_size":null},"elements":[{"id":"34a1","settings":{"title":"Contact Us","size":"large","align":"center","title_color":"#ffffff","typography_typography":"custom","typography_font_size":{"unit":"px","size":90},"typography_font_family":"Oswald","typography_font_weight":"bold","typography_text_transform":"uppercase","typography_letter_spacing":{"unit":"px","size":"1"},"header_size":"h1","typography_font_size_mobile":{"unit":"px","size":"64"},"typography_line_height_mobile":{"unit":"px","size":80},"typography_font_size_tablet":{"unit":"px","size":70},"text_shadow_text_shadow_type":"yes","text_shadow_text_shadow":{"horizontal":0,"vertical":0,"blur":25,"color":"rgba(0,0,0,0.6)"}},"elements":[],"isInner":false,"widgetType":"heading","elType":"widget"},{"id":"26c6","settings":{"title":"We would be happy to help and advise if you have any questions or inquiries.","size":"large","align":"center","title_color":"#ffffff","typography_typography":"custom","typography_font_size":{"unit":"px","size":"23"},"typography_font_family":"Roboto","typography_font_weight":"300","typography_letter_spacing":{"unit":"px","size":0},"typography_font_size_mobile":{"unit":"px","size":20},"typography_line_height":{"unit":"em","size":"1.5"},"typography_font_size_tablet":{"unit":"px","size":20}},"elements":[],"isInner":false,"widgetType":"heading","elType":"widget"},{"id":"687","settings":{"space":{"unit":"px","size":149}},"elements":[],"isInner":false,"widgetType":"spacer","elType":"widget"}],"isInner":false,"elType":"column"}],"isInner":false,"elType":"section"},{"id":"56d9","settings":{"content_width":{"unit":"px","size":1000},"custom_height":{"unit":"px","size":"650"},"background_image":{"id":"1049","url":"http:\/\/localhost\/checkupdate\/wp-content\/uploads\/2018\/03\/home-page-1.jpg"},"background_size":"cover","background_overlay_title":"","box_shadow_box_shadow":{"horizontal":0,"vertical":0,"blur":"50","spread":0,"inset":"","color":"rgba(0,0,0,0.5)"},"custom_height_tablet":{"unit":"px","size":500},"margin_tablet":{"unit":"px","top":"","right":0,"bottom":"","left":0,"isLinked":true},"margin":{"unit":"px","top":"-180","right":0,"bottom":"20","left":0,"isLinked":false}},"elements":[{"id":"1d20","settings":{"_column_size":100,"_inline_size":null,"background_background":"classic","background_color":"#ffffff","box_shadow_box_shadow_type":"outset","box_shadow_box_shadow":{"horizontal":0,"vertical":0,"blur":"50","spread":0,"inset":"","color":"rgba(0,0,0,0.16)"},"padding":{"unit":"px","top":"70","right":"70","bottom":"70","left":"70","isLinked":true},"margin_tablet":{"unit":"px","top":"0","right":"50","bottom":"0","left":"50","isLinked":false},"margin_mobile":{"unit":"px","top":"30","right":"30","bottom":"30","left":"30","isLinked":true},"padding_tablet":{"unit":"px","top":"50","right":"50","bottom":"50","left":"50","isLinked":true},"background_hover_color":"#fffcf7","padding_mobile":{"unit":"px","top":"30","right":"30","bottom":"30","left":"30","isLinked":true}},"elements":[{"id":"6952","settings":{"title":"Stay in touch with us","size":"large","align":"center","title_color":"#455b64","typography_typography":"custom","typography_font_size":{"unit":"px","size":45},"typography_font_family":"Roboto","typography_font_weight":"900","typography_text_transform":"uppercase","typography_letter_spacing":{"unit":"px","size":"1"},"header_size":"h4","typography_font_size_tablet":{"unit":"px","size":"40"},"typography_font_size_mobile":{"unit":"px","size":"24"},"_margin":{"unit":"px","top":"0","right":"0","bottom":"50","left":"0","isLinked":false}},"elements":[],"isInner":false,"widgetType":"heading","elType":"widget"},{"id":"423","elType":"widget","settings":{"form_name":"New Form","form_fields":[{"field_type":"text","field_label":"Name","placeholder":"Name","width":"33","_id":"jdr7jm1","required":"","field_options":"","inline_list":"","width_tablet":"","width_mobile":"","rows":4,"recaptcha_size":"normal","recaptcha_style":"light","css_classes":"","form_fields_tabs":"","form_fields_content_tab":"","form_fields_advanced_tab":"","shortcode":"","field_value":"","file_sizes":"","file_types":"","allow_multiple_upload":"","max_files":"","acceptance_text":"","checked_by_default":"","field_min":"","field_max":"","min_date":"","max_date":"","use_native_date":"","use_native_time":"","allow_multiple":"","select_size":"","field_html":""},{"field_type":"email","required":"true","field_label":"Email","placeholder":"Email","width":"33","_id":"3c53yru","field_options":"","inline_list":"","width_tablet":"","width_mobile":"","rows":4,"recaptcha_size":"normal","recaptcha_style":"light","css_classes":"","form_fields_tabs":"","form_fields_content_tab":"","form_fields_advanced_tab":"","shortcode":"","field_value":"","file_sizes":"","file_types":"","allow_multiple_upload":"","max_files":"","acceptance_text":"","checked_by_default":"","field_min":"","field_max":"","min_date":"","max_date":"","use_native_date":"","use_native_time":"","allow_multiple":"","select_size":"","field_html":""},{"field_type":"number","required":"true","field_label":"Phone","placeholder":"Phone","width":"33","_id":"kzmkdqm","field_options":"","inline_list":"","width_tablet":"","width_mobile":"","rows":4,"recaptcha_size":"normal","recaptcha_style":"light","css_classes":"","form_fields_tabs":"","form_fields_content_tab":"","form_fields_advanced_tab":"","shortcode":"","field_value":"","file_sizes":"","file_types":"","allow_multiple_upload":"","max_files":"","acceptance_text":"","checked_by_default":"","field_min":"","field_max":"","min_date":"","max_date":"","use_native_date":"","use_native_time":"","allow_multiple":"","select_size":"","field_html":""},{"field_type":"textarea","field_label":"Message","placeholder":"Message","width":"100","_id":"dc2gl8g","required":"","field_options":"","inline_list":"","width_tablet":"","width_mobile":"","rows":"8","recaptcha_size":"normal","recaptcha_style":"light","css_classes":"","form_fields_tabs":"","form_fields_content_tab":"","form_fields_advanced_tab":"","shortcode":"","field_value":"","file_sizes":"","file_types":"","allow_multiple_upload":"","max_files":"","acceptance_text":"","checked_by_default":"","field_min":"","field_max":"","min_date":"","max_date":"","use_native_date":"","use_native_time":"","allow_multiple":"","select_size":"","field_html":""}],"show_labels":"","button_text":"Send","email_to":"no-reply@elementor.com","email_subject":"New message from \"Elementor\"","email_from":"email@demo.elementor.com","email_from_name":"Elementor","success_message":"The form was sent successfully!","error_message":"There's something wrong... Please fill in the required fields.","required_field_message":"Required","invalid_message":"There's something wrong... The form is invalid.","field_text_color":"#000000","field_typography_typography":"custom","field_typography_font_family":"Roboto","field_border_width":{"unit":"px","top":"1","right":"1","bottom":"1","left":"1","isLinked":true},"field_border_radius":{"unit":"px","top":"0","right":"0","bottom":"0","left":"0","isLinked":true},"button_text_color":"#ffffff","button_typography_typography":"custom","button_typography_font_family":"Oswald","button_typography_text_transform":"uppercase","button_typography_letter_spacing":{"unit":"px","size":"3"},"button_background_color":"#ffba00","button_border_radius":{"unit":"px","top":"0","right":"0","bottom":"0","left":"0","isLinked":true},"_background_background":"classic","email_content":"[all-fields]","email_to_2":"no-reply@elementor.com","email_subject_2":"New message from \"Elementor\"","email_content_2":"[all-fields]","email_from_2":"email@demo.elementor.com","email_from_name_2":"Elementor","email_reply_to_2":"no-reply@elementor.com","field_typography_font_size_tablet":{"unit":"px","size":"13"},"field_typography_font_size_mobile":{"unit":"px","size":"13"},"button_text_padding":{"unit":"px","top":"20","right":"20","bottom":"20","left":"20","isLinked":true},"button_background_hover_color":"#455b64"},"elements":[],"widgetType":"form"}],"isInner":false,"elType":"column"}],"isInner":false,"elType":"section"},{"id":"4d76","settings":{"layout":"full_width","content_width":{"unit":"px","size":1140},"structure":"20","background_background":"classic","background_position":"center left","background_repeat":"no-repeat","background_overlay_title":"","margin":{"unit":"px","top":"","right":0,"bottom":"","left":0,"isLinked":true},"margin_tablet":{"unit":"px","top":"60","right":0,"bottom":"30","left":0,"isLinked":false},"padding_tablet":{"unit":"px","top":"0","right":"30","bottom":"0","left":"30","isLinked":false},"background_color":"#ffffff","padding":{"unit":"px","top":"100","right":"0","bottom":"100","left":"0","isLinked":false}},"elements":[{"id":"3f7f","settings":{"_column_size":50,"_inline_size":"50.000","background_background":"classic","background_image":{"id":"1056","url":"http:\/\/localhost\/checkupdate\/wp-content\/uploads\/2018\/03\/services1.jpg"},"background_size":"cover","margin_tablet":{"unit":"px","top":"0","right":"0","bottom":"0","left":"0","isLinked":true},"padding_mobile":{"unit":"px","top":"150","right":"0","bottom":"150","left":"0","isLinked":false},"background_position":"bottom center","_inline_size_tablet":30},"elements":[{"id":"489e","settings":[],"elements":[],"isInner":false,"widgetType":"spacer","elType":"widget"}],"isInner":false,"elType":"column"},{"id":"811","settings":{"_column_size":50,"_inline_size":"50.000","background_background":"classic","background_color":"#ebebeb","margin":{"unit":"%","top":"0","right":"45","bottom":"0","left":"0","isLinked":false},"padding":{"unit":"px","top":"60","right":"60","bottom":"60","left":"60","isLinked":false},"margin_tablet":{"unit":"px","top":"0","right":"0","bottom":"0","left":"0","isLinked":false},"padding_tablet":{"unit":"px","top":"40","right":"40","bottom":"30","left":"40","isLinked":false},"padding_mobile":{"unit":"px","top":"40","right":"20","bottom":"30","left":"20","isLinked":false},"_inline_size_tablet":70},"elements":[{"id":"6b4c","settings":{"title":"Paris, FR","size":"large","title_color":"#455b64","typography_typography":"custom","typography_font_size":{"unit":"px","size":"30"},"typography_font_family":"Oswald","typography_font_weight":"900","typography_text_transform":"uppercase","typography_letter_spacing":{"unit":"px","size":"1"},"align_mobile":"center","typography_font_size_tablet":{"unit":"px","size":"25"},"_padding_tablet":{"unit":"px","top":"0","right":"0","bottom":"0","left":"0","isLinked":false},"header_size":"h3"},"elements":[],"isInner":false,"widgetType":"heading","elType":"widget"},{"id":"795","settings":{"weight":{"unit":"px","size":3},"color":"#ffba00","width":{"unit":"%","size":16},"align_mobile":"center"},"elements":[],"isInner":false,"widgetType":"divider","elType":"widget"},{"id":"50aa","settings":{"editor":"3 Rue de Marivaux, 90874 Paris, France","text_color":"#455b64","typography_typography":"custom","typography_font_size":{"unit":"px","size":"16"},"typography_line_height":{"unit":"em","size":"1.8"},"typography_letter_spacing":{"unit":"px","size":"0"},"typography_font_family":"Roboto","typography_font_weight":"300","align_mobile":"center","typography_font_size_tablet":{"unit":"px","size":"14"}},"elements":[],"isInner":false,"widgetType":"text-editor","elType":"widget"},{"id":"549b","settings":{"icon_list":[{"text":"+33 1 42 43 59 76","icon":"fa fa-phone","_id":"oa9585h","link":{"url":"","is_external":"","nofollow":""}},{"text":"+33 1 80 43 59 13","icon":"fa fa-fax","_id":"hk3g3ix","link":{"url":"","is_external":"","nofollow":""}},{"text":"paris@domain.com","icon":"fa fa-envelope","_id":"t4alagg","link":{"url":"","is_external":"","nofollow":""}}],"space_between":{"unit":"px","size":9},"icon_color":"#455b64","icon_size":{"unit":"px","size":15},"text_indent":{"unit":"px","size":19},"text_color":"#455b64","icon_typography_typography":"custom","icon_typography_font_family":"Roboto","icon_typography_font_weight":"300"},"elements":[],"isInner":false,"widgetType":"icon-list","elType":"widget"},{"id":"7038","settings":{"text":"Contact Us","align":"justify","size":"md","typography_typography":"custom","typography_font_family":"Oswald","typography_font_weight":"300","typography_text_transform":"uppercase","typography_letter_spacing":{"unit":"px","size":2},"background_color":"#ffba00","hover_color":"#ffba00","button_background_hover_color":"#455b64","border_radius":{"unit":"px","top":"0","right":"0","bottom":"0","left":"0","isLinked":true},"_margin":{"unit":"px","top":"35","right":"0","bottom":"0","left":"0","isLinked":false}},"elements":[],"isInner":false,"widgetType":"button","elType":"widget"}],"isInner":false,"elType":"column"}],"isInner":false,"elType":"section"},{"id":"66f","settings":{"layout":"full_width","content_width":{"unit":"px","size":1140},"structure":"20","background_background":"none","background_image":{"id":"1056","url":"http:\/\/localhost\/checkupdate\/wp-content\/uploads\/2018\/03\/services1.jpg"},"background_position":"center left","background_repeat":"no-repeat","background_overlay_title":"","margin":{"unit":"px","top":"0","right":0,"bottom":"100","left":0,"isLinked":false},"margin_tablet":{"unit":"px","top":"0","right":0,"bottom":"60","left":0,"isLinked":false},"padding_tablet":{"unit":"px","top":"00","right":"30","bottom":"0","left":"30","isLinked":false},"reverse_order_mobile":"reverse-mobile"},"elements":[{"id":"e50","settings":{"_column_size":50,"_inline_size":"50.000","background_background":"classic","background_color":"#ebebeb","margin":{"unit":"%","top":"0","right":"0","bottom":"0","left":"45","isLinked":false},"padding":{"unit":"px","top":"60","right":"60","bottom":"60","left":"60","isLinked":true},"margin_tablet":{"unit":"px","top":"0","right":"0","bottom":"0","left":"0","isLinked":true},"padding_tablet":{"unit":"px","top":"40","right":"40","bottom":"30","left":"40","isLinked":false},"padding_mobile":{"unit":"px","top":"40","right":"20","bottom":"30","left":"20","isLinked":false},"_inline_size_tablet":70},"elements":[{"id":"1f77","settings":{"title":"London, UK","size":"large","align":"left","title_color":"#455b64","typography_typography":"custom","typography_font_size":{"unit":"px","size":"30"},"typography_font_family":"Oswald","typography_font_weight":"900","typography_text_transform":"uppercase","typography_letter_spacing":{"unit":"px","size":"1"},"header_size":"h3","align_mobile":"center","typography_font_size_tablet":{"unit":"px","size":"25"}},"elements":[],"isInner":false,"widgetType":"heading","elType":"widget"},{"id":"57e4","settings":{"weight":{"unit":"px","size":3},"color":"#ffba00","width":{"unit":"%","size":16},"align_mobile":"center"},"elements":[],"isInner":false,"widgetType":"divider","elType":"widget"},{"id":"144d","settings":{"editor":"133 Knightsbridge, London SW7 1DW, UK","text_color":"#455b64","typography_typography":"custom","typography_font_size":{"unit":"px","size":"16"},"typography_line_height":{"unit":"em","size":"1.8"},"typography_letter_spacing":{"unit":"px","size":"0.11"},"typography_font_family":"Roboto","typography_font_weight":"300","align_mobile":"center","typography_font_size_tablet":{"unit":"px","size":"14"}},"elements":[],"isInner":false,"widgetType":"text-editor","elType":"widget"},{"id":"4b02","settings":{"icon_list":[{"text":"+44 20 6643 2090","icon":"fa fa-phone","_id":"oa9585h","link":{"url":"","is_external":"","nofollow":""}},{"text":"+44 90 6643 3465","icon":"fa fa-fax","_id":"hk3g3ix","link":{"url":"","is_external":"","nofollow":""}},{"text":"london@domain.com","icon":"fa fa-envelope","_id":"t4alagg","link":{"url":"","is_external":"","nofollow":""}}],"space_between":{"unit":"px","size":9},"icon_color":"#455b64","icon_size":{"unit":"px","size":15},"text_indent":{"unit":"px","size":19},"text_color":"#455b64","icon_typography_typography":"custom","icon_typography_font_family":"Roboto","icon_typography_font_weight":"300"},"elements":[],"isInner":false,"widgetType":"icon-list","elType":"widget"},{"id":"3c13","settings":{"text":"Contact Us","align":"justify","size":"md","typography_typography":"custom","typography_font_family":"Oswald","typography_font_weight":"300","typography_text_transform":"uppercase","typography_letter_spacing":{"unit":"px","size":2},"background_color":"#ffba00","hover_color":"#ffba00","button_background_hover_color":"#455b64","border_radius":{"unit":"px","top":"0","right":"0","bottom":"0","left":"0","isLinked":true},"_margin":{"unit":"px","top":"35","right":"0","bottom":"0","left":"0","isLinked":false}},"elements":[],"isInner":false,"widgetType":"button","elType":"widget"}],"isInner":false,"elType":"column"},{"id":"154e","settings":{"_column_size":50,"_inline_size":"50.000","background_background":"classic","background_image":{"id":"1052","url":"http:\/\/localhost\/checkupdate\/wp-content\/uploads\/2018\/03\/services2.jpg"},"background_size":"cover","padding_mobile":{"unit":"px","top":"150","right":"0","bottom":"150","left":"0","isLinked":false},"margin_mobile":{"unit":"px","top":"30","right":"0","bottom":"0","left":"0","isLinked":false},"_inline_size_tablet":30},"elements":[{"id":"2849","settings":[],"elements":[],"isInner":false,"widgetType":"spacer","elType":"widget"}],"isInner":false,"elType":"column"}],"isInner":false,"elType":"section"},{"id":"2b80","settings":{"content_width":{"unit":"px","size":1040},"background_overlay_title":"","padding":{"unit":"px","top":"65","right":"0","bottom":"65","left":"0","isLinked":false},"background_background":"classic","background_color":"#535a77","border_width":{"unit":"px","top":"0","right":"0","bottom":"8","left":"0","isLinked":false},"border_color":"#ffba00","structure":"40"},"elements":[{"id":"385a","settings":{"_column_size":25,"_inline_size":null,"_inline_size_mobile":50},"elements":[{"id":"3f7c","settings":{"icon":"fa fa-suitcase","primary_color":"#ffffff","size":{"unit":"px","size":31}},"elements":[],"isInner":false,"widgetType":"icon","elType":"widget"},{"id":"5","settings":{"starting_number":"","ending_number":9012,"title":"Projects","number_color":"#ffba00","typography_number_typography":"custom","typography_number_font_size_tablet":{"unit":"px","size":39},"typography_number_font_family":"Oswald","typography_number_letter_spacing":{"unit":"px","size":-1},"title_color":"#cddbe2","typography_title_typography":"custom","typography_title_font_family":"Roboto","typography_title_font_weight":"300"},"elements":[],"isInner":false,"widgetType":"counter","elType":"widget"}],"isInner":false,"elType":"column"},{"id":"1781","settings":{"_column_size":25,"_inline_size":null,"_inline_size_mobile":50},"elements":[{"id":"1a8b","settings":{"icon":"fa fa-user","primary_color":"#ffffff","size":{"unit":"px","size":31}},"elements":[],"isInner":false,"widgetType":"icon","elType":"widget"},{"id":"5768","settings":{"starting_number":"","ending_number":75,"title":"Employees","number_color":"#ffba00","typography_number_typography":"custom","typography_number_font_size_tablet":{"unit":"px","size":39},"typography_number_font_family":"Oswald","typography_number_letter_spacing":{"unit":"px","size":-1},"title_color":"#cddbe2","typography_title_typography":"custom","typography_title_font_family":"Roboto","typography_title_font_weight":"300"},"elements":[],"isInner":false,"widgetType":"counter","elType":"widget"}],"isInner":false,"elType":"column"},{"id":"214","settings":{"_column_size":25,"_inline_size":null,"_inline_size_mobile":50},"elements":[{"id":"26","settings":{"icon":"fa fa-flag","primary_color":"#ffffff","size":{"unit":"px","size":31}},"elements":[],"isInner":false,"widgetType":"icon","elType":"widget"},{"id":"5467","settings":{"starting_number":"","ending_number":234,"title":"Countries","number_color":"#ffba00","typography_number_typography":"custom","typography_number_font_size_tablet":{"unit":"px","size":39},"typography_number_font_family":"Oswald","typography_number_letter_spacing":{"unit":"px","size":-1},"title_color":"#cddbe2","typography_title_typography":"custom","typography_title_font_family":"Roboto","typography_title_font_weight":"300"},"elements":[],"isInner":false,"widgetType":"counter","elType":"widget"}],"isInner":false,"elType":"column"},{"id":"5003","settings":{"_column_size":25,"_inline_size":null,"_inline_size_mobile":50},"elements":[{"id":"2abd","settings":{"icon":"fa fa-coffee","primary_color":"#ffffff","size":{"unit":"px","size":31}},"elements":[],"isInner":false,"widgetType":"icon","elType":"widget"},{"id":"78b2","settings":{"starting_number":"","ending_number":2377,"title":"Guests","number_color":"#ffba00","typography_number_typography":"custom","typography_number_font_size_tablet":{"unit":"px","size":39},"typography_number_font_family":"Oswald","typography_number_letter_spacing":{"unit":"px","size":-1},"title_color":"#cddbe2","typography_title_typography":"custom","typography_title_font_family":"Roboto","typography_title_font_weight":"300"},"elements":[],"isInner":false,"widgetType":"counter","elType":"widget"}],"isInner":false,"elType":"column"}],"isInner":false,"elType":"section"},{"id":"695f","settings":{"padding":{"unit":"px","top":"45","right":"0","bottom":"65","left":"0","isLinked":false},"padding_mobile":{"unit":"px","top":"20","right":"0","bottom":"20","left":"0","isLinked":false}},"elements":[{"id":"6dfe","settings":{"_column_size":100},"elements":[{"id":"35b9","settings":{"social_icon_list":[{"social":"fa fa-facebook","_id":"burqz6k","link":{"url":"","is_external":"true","nofollow":""}},{"social":"fa fa-twitter","_id":"71dnpf4","link":{"url":"","is_external":"true","nofollow":""}},{"social":"fa fa-google-plus","_id":"xin8sud","link":{"url":"","is_external":"true","nofollow":""}},{"social":"fa fa-linkedin","link":{"url":"","is_external":"true","nofollow":""},"_id":"xfdzpx8"},{"social":"fa fa-whatsapp","link":{"url":"","is_external":"true","nofollow":""},"_id":"otubn1e"}],"icon_color":"custom","icon_primary_color":"rgba(0,0,0,0)","icon_secondary_color":"#aec4d0","icon_size":{"unit":"px","size":21},"icon_size_mobile":{"unit":"px","size":17},"icon_spacing":{"unit":"px","size":30},"icon_spacing_mobile":{"unit":"px","size":19},"hover_secondary_color":"#535a77"},"elements":[],"isInner":false,"widgetType":"social-icons","elType":"widget"}],"isInner":false,"elType":"column"}],"isInner":false,"elType":"section"}]}