{"version":"0.4","title":"One Page \u2013 Yacht Rental","type":"page","content":[{"id":"5717","settings":{"background_background":"video","background_size":"cover","background_video_link":"https:\/\/www.youtube.com\/watch?v=ynkKL3R0rhc&feature=youtu.be","background_overlay_background":"classic","background_overlay_color":"#4461aa","background_overlay_opacity":{"unit":"px","size":"0.3"},"margin":{"unit":"px","top":"0","right":0,"bottom":"-200","left":0,"isLinked":false},"padding":{"unit":"px","top":"300","right":"0","bottom":"0","left":"0","isLinked":false},"section_custom_css_pro":"","custom_css_pro":"","margin_tablet":{"unit":"px","top":"0","right":0,"bottom":"-300","left":0,"isLinked":false},"margin_mobile":{"unit":"px","top":"0","right":0,"bottom":"0","left":0,"isLinked":true},"padding_tablet":{"unit":"px","top":"250","right":"0","bottom":"100","left":"0","isLinked":false},"padding_mobile":{"unit":"px","top":"120","right":"0","bottom":"0","left":"0","isLinked":false},"background_video_fallback":{"id":417,"url":"http:\/\/localhost\/checkupdate\/wp-content\/uploads\/2018\/03\/3-5-2.png"}},"elements":[{"id":"1f96","settings":{"_column_size":100,"_inline_size":null,"section_custom_css_pro":"","custom_css_pro":""},"elements":[{"id":"7572","settings":{"title":"Live life to the fullest\n","header_size":"h1","align":"center","title_color":"#ffffff","typography_typography":"custom","typography_font_size":{"unit":"px","size":"70"},"typography_font_family":"Cormorant SC","typography_font_weight":"600","typography_text_transform":"uppercase","typography_line_height_tablet":{"unit":"em","size":""},"typography_line_height_mobile":{"unit":"em","size":""},"typography_letter_spacing":{"unit":"px","size":2.1},"section_custom_css_pro":"","custom_css_pro":"","typography_font_size_mobile":{"unit":"px","size":"40"}},"elements":[],"isInner":false,"widgetType":"heading","elType":"widget"},{"id":"6dc3","settings":{"title":"Enjoy. Explore. Discover. \n","align":"center","title_color":"#ffffff","typography_typography":"custom","typography_font_size":{"unit":"px","size":"40"},"typography_font_family":"Cormorant SC","typography_font_weight":"600","typography_text_transform":"uppercase","typography_line_height_tablet":{"unit":"em","size":""},"typography_line_height_mobile":{"unit":"em","size":""},"typography_letter_spacing":{"unit":"px","size":2.4},"section_custom_css_pro":"","custom_css_pro":"","typography_font_size_tablet":{"unit":"px","size":"28"},"typography_font_size_mobile":{"unit":"px","size":"14"}},"elements":[],"isInner":false,"widgetType":"heading","elType":"widget"},{"id":"4eb1","settings":{"content_width":{"unit":"px","size":"1050"},"gap":"no","structure":"30","margin":{"unit":"px","top":"250","right":0,"bottom":"0","left":0,"isLinked":false},"section_custom_css_pro":"","custom_css_pro":"","margin_tablet":{"unit":"px","top":"200","right":0,"bottom":"0","left":0,"isLinked":false},"margin_mobile":{"unit":"px","top":"100","right":0,"bottom":"-770","left":0,"isLinked":false},"padding_tablet":{"unit":"px","top":"0","right":"10","bottom":"0","left":"10","isLinked":false},"padding_mobile":{"unit":"px","top":"20","right":"20","bottom":"20","left":"20","isLinked":true},"z_index":1},"elements":[{"id":"76be","settings":{"_column_size":33,"_inline_size":null,"section_custom_css_pro":"","custom_css_pro":"","margin_tablet":{"unit":"px","top":"0","right":"0","bottom":"0","left":"0","isLinked":true},"padding_tablet":{"unit":"px","top":"0","right":"0","bottom":"0","left":"0","isLinked":true}},"elements":[{"id":"5640","settings":{"editor":"<p>Lorem ipsum dolor sit amet, consectetur adipiscing elit. Donec sed dui egestas, porttitor massa eu ullamcorper\u00a0<\/p>","align":"center","text_color":"#374956","typography_typography":"custom","typography_font_size":{"unit":"px","size":"15"},"typography_line_height_tablet":{"unit":"em","size":""},"typography_line_height_mobile":{"unit":"em","size":""},"_padding":{"unit":"px","top":"60","right":"60","bottom":"60","left":"60","isLinked":true},"_background_background":"classic","_background_color":"#ffffff","_border_width":{"unit":"px","top":"0","right":"0","bottom":"0","left":"0","isLinked":false},"_border_color":"#e3ecef","section_custom_css_pro":"","custom_css_pro":"","typography_line_height":{"unit":"em","size":"1.8"},"_padding_tablet":{"unit":"px","top":"30","right":"30","bottom":"50","left":"30","isLinked":false},"typography_font_size_tablet":{"unit":"px","size":"15"}},"elements":[],"isInner":false,"widgetType":"text-editor","elType":"widget"},{"id":"6979","settings":{"view":"stacked","icon":"fa fa-flag","align_tablet":"center","align_mobile":"center","primary_color":"#f8b449","size":{"unit":"px","size":"30"},"icon_padding":{"unit":"px","size":34},"_margin":{"unit":"px","top":"-65","right":"0","bottom":"0","left":"0","isLinked":false},"section_custom_css_pro":"","custom_css_pro":"","hover_primary_color":"#f8b449","hover_secondary_color":"#09183d"},"elements":[],"isInner":false,"widgetType":"icon","elType":"widget"}],"isInner":true,"elType":"column"},{"id":"2435","settings":{"_column_size":33,"_inline_size":null,"section_custom_css_pro":"","custom_css_pro":"","padding_mobile":{"unit":"px","top":"30","right":"0","bottom":"30","left":"0","isLinked":false}},"elements":[{"id":"231f","settings":{"editor":"<p>Donec sed dui egestas, porttitor massa eu, ullamcorper ipsum. Sed mattis dolor neque, at volutpat nulla bibendum\u00a0<\/p>","align":"center","text_color":"#374956","typography_typography":"custom","typography_font_size":{"unit":"px","size":"15"},"typography_line_height_tablet":{"unit":"em","size":""},"typography_line_height_mobile":{"unit":"em","size":""},"_padding":{"unit":"px","top":"60","right":"60","bottom":"60","left":"60","isLinked":true},"_background_background":"classic","_background_color":"#ffffff","_border_border":"solid","_border_width":{"unit":"px","top":"0","right":"2","bottom":"0","left":"2","isLinked":false},"_border_color":"#e3ecef","section_custom_css_pro":"","custom_css_pro":"","typography_line_height":{"unit":"em","size":"1.8"},"_padding_tablet":{"unit":"px","top":"30","right":"30","bottom":"50","left":"30","isLinked":false}},"elements":[],"isInner":false,"widgetType":"text-editor","elType":"widget"},{"id":"166c","settings":{"view":"stacked","icon":"fa fa-life-bouy","align_tablet":"center","align_mobile":"center","primary_color":"#f8b449","size":{"unit":"px","size":"30"},"icon_padding":{"unit":"px","size":34},"_margin":{"unit":"px","top":"-65","right":"0","bottom":"0","left":"0","isLinked":false},"section_custom_css_pro":"","custom_css_pro":"","hover_primary_color":"#f8b449","hover_secondary_color":"#09183d"},"elements":[],"isInner":false,"widgetType":"icon","elType":"widget"}],"isInner":true,"elType":"column"},{"id":"2d58","settings":{"_column_size":33,"_inline_size":null,"section_custom_css_pro":"","custom_css_pro":""},"elements":[{"id":"40ca","settings":{"editor":"<p>Sed mattis dolor neque, at volutpat nulla bibendum ut. Ut lacus augue, convallis sit amet enim eget, vehicula fermentum<\/p>","align":"center","text_color":"#374956","typography_typography":"custom","typography_font_size":{"unit":"px","size":"15"},"typography_line_height_tablet":{"unit":"em","size":""},"typography_line_height_mobile":{"unit":"em","size":""},"_padding":{"unit":"px","top":"60","right":"60","bottom":"60","left":"60","isLinked":true},"_background_background":"classic","_background_color":"#ffffff","section_custom_css_pro":"","custom_css_pro":"","typography_line_height":{"unit":"em","size":"1.8"},"_padding_tablet":{"unit":"px","top":"30","right":"30","bottom":"50","left":"30","isLinked":false}},"elements":[],"isInner":false,"widgetType":"text-editor","elType":"widget"},{"id":"523b","settings":{"view":"stacked","icon":"fa fa-map-o","align_tablet":"center","align_mobile":"center","primary_color":"#f8b449","size":{"unit":"px","size":"30"},"icon_padding":{"unit":"px","size":34},"_margin":{"unit":"px","top":"-65","right":"0","bottom":"0","left":"0","isLinked":false},"section_custom_css_pro":"","custom_css_pro":"","hover_primary_color":"#f8b449","hover_secondary_color":"#09183d"},"elements":[],"isInner":false,"widgetType":"icon","elType":"widget"}],"isInner":true,"elType":"column"}],"isInner":true,"elType":"section"}],"isInner":false,"elType":"column"}],"isInner":false,"elType":"section"},{"id":"24ed","settings":{"content_width":{"unit":"px","size":"1050"},"background_background":"classic","background_color":"#e2f0fd","margin":{"unit":"px","top":"0","right":0,"bottom":"0","left":0,"isLinked":false},"padding":{"unit":"px","top":"150","right":"0","bottom":"150","left":"0","isLinked":false},"section_custom_css_pro":"","custom_css_pro":"","padding_tablet":{"unit":"px","top":"150","right":"0","bottom":"150","left":"0","isLinked":false},"padding_mobile":{"unit":"px","top":"400","right":"0","bottom":"400","left":"0","isLinked":false}},"elements":[{"id":"4704","settings":{"_column_size":100,"_inline_size":null},"elements":[],"isInner":false,"elType":"column"}],"isInner":false,"elType":"section"},{"id":"4a5","settings":{"layout":"full_width","gap":"no","content_position":"bottom","structure":"20","section_custom_css_pro":"","custom_css_pro":"","padding_tablet":{"unit":"px","top":"0","right":"0","bottom":"0","left":"0","isLinked":true}},"elements":[{"id":"4db3","settings":{"_column_size":50,"_inline_size":"55.459","background_background":"classic","section_custom_css_pro":"","custom_css_pro":""},"elements":[{"id":"1f22","settings":{"image":{"id":418,"url":"http:\/\/localhost\/checkupdate\/wp-content\/uploads\/2018\/03\/2-5.png"},"align_tablet":"center","align_mobile":"center","space":{"unit":"%","size":"100"},"caption_typography_line_height_tablet":{"unit":"em","size":""},"caption_typography_line_height_mobile":{"unit":"em","size":""},"_margin":{"unit":"px","top":"150","right":"0","bottom":"150","left":"0","isLinked":false},"section_custom_css_pro":"","custom_css_pro":"","_margin_tablet":{"unit":"px","top":"80","right":"0","bottom":"80","left":"0","isLinked":false},"_margin_mobile":{"unit":"px","top":"0","right":"0","bottom":"0","left":"0","isLinked":true},"_padding_mobile":{"unit":"px","top":"0","right":"0","bottom":"0","left":"0","isLinked":true}},"elements":[],"isInner":false,"widgetType":"image","elType":"widget"}],"isInner":false,"elType":"column"},{"id":"729c","settings":{"_column_size":50,"_inline_size":"44.541","padding":{"unit":"%","top":"0","right":"15","bottom":"0","left":"15","isLinked":false},"section_custom_css_pro":"","custom_css_pro":"","content_position":"center","padding_tablet":{"unit":"px","top":"40","right":"30","bottom":"40","left":"40","isLinked":false},"border_radius":{"unit":"px","top":"0","right":"0","bottom":"0","left":"0","isLinked":true},"padding_mobile":{"unit":"px","top":"60","right":"30","bottom":"60","left":"30","isLinked":false}},"elements":[{"id":"4f70","settings":{"title":"About us","title_color":"#09183d","typography_typography":"custom","typography_font_size":{"unit":"px","size":"50"},"typography_font_family":"Cormorant","typography_text_transform":"uppercase","typography_line_height_tablet":{"unit":"em","size":""},"typography_line_height_mobile":{"unit":"em","size":""},"typography_letter_spacing":{"unit":"px","size":1.5},"section_custom_css_pro":"","custom_css_pro":"","typography_font_size_tablet":{"unit":"px","size":"35"},"align_mobile":"center","typography_font_size_mobile":{"unit":"px","size":"30"},"header_size":"h3"},"elements":[],"isInner":false,"widgetType":"heading","elType":"widget"},{"id":"22e9","settings":{"editor":"<p>Sed vehicula quam felis, at tempor ex cursus et. Integer et orci at est vestibulum mattis in eu leo. Nulla ut ornare eget accumsan enim massa nec odio. Mauris at felis vitae enim suscipit.<\/p>","text_color":"#374956","typography_typography":"custom","typography_font_size":{"unit":"px","size":"15"},"typography_line_height_tablet":{"unit":"em","size":""},"typography_line_height_mobile":{"unit":"em","size":""},"_padding":{"unit":"px","top":"10","right":"0","bottom":"0","left":"0","isLinked":false},"section_custom_css_pro":"","custom_css_pro":"","_padding_tablet":{"unit":"px","top":"0","right":"0","bottom":"0","left":"0","isLinked":true},"align_mobile":"center"},"elements":[],"isInner":false,"widgetType":"text-editor","elType":"widget"},{"id":"b6e","settings":{"editor":"<p>Lorem ipsum dolor sit amet, consectetur adipiscing elit. Donec sed dui egestas, porttitor massa eu, ullamcorper ipsum. Sed mattis dolor neque, at volutpat nulla bibendum ut. Ut lacus augue, convallis sit amet enim eget, vehicula fermentum enim.\u00a0Sed vehicula quam felis, at tempor ex cursus et. Integer et orci at est vestibulum mattis in eu leo. Nulla ut ornare orci.\u00a0<\/p>","text_color":"#374956","typography_typography":"custom","typography_font_size":{"unit":"px","size":"15"},"typography_line_height_tablet":{"unit":"em","size":""},"typography_line_height_mobile":{"unit":"em","size":""},"_padding":{"unit":"px","top":"0","right":"0","bottom":"10","left":"0","isLinked":false},"section_custom_css_pro":"","custom_css_pro":"","hide_tablet":"hidden-tablet","align_mobile":"center"},"elements":[],"isInner":false,"widgetType":"text-editor","elType":"widget"},{"id":"120f","settings":{"text":"read more","button_text_color":"#09183d","typography_typography":"custom","typography_font_size":{"unit":"px","size":"15"},"typography_font_weight":"bold","typography_text_transform":"uppercase","typography_line_height_tablet":{"unit":"em","size":""},"typography_line_height_mobile":{"unit":"em","size":""},"typography_letter_spacing":{"unit":"px","size":3.1},"background_color":"rgba(0,0,0,0)","border_border":"solid","border_radius":{"unit":"px","top":"0","right":"0","bottom":"0","left":"0","isLinked":true},"section_hover":"","section_custom_css_pro":"","custom_css_pro":"","typography_font_size_tablet":{"unit":"px","size":"14"},"align_mobile":"justify","hover_color":"#f8b449","button_hover_border_color":"#f8b449","border_width":{"unit":"px","top":"3","right":"3","bottom":"3","left":"3","isLinked":true},"border_color":"#09183d"},"elements":[],"isInner":false,"widgetType":"button","elType":"widget"}],"isInner":false,"elType":"column"}],"isInner":false,"elType":"section"},{"id":"14d2","settings":{"layout":"full_width","gap":"no","content_position":"bottom","structure":"20","background_background":"classic","background_color":"#e2f0fd","section_custom_css_pro":"","custom_css_pro":"","padding_mobile":{"unit":"px","top":"30","right":"30","bottom":"0","left":"30","isLinked":false}},"elements":[{"id":"3407","settings":{"_column_size":50,"_inline_size":"55.649","padding":{"unit":"%","top":"0","right":"20","bottom":"0","left":"20","isLinked":false},"section_custom_css_pro":"","custom_css_pro":"","margin":{"unit":"px","top":"80","right":"0","bottom":"80","left":"0","isLinked":false},"margin_tablet":{"unit":"px","top":"20","right":"0","bottom":"20","left":"0","isLinked":false},"padding_tablet":{"unit":"px","top":"40","right":"40","bottom":"40","left":"40","isLinked":true},"padding_mobile":{"unit":"px","top":"0","right":"0","bottom":"0","left":"0","isLinked":true}},"elements":[{"id":"707a","settings":{"title":"Robert oliver","align":"center","title_color":"#09183d","typography_typography":"custom","typography_font_size":{"unit":"px","size":"50"},"typography_font_family":"Cormorant SC","typography_text_transform":"uppercase","typography_line_height_tablet":{"unit":"em","size":""},"typography_line_height_mobile":{"unit":"em","size":""},"typography_letter_spacing":{"unit":"px","size":1.5},"section_custom_css_pro":"","custom_css_pro":"","typography_font_size_tablet":{"unit":"px","size":"35"},"align_mobile":"center","typography_font_size_mobile":{"unit":"px","size":"30"}},"elements":[],"isInner":false,"widgetType":"heading","elType":"widget"},{"id":"402b","settings":{"title":"Co-Founder and CEO","header_size":"h5","align":"center","title_color":"#f8b449","typography_typography":"custom","typography_font_size":{"unit":"px","size":"30"},"typography_font_family":"Poppins","typography_font_weight":"600","typography_font_size_mobile":{"unit":"px","size":"20"}},"elements":[],"isInner":false,"widgetType":"heading","elType":"widget"},{"id":"1c88","settings":{"editor":"<p>Mauris at felis vitae enim suscipit vestibulum. In congue, nisl quis cursus tincidunt, libero sapien finibus sapien, vel tempor magna mi quis sem.<\/p>","align":"center","text_color":"#374956","typography_typography":"custom","typography_font_size":{"unit":"px","size":"15"},"typography_line_height_tablet":{"unit":"em","size":""},"typography_line_height_mobile":{"unit":"em","size":""},"_padding":{"unit":"px","top":"20","right":"0","bottom":"0","left":"0","isLinked":false},"section_custom_css_pro":"","custom_css_pro":"","_padding_tablet":{"unit":"px","top":"10","right":"0","bottom":"10","left":"0","isLinked":false},"_padding_mobile":{"unit":"px","top":"0","right":"0","bottom":"0","left":"0","isLinked":true},"hide_tablet":"hidden-tablet"},"elements":[],"isInner":false,"widgetType":"text-editor","elType":"widget"},{"id":"4621","settings":{"editor":"<p>Sed vehicula quam felis, at tempor ex cursus et mattis in eu leo. Nulla ut ornare orci. Aenean commodo, eros non dignissim lacinia, justo dolor ullamcorper lorem, eget accumsan enim massa nec odio. Mauris at felis vitae enim suscipit vestibulum. In congue, nisl quis cursus tincidunt, libero sapien finibus sapien, vel tempor magna mi quis sem.<\/p>","align":"center","text_color":"#374956","typography_typography":"custom","typography_font_size":{"unit":"px","size":"15"},"typography_line_height_tablet":{"unit":"em","size":""},"typography_line_height_mobile":{"unit":"em","size":""},"_padding":{"unit":"px","top":"0","right":"0","bottom":"20","left":"0","isLinked":false},"section_custom_css_pro":"","custom_css_pro":"","_padding_tablet":{"unit":"px","top":"10","right":"0","bottom":"10","left":"0","isLinked":false}},"elements":[],"isInner":false,"widgetType":"text-editor","elType":"widget"},{"id":"1a46","settings":{"title":"Robert oliver","header_size":"h5","align":"center","title_color":"#09183d","typography_typography":"custom","typography_font_size":{"unit":"px","size":"50"},"typography_font_family":"Sacramento","typography_font_weight":"100","typography_text_transform":"capitalize","typography_line_height_tablet":{"unit":"em","size":""},"typography_line_height_mobile":{"unit":"em","size":""},"typography_letter_spacing":{"unit":"px","size":1.5},"section_custom_css_pro":"","custom_css_pro":"","typography_font_size_tablet":{"unit":"px","size":"35"}},"elements":[],"isInner":false,"widgetType":"heading","elType":"widget"}],"isInner":false,"elType":"column"},{"id":"235d","settings":{"_column_size":50,"_inline_size":"44.352","section_custom_css_pro":"","custom_css_pro":"","margin_mobile":{"unit":"px","top":"0","right":"0","bottom":"0","left":"0","isLinked":true},"padding_mobile":{"unit":"px","top":"30","right":"0","bottom":"0","left":"0","isLinked":false}},"elements":[{"id":"7934","settings":{"image":{"id":421,"url":"http:\/\/localhost\/checkupdate\/wp-content\/uploads\/2018\/03\/1-5.png"},"align_tablet":"center","align_mobile":"center","caption_typography_line_height_tablet":{"unit":"em","size":""},"caption_typography_line_height_mobile":{"unit":"em","size":""},"_margin":{"unit":"px","top":"-200","right":"50","bottom":"0","left":"-100","isLinked":false},"section_custom_css_pro":"","custom_css_pro":"","_margin_tablet":{"unit":"px","top":"0","right":"0","bottom":"0","left":"0","isLinked":false},"_margin_mobile":{"unit":"px","top":"0","right":"0","bottom":"0","left":"0","isLinked":true},"_padding_mobile":{"unit":"px","top":"0","right":"0","bottom":"0","left":"0","isLinked":true}},"elements":[],"isInner":false,"widgetType":"image","elType":"widget"}],"isInner":false,"elType":"column"}],"isInner":false,"elType":"section"},{"id":"1859","settings":{"background_background":"classic","background_color":"#f8b449","padding":{"unit":"px","top":"30","right":"0","bottom":"30","left":"0","isLinked":false},"section_custom_css_pro":"","custom_css_pro":""},"elements":[{"id":"74a0","settings":{"_column_size":100,"_inline_size":null,"background_background":"classic","section_custom_css_pro":"","custom_css_pro":""},"elements":[{"id":"9a3","settings":{"title":"best charter destinations","align":"center","title_color":"#09183d","typography_typography":"custom","typography_font_size":{"unit":"px","size":"50"},"typography_font_family":"Cormorant SC","typography_text_transform":"uppercase","typography_line_height_tablet":{"unit":"em","size":""},"typography_line_height_mobile":{"unit":"em","size":""},"typography_letter_spacing":{"unit":"px","size":1.5},"_margin":{"unit":"%","top":"0","right":"5","bottom":"0","left":"5","isLinked":false},"_padding":{"unit":"px","top":"50","right":"0","bottom":"50","left":"0","isLinked":false},"_background_background":"classic","section_custom_css_pro":"","custom_css_pro":"","typography_font_size_tablet":{"unit":"px","size":"35"},"_padding_tablet":{"unit":"px","top":"30","right":"30","bottom":"30","left":"30","isLinked":true},"typography_font_size_mobile":{"unit":"px","size":"30"},"_padding_mobile":{"unit":"px","top":"0","right":"0","bottom":"0","left":"0","isLinked":true}},"elements":[],"isInner":false,"widgetType":"heading","elType":"widget"}],"isInner":false,"elType":"column"}],"isInner":false,"elType":"section"},{"id":"5682","settings":{"structure":"20","background_background":"classic","background_color":"#f8b449","padding_tablet":{"unit":"px","top":"0","right":"20","bottom":"0","left":"20","isLinked":false}},"elements":[{"id":"a1b","settings":{"_column_size":50,"_inline_size":null,"background_background":"classic","background_image":{"id":422,"url":"http:\/\/localhost\/checkupdate\/wp-content\/uploads\/2018\/03\/12-2.png"},"margin":{"unit":"px","top":"0","right":"20","bottom":"0","left":"0","isLinked":false},"margin_mobile":{"unit":"px","top":"0","right":"0","bottom":"0","left":"0","isLinked":true},"padding_mobile":{"unit":"px","top":"0","right":"0","bottom":"0","left":"0","isLinked":true}},"elements":[{"id":"6c2a","settings":[],"elements":[{"id":"6115","settings":{"_column_size":100,"_inline_size":null,"background_background":"classic","background_color":"rgba(9,24,61,0.57)","margin":{"unit":"px","top":"60","right":"60","bottom":"60","left":"60","isLinked":true},"padding":{"unit":"px","top":"50","right":"50","bottom":"50","left":"50","isLinked":true},"margin_tablet":{"unit":"px","top":"30","right":"30","bottom":"30","left":"30","isLinked":true},"padding_tablet":{"unit":"px","top":"25","right":"25","bottom":"25","left":"25","isLinked":true},"margin_mobile":{"unit":"px","top":"20","right":"20","bottom":"20","left":"20","isLinked":true}},"elements":[{"id":"2c1e","settings":{"title":"Caribbean","align":"center","title_color":"#ffffff","typography_typography":"custom","typography_font_size":{"unit":"px","size":"28"},"typography_font_family":"Open Sans","typography_font_weight":"600","typography_text_transform":"capitalize","typography_line_height_tablet":{"unit":"em","size":""},"typography_line_height_mobile":{"unit":"em","size":""},"typography_letter_spacing":{"unit":"px","size":1},"section_custom_css_pro":"","custom_css_pro":"","header_size":"h4"},"elements":[],"isInner":false,"widgetType":"heading","elType":"widget"},{"id":"1cff","settings":{"editor":"<p>Sed vehicula quam felis, at tempor ex cursus et mattis in eu leo. Nulla ut ornare orci. Aenean commodo, eros non dignissim lacinia.<\/p>","align":"center","text_color":"#ffffff","typography_typography":"custom","typography_font_size":{"unit":"px","size":"15"},"typography_line_height_tablet":{"unit":"em","size":""},"typography_line_height_mobile":{"unit":"em","size":""},"section_custom_css_pro":"","custom_css_pro":""},"elements":[],"isInner":false,"widgetType":"text-editor","elType":"widget"},{"id":"3acc","settings":{"text":"read more","align":"center","button_text_color":"#f8b449","typography_typography":"custom","typography_font_size":{"unit":"px","size":"15"},"typography_font_weight":"bold","typography_text_transform":"uppercase","typography_line_height_tablet":{"unit":"em","size":""},"typography_line_height_mobile":{"unit":"em","size":""},"typography_letter_spacing":{"unit":"px","size":3.1},"background_color":"rgba(0,0,0,0)","border_border":"solid","border_radius":{"unit":"px","top":"0","right":"0","bottom":"0","left":"0","isLinked":true},"section_hover":"","section_custom_css_pro":"","custom_css_pro":""},"elements":[],"isInner":false,"widgetType":"button","elType":"widget"}],"isInner":true,"elType":"column"}],"isInner":true,"elType":"section"}],"isInner":false,"elType":"column"},{"id":"1dcd","settings":{"_column_size":50,"_inline_size":null,"background_background":"classic","background_image":{"id":423,"url":"http:\/\/localhost\/checkupdate\/wp-content\/uploads\/2018\/03\/11-3.png"},"margin":{"unit":"px","top":"0","right":"0","bottom":"0","left":"20","isLinked":false},"margin_mobile":{"unit":"px","top":"20","right":"0","bottom":"0","left":"0","isLinked":false},"padding_mobile":{"unit":"px","top":"0","right":"0","bottom":"0","left":"0","isLinked":false}},"elements":[{"id":"1764","settings":[],"elements":[{"id":"2cf7","settings":{"_column_size":100,"_inline_size":null,"background_background":"classic","background_color":"rgba(9,24,61,0.57)","margin":{"unit":"px","top":"60","right":"60","bottom":"60","left":"60","isLinked":true},"padding":{"unit":"px","top":"50","right":"50","bottom":"50","left":"50","isLinked":true},"margin_tablet":{"unit":"px","top":"30","right":"30","bottom":"30","left":"30","isLinked":true},"padding_tablet":{"unit":"px","top":"25","right":"25","bottom":"25","left":"25","isLinked":true},"margin_mobile":{"unit":"px","top":"20","right":"20","bottom":"20","left":"20","isLinked":true}},"elements":[{"id":"37b8","settings":{"title":"South America","align":"center","title_color":"#ffffff","typography_typography":"custom","typography_font_size":{"unit":"px","size":"28"},"typography_font_family":"Open Sans","typography_font_weight":"600","typography_text_transform":"capitalize","typography_line_height_tablet":{"unit":"em","size":""},"typography_line_height_mobile":{"unit":"em","size":""},"typography_letter_spacing":{"unit":"px","size":1},"section_custom_css_pro":"","custom_css_pro":"","header_size":"h4"},"elements":[],"isInner":false,"widgetType":"heading","elType":"widget"},{"id":"7991","settings":{"editor":"<p>Aenean dignissim et nibh et ullamcorper. Pellentesque ac purus tincidunt, scelerisque leo et, cursus sem. In sagittis nec nisl.\u00a0<\/p>","align":"center","text_color":"#ffffff","typography_typography":"custom","typography_font_size":{"unit":"px","size":"15"},"typography_line_height_tablet":{"unit":"em","size":""},"typography_line_height_mobile":{"unit":"em","size":""},"section_custom_css_pro":"","custom_css_pro":""},"elements":[],"isInner":false,"widgetType":"text-editor","elType":"widget"},{"id":"20f6","settings":{"text":"read more","align":"center","button_text_color":"#f8b449","typography_typography":"custom","typography_font_size":{"unit":"px","size":"15"},"typography_font_weight":"bold","typography_text_transform":"uppercase","typography_line_height_tablet":{"unit":"em","size":""},"typography_line_height_mobile":{"unit":"em","size":""},"typography_letter_spacing":{"unit":"px","size":3.1},"background_color":"rgba(0,0,0,0)","border_border":"solid","border_radius":{"unit":"px","top":"0","right":"0","bottom":"0","left":"0","isLinked":true},"section_hover":"","section_custom_css_pro":"","custom_css_pro":""},"elements":[],"isInner":false,"widgetType":"button","elType":"widget"}],"isInner":true,"elType":"column"}],"isInner":true,"elType":"section"}],"isInner":false,"elType":"column"}],"isInner":false,"elType":"section"},{"id":"41e7","settings":{"structure":"20","background_background":"classic","background_color":"#f8b449","padding":{"unit":"px","top":"40","right":"0","bottom":"0","left":"0","isLinked":false},"padding_tablet":{"unit":"px","top":"40","right":"20","bottom":"40","left":"20","isLinked":false},"padding_mobile":{"unit":"px","top":"20","right":"20","bottom":"20","left":"20","isLinked":true}},"elements":[{"id":"6efc","settings":{"_column_size":50,"_inline_size":null,"background_background":"classic","background_image":{"id":424,"url":"http:\/\/localhost\/checkupdate\/wp-content\/uploads\/2018\/03\/14-2.png"},"margin":{"unit":"px","top":"0","right":"20","bottom":"0","left":"0","isLinked":false},"margin_mobile":{"unit":"px","top":"0","right":"0","bottom":"0","left":"0","isLinked":true},"padding_mobile":{"unit":"px","top":"0","right":"0","bottom":"0","left":"0","isLinked":true}},"elements":[{"id":"43ef","settings":[],"elements":[{"id":"58ce","settings":{"_column_size":100,"_inline_size":null,"background_background":"classic","background_color":"rgba(9,24,61,0.57)","margin":{"unit":"px","top":"60","right":"60","bottom":"60","left":"60","isLinked":true},"padding":{"unit":"px","top":"50","right":"50","bottom":"50","left":"50","isLinked":true},"margin_tablet":{"unit":"px","top":"30","right":"30","bottom":"30","left":"30","isLinked":true},"padding_tablet":{"unit":"px","top":"25","right":"25","bottom":"25","left":"25","isLinked":true},"margin_mobile":{"unit":"px","top":"20","right":"20","bottom":"20","left":"20","isLinked":true}},"elements":[{"id":"2193","settings":{"title":"Mediterranean","align":"center","title_color":"#ffffff","typography_typography":"custom","typography_font_size":{"unit":"px","size":"28"},"typography_font_family":"Open Sans","typography_font_weight":"600","typography_text_transform":"capitalize","typography_line_height_tablet":{"unit":"em","size":""},"typography_line_height_mobile":{"unit":"em","size":""},"typography_letter_spacing":{"unit":"px","size":1},"section_custom_css_pro":"","custom_css_pro":"","header_size":"h4"},"elements":[],"isInner":false,"widgetType":"heading","elType":"widget"},{"id":"45d0","settings":{"editor":"<p>Lorem ipsum dolor sit amet, consectetur adipiscing elit. Donec sed dui egestas, porttitor massa eu, ullamcorper ipsum. Sed mattis dolor neque.<\/p>","align":"center","text_color":"#ffffff","typography_typography":"custom","typography_font_size":{"unit":"px","size":"15"},"typography_line_height_tablet":{"unit":"em","size":""},"typography_line_height_mobile":{"unit":"em","size":""},"section_custom_css_pro":"","custom_css_pro":""},"elements":[],"isInner":false,"widgetType":"text-editor","elType":"widget"},{"id":"49c9","settings":{"text":"read more","align":"center","button_text_color":"#f8b449","typography_typography":"custom","typography_font_size":{"unit":"px","size":"15"},"typography_font_weight":"bold","typography_text_transform":"uppercase","typography_line_height_tablet":{"unit":"em","size":""},"typography_line_height_mobile":{"unit":"em","size":""},"typography_letter_spacing":{"unit":"px","size":3.1},"background_color":"rgba(0,0,0,0)","border_border":"solid","border_radius":{"unit":"px","top":"0","right":"0","bottom":"0","left":"0","isLinked":true},"section_hover":"","section_custom_css_pro":"","custom_css_pro":""},"elements":[],"isInner":false,"widgetType":"button","elType":"widget"}],"isInner":true,"elType":"column"}],"isInner":true,"elType":"section"}],"isInner":false,"elType":"column"},{"id":"33a6","settings":{"_column_size":50,"_inline_size":null,"background_background":"classic","background_image":{"id":425,"url":"http:\/\/localhost\/checkupdate\/wp-content\/uploads\/2018\/03\/13-3.png"},"margin":{"unit":"px","top":"0","right":"0","bottom":"0","left":"20","isLinked":false},"margin_mobile":{"unit":"px","top":"20","right":"0","bottom":"0","left":"0","isLinked":false},"padding_mobile":{"unit":"px","top":"0","right":"0","bottom":"0","left":"0","isLinked":false}},"elements":[{"id":"6901","settings":[],"elements":[{"id":"7ee8","settings":{"_column_size":100,"_inline_size":null,"background_background":"classic","background_color":"rgba(9,24,61,0.57)","margin":{"unit":"px","top":"60","right":"60","bottom":"60","left":"60","isLinked":true},"padding":{"unit":"px","top":"50","right":"50","bottom":"50","left":"50","isLinked":true},"margin_tablet":{"unit":"px","top":"30","right":"30","bottom":"30","left":"30","isLinked":true},"padding_tablet":{"unit":"px","top":"25","right":"25","bottom":"25","left":"25","isLinked":true},"margin_mobile":{"unit":"px","top":"20","right":"20","bottom":"20","left":"20","isLinked":true}},"elements":[{"id":"3985","settings":{"title":"Indian Ocean","align":"center","title_color":"#ffffff","typography_typography":"custom","typography_font_size":{"unit":"px","size":"28"},"typography_font_family":"Open Sans","typography_font_weight":"600","typography_text_transform":"capitalize","typography_line_height_tablet":{"unit":"em","size":""},"typography_line_height_mobile":{"unit":"em","size":""},"typography_letter_spacing":{"unit":"px","size":1},"section_custom_css_pro":"","custom_css_pro":""},"elements":[],"isInner":false,"widgetType":"heading","elType":"widget"},{"id":"33da","settings":{"editor":"<p>Sed vehicula quam felis, at tempor ex cursus et mattis in eu leo. Nulla ut ornare orci. Aenean commodo, eros non dignissim laciniaex cursus.<\/p>","align":"center","text_color":"#ffffff","typography_typography":"custom","typography_font_size":{"unit":"px","size":"15"},"typography_line_height_tablet":{"unit":"em","size":""},"typography_line_height_mobile":{"unit":"em","size":""},"section_custom_css_pro":"","custom_css_pro":""},"elements":[],"isInner":false,"widgetType":"text-editor","elType":"widget"},{"id":"300b","settings":{"text":"read more","align":"center","button_text_color":"#f8b449","typography_typography":"custom","typography_font_size":{"unit":"px","size":"15"},"typography_font_weight":"bold","typography_text_transform":"uppercase","typography_line_height_tablet":{"unit":"em","size":""},"typography_line_height_mobile":{"unit":"em","size":""},"typography_letter_spacing":{"unit":"px","size":3.1},"background_color":"rgba(0,0,0,0)","border_border":"solid","border_radius":{"unit":"px","top":"0","right":"0","bottom":"0","left":"0","isLinked":true},"section_hover":"","section_custom_css_pro":"","custom_css_pro":""},"elements":[],"isInner":false,"widgetType":"button","elType":"widget"}],"isInner":true,"elType":"column"}],"isInner":true,"elType":"section"}],"isInner":false,"elType":"column"}],"isInner":false,"elType":"section"},{"id":"7218","settings":{"structure":"20","background_background":"classic","background_color":"#f8b449","padding":{"unit":"px","top":"40","right":"0","bottom":"120","left":"0","isLinked":false},"padding_tablet":{"unit":"px","top":"0","right":"20","bottom":"94","left":"20","isLinked":false}},"elements":[{"id":"3739","settings":{"_column_size":50,"_inline_size":null,"background_background":"classic","background_image":{"id":426,"url":"http:\/\/localhost\/checkupdate\/wp-content\/uploads\/2018\/03\/16-2.png"},"margin":{"unit":"px","top":"0","right":"20","bottom":"0","left":"0","isLinked":false},"margin_mobile":{"unit":"px","top":"0","right":"0","bottom":"0","left":"0","isLinked":true},"padding_mobile":{"unit":"px","top":"0","right":"0","bottom":"0","left":"0","isLinked":true}},"elements":[{"id":"4300","settings":[],"elements":[{"id":"1583","settings":{"_column_size":100,"_inline_size":null,"background_background":"classic","background_color":"rgba(9,24,61,0.57)","margin":{"unit":"px","top":"60","right":"60","bottom":"60","left":"60","isLinked":true},"padding":{"unit":"px","top":"50","right":"50","bottom":"50","left":"50","isLinked":true},"margin_tablet":{"unit":"px","top":"30","right":"30","bottom":"30","left":"30","isLinked":true},"padding_tablet":{"unit":"px","top":"25","right":"25","bottom":"25","left":"25","isLinked":true},"margin_mobile":{"unit":"px","top":"20","right":"20","bottom":"20","left":"20","isLinked":true}},"elements":[{"id":"2194","settings":{"title":"South Pacific","align":"center","title_color":"#ffffff","typography_typography":"custom","typography_font_size":{"unit":"px","size":"28"},"typography_font_family":"Open Sans","typography_font_weight":"600","typography_text_transform":"capitalize","typography_line_height_tablet":{"unit":"em","size":""},"typography_line_height_mobile":{"unit":"em","size":""},"typography_letter_spacing":{"unit":"px","size":1},"section_custom_css_pro":"","custom_css_pro":"","header_size":"h4"},"elements":[],"isInner":false,"widgetType":"heading","elType":"widget"},{"id":"143d","settings":{"editor":"<p>Sed vehicula quam felis, at tempor ex cursus et mattis in eu leo. Nulla ut ornare orci. Aenean commodo, eros non dignissim lacinia.<\/p>","align":"center","text_color":"#ffffff","typography_typography":"custom","typography_font_size":{"unit":"px","size":"15"},"typography_line_height_tablet":{"unit":"em","size":""},"typography_line_height_mobile":{"unit":"em","size":""},"section_custom_css_pro":"","custom_css_pro":""},"elements":[],"isInner":false,"widgetType":"text-editor","elType":"widget"},{"id":"6432","settings":{"text":"read more","align":"center","button_text_color":"#f8b449","typography_typography":"custom","typography_font_size":{"unit":"px","size":"15"},"typography_font_weight":"bold","typography_text_transform":"uppercase","typography_line_height_tablet":{"unit":"em","size":""},"typography_line_height_mobile":{"unit":"em","size":""},"typography_letter_spacing":{"unit":"px","size":3.1},"background_color":"rgba(0,0,0,0)","border_border":"solid","border_radius":{"unit":"px","top":"0","right":"0","bottom":"0","left":"0","isLinked":true},"section_hover":"","section_custom_css_pro":"","custom_css_pro":""},"elements":[],"isInner":false,"widgetType":"button","elType":"widget"}],"isInner":true,"elType":"column"}],"isInner":true,"elType":"section"}],"isInner":false,"elType":"column"},{"id":"31fb","settings":{"_column_size":50,"_inline_size":null,"background_background":"classic","background_image":{"id":427,"url":"http:\/\/localhost\/checkupdate\/wp-content\/uploads\/2018\/03\/15-2.png"},"margin":{"unit":"px","top":"0","right":"0","bottom":"0","left":"20","isLinked":false},"margin_mobile":{"unit":"px","top":"20","right":"0","bottom":"0","left":"0","isLinked":false},"padding_mobile":{"unit":"px","top":"0","right":"0","bottom":"0","left":"0","isLinked":true}},"elements":[{"id":"478a","settings":[],"elements":[{"id":"df5","settings":{"_column_size":100,"_inline_size":null,"background_background":"classic","background_color":"rgba(9,24,61,0.57)","margin":{"unit":"px","top":"60","right":"60","bottom":"60","left":"60","isLinked":true},"padding":{"unit":"px","top":"50","right":"50","bottom":"50","left":"50","isLinked":true},"margin_tablet":{"unit":"px","top":"30","right":"30","bottom":"30","left":"30","isLinked":true},"padding_tablet":{"unit":"px","top":"25","right":"25","bottom":"25","left":"25","isLinked":true},"margin_mobile":{"unit":"px","top":"20","right":"20","bottom":"20","left":"20","isLinked":true}},"elements":[{"id":"117e","settings":{"title":"Zanzibar","align":"center","title_color":"#ffffff","typography_typography":"custom","typography_font_size":{"unit":"px","size":"28"},"typography_font_family":"Open Sans","typography_font_weight":"600","typography_text_transform":"capitalize","typography_line_height_tablet":{"unit":"em","size":""},"typography_line_height_mobile":{"unit":"em","size":""},"typography_letter_spacing":{"unit":"px","size":1},"section_custom_css_pro":"","custom_css_pro":"","header_size":"h4"},"elements":[],"isInner":false,"widgetType":"heading","elType":"widget"},{"id":"6df","settings":{"editor":"<p>Aenean dignissim et nibh et ullamcorper. Pellentesque ac purus tincidunt, scelerisque leo et, cursus sem. In sagittis nec nisl.\u00a0<\/p>","align":"center","text_color":"#ffffff","typography_typography":"custom","typography_font_size":{"unit":"px","size":"15"},"typography_line_height_tablet":{"unit":"em","size":""},"typography_line_height_mobile":{"unit":"em","size":""},"section_custom_css_pro":"","custom_css_pro":""},"elements":[],"isInner":false,"widgetType":"text-editor","elType":"widget"},{"id":"f2c","settings":{"text":"read more","align":"center","button_text_color":"#f8b449","typography_typography":"custom","typography_font_size":{"unit":"px","size":"15"},"typography_font_weight":"bold","typography_text_transform":"uppercase","typography_line_height_tablet":{"unit":"em","size":""},"typography_line_height_mobile":{"unit":"em","size":""},"typography_letter_spacing":{"unit":"px","size":3.1},"background_color":"rgba(0,0,0,0)","border_border":"solid","border_radius":{"unit":"px","top":"0","right":"0","bottom":"0","left":"0","isLinked":true},"section_hover":"","section_custom_css_pro":"","custom_css_pro":""},"elements":[],"isInner":false,"widgetType":"button","elType":"widget"}],"isInner":true,"elType":"column"}],"isInner":true,"elType":"section"}],"isInner":false,"elType":"column"}],"isInner":false,"elType":"section"},{"id":"5e65","settings":{"background_background":"classic","background_image":{"id":432,"url":"http:\/\/localhost\/checkupdate\/wp-content\/uploads\/2018\/03\/17.png"},"background_size":"cover","background_overlay_background":"classic","background_overlay_color":"#09183d","background_overlay_opacity":{"unit":"px","size":"0.3"},"padding":{"unit":"px","top":"100","right":"0","bottom":"100","left":"0","isLinked":false},"section_custom_css_pro":"","custom_css_pro":"","padding_tablet":{"unit":"px","top":"70","right":"0","bottom":"70","left":"0","isLinked":false}},"elements":[{"id":"1b5c","settings":{"_column_size":100,"_inline_size":null,"section_custom_css_pro":"","custom_css_pro":""},"elements":[{"id":"1471","settings":{"title":"Testimonials","align":"center","title_color":"#ffffff","typography_typography":"custom","typography_font_size":{"unit":"px","size":"50"},"typography_font_family":"Cormorant SC","typography_text_transform":"uppercase","typography_line_height_tablet":{"unit":"em","size":""},"typography_line_height_mobile":{"unit":"em","size":""},"typography_letter_spacing":{"unit":"px","size":1.5},"_padding":{"unit":"px","top":"0","right":"0","bottom":"100","left":"0","isLinked":false},"section_custom_css_pro":"","custom_css_pro":"","typography_font_size_tablet":{"unit":"px","size":"35"},"_padding_tablet":{"unit":"px","top":"0","right":"0","bottom":"50","left":"0","isLinked":false},"header_size":"h3"},"elements":[],"isInner":false,"widgetType":"heading","elType":"widget"},{"id":"65cf","settings":{"structure":"30","section_custom_css_pro":"","custom_css_pro":"","padding_tablet":{"unit":"px","top":"20","right":"20","bottom":"20","left":"20","isLinked":true}},"elements":[{"id":"17c4","settings":{"_column_size":33,"_inline_size":null,"padding":{"unit":"px","top":"0","right":"60","bottom":"0","left":"0","isLinked":false},"section_custom_css_pro":"","custom_css_pro":"","padding_tablet":{"unit":"px","top":"0","right":"20","bottom":"0","left":"0","isLinked":false},"margin_mobile":{"unit":"px","top":"0","right":"0","bottom":"0","left":"0","isLinked":true},"padding_mobile":{"unit":"px","top":"0","right":"0","bottom":"0","left":"0","isLinked":true}},"elements":[{"id":"5256","settings":{"icon":"","title_text":"\"","description_text":"Sed vehicula quam felis, at tempor ex cursus et mattis in eu leo. Nulla ut ornare orci. Aenean commodo, eros non dignissim lacinia.","icon_space":{"unit":"px","size":0},"title_bottom_space":{"unit":"px","size":21},"title_color":"#f8b449","title_typography_typography":"custom","title_typography_font_size":{"unit":"px","size":"100"},"title_typography_font_family":"Cormorant","title_typography_line_height":{"unit":"em","size":0.1},"description_color":"#ffffff"},"elements":[],"isInner":false,"widgetType":"icon-box","elType":"widget"},{"id":"72d7","settings":{"image":{"id":428,"url":"http:\/\/localhost\/checkupdate\/wp-content\/uploads\/2018\/03\/30-1-1.png"},"align_tablet":"center","align_mobile":"center","space":{"unit":"%","size":"30"},"caption_typography_line_height_tablet":{"unit":"em","size":""},"caption_typography_line_height_mobile":{"unit":"em","size":""},"section_custom_css_pro":"","custom_css_pro":""},"elements":[],"isInner":false,"widgetType":"image","elType":"widget"}],"isInner":true,"elType":"column"},{"id":"6573","settings":{"_column_size":33,"_inline_size":null,"padding":{"unit":"px","top":"0","right":"30","bottom":"0","left":"30","isLinked":false},"section_custom_css_pro":"","custom_css_pro":"","padding_tablet":{"unit":"px","top":"0","right":"10","bottom":"0","left":"10","isLinked":false},"margin_mobile":{"unit":"px","top":"100","right":"0","bottom":"100","left":"0","isLinked":false},"padding_mobile":{"unit":"px","top":"0","right":"0","bottom":"0","left":"0","isLinked":true}},"elements":[{"id":"6ad","settings":{"icon":"","title_text":"\"","description_text":"Aenean commodo, eros non dignissim lacinia, justo dolor ullamcorper lorem, eget accumsan enim massa nec odio. Mauris at felis vitae","icon_space":{"unit":"px","size":0},"title_bottom_space":{"unit":"px","size":21},"title_color":"#f8b449","title_typography_typography":"custom","title_typography_font_size":{"unit":"px","size":"100"},"title_typography_font_family":"Cormorant","title_typography_line_height":{"unit":"em","size":0.1},"description_color":"#ffffff"},"elements":[],"isInner":false,"widgetType":"icon-box","elType":"widget"},{"id":"3de2","settings":{"image":{"id":"378","url":"http:\/\/localhost\/checkupdate\/wp-content\/uploads\/2018\/03\/https-www.pexels.comphotoman-wearing-blue-denim-buttons-up-long-sleeve-and-blace-frame-eyelgasses-26939-1.png"},"align_tablet":"center","align_mobile":"center","space":{"unit":"%","size":"30"},"caption_typography_line_height_tablet":{"unit":"em","size":""},"caption_typography_line_height_mobile":{"unit":"em","size":""},"section_custom_css_pro":"","custom_css_pro":""},"elements":[],"isInner":false,"widgetType":"image","elType":"widget"}],"isInner":true,"elType":"column"},{"id":"562e","settings":{"_column_size":33,"_inline_size":null,"padding":{"unit":"px","top":"0","right":"0","bottom":"0","left":"60","isLinked":false},"section_custom_css_pro":"","custom_css_pro":"","padding_tablet":{"unit":"px","top":"0","right":"0","bottom":"0","left":"20","isLinked":false},"padding_mobile":{"unit":"px","top":"0","right":"0","bottom":"0","left":"0","isLinked":true}},"elements":[{"id":"6c30","settings":{"icon":"","title_text":"\"","description_text":"Aenean commodo, eros non dignissim lacinia, justo dolor ullamcorper lorem, eget accumsan enim massa nec odio. Mauris at felis vitae","icon_space":{"unit":"px","size":0},"title_bottom_space":{"unit":"px","size":21},"title_color":"#f8b449","title_typography_typography":"custom","title_typography_font_size":{"unit":"px","size":"100"},"title_typography_font_family":"Cormorant","title_typography_line_height":{"unit":"em","size":0.1},"description_color":"#ffffff"},"elements":[],"isInner":false,"widgetType":"icon-box","elType":"widget"},{"id":"60a9","settings":{"image":{"id":430,"url":"http:\/\/localhost\/checkupdate\/wp-content\/uploads\/2018\/03\/31-1.png"},"align_tablet":"center","align_mobile":"center","space":{"unit":"%","size":"30"},"caption_typography_line_height_tablet":{"unit":"em","size":""},"caption_typography_line_height_mobile":{"unit":"em","size":""},"section_custom_css_pro":"","custom_css_pro":""},"elements":[],"isInner":false,"widgetType":"image","elType":"widget"}],"isInner":true,"elType":"column"}],"isInner":true,"elType":"section"}],"isInner":false,"elType":"column"}],"isInner":false,"elType":"section"},{"id":"26de","settings":{"padding":{"unit":"px","top":"100","right":"0","bottom":"100","left":"0","isLinked":false},"section_custom_css_pro":"","custom_css_pro":"","padding_tablet":{"unit":"px","top":"30","right":"30","bottom":"80","left":"30","isLinked":false},"padding_mobile":{"unit":"px","top":"0","right":"0","bottom":"0","left":"0","isLinked":true}},"elements":[{"id":"4619","settings":{"_column_size":100,"_inline_size":null,"section_custom_css_pro":"","custom_css_pro":""},"elements":[{"id":"1163","settings":{"structure":"30","section_custom_css_pro":"","custom_css_pro":""},"elements":[{"id":"1148","settings":{"_column_size":33,"_inline_size":null,"section_custom_css_pro":"","custom_css_pro":"","screen_sm":"custom","screen_sm_width":"50"},"elements":[{"id":"273a","settings":{"image":{"id":435,"url":"http:\/\/localhost\/checkupdate\/wp-content\/uploads\/2018\/03\/22-1.png"},"align_tablet":"center","align_mobile":"center","caption_typography_line_height_tablet":{"unit":"em","size":""},"caption_typography_line_height_mobile":{"unit":"em","size":""},"section_custom_css_pro":"","custom_css_pro":""},"elements":[],"isInner":false,"widgetType":"image","elType":"widget"},{"id":"feb","settings":{"image":{"id":437,"url":"http:\/\/localhost\/checkupdate\/wp-content\/uploads\/2018\/03\/23-1.png"},"align_tablet":"center","align_mobile":"center","caption_typography_line_height_tablet":{"unit":"em","size":""},"caption_typography_line_height_mobile":{"unit":"em","size":""},"section_custom_css_pro":"","custom_css_pro":""},"elements":[],"isInner":false,"widgetType":"image","elType":"widget"}],"isInner":true,"elType":"column"},{"id":"3fc7","settings":{"_column_size":33,"_inline_size":null,"section_custom_css_pro":"","custom_css_pro":"","screen_sm":"custom","screen_sm_width":"50"},"elements":[{"id":"7be1","settings":{"image":{"id":439,"url":"http:\/\/localhost\/checkupdate\/wp-content\/uploads\/2018\/03\/20-3.png"},"align_tablet":"center","align_mobile":"center","caption_typography_line_height_tablet":{"unit":"em","size":""},"caption_typography_line_height_mobile":{"unit":"em","size":""},"section_custom_css_pro":"","custom_css_pro":""},"elements":[],"isInner":false,"widgetType":"image","elType":"widget"},{"id":"7d06","settings":{"image":{"id":440,"url":"http:\/\/localhost\/checkupdate\/wp-content\/uploads\/2018\/03\/21-2.png"},"align_tablet":"center","align_mobile":"center","caption_typography_line_height_tablet":{"unit":"em","size":""},"caption_typography_line_height_mobile":{"unit":"em","size":""},"section_custom_css_pro":"","custom_css_pro":""},"elements":[],"isInner":false,"widgetType":"image","elType":"widget"}],"isInner":true,"elType":"column"},{"id":"6392","settings":{"_column_size":33,"_inline_size":null,"section_custom_css_pro":"","custom_css_pro":""},"elements":[{"id":"79f4","settings":{"image":{"id":442,"url":"http:\/\/localhost\/checkupdate\/wp-content\/uploads\/2018\/03\/18-1.png"},"align_tablet":"center","align_mobile":"center","caption_typography_line_height_tablet":{"unit":"em","size":""},"caption_typography_line_height_mobile":{"unit":"em","size":""},"section_custom_css_pro":"","custom_css_pro":""},"elements":[],"isInner":false,"widgetType":"image","elType":"widget"},{"id":"751d","settings":{"image":{"id":444,"url":"http:\/\/localhost\/checkupdate\/wp-content\/uploads\/2018\/03\/19-2.png"},"align_tablet":"center","align_mobile":"center","caption_typography_line_height_tablet":{"unit":"em","size":""},"caption_typography_line_height_mobile":{"unit":"em","size":""},"section_custom_css_pro":"","custom_css_pro":"","hide_mobile":"hidden-phone"},"elements":[],"isInner":false,"widgetType":"image","elType":"widget"}],"isInner":true,"elType":"column"}],"isInner":true,"elType":"section"},{"id":"4160","settings":{"text":"subscribe to the newsletter","align":"center","button_text_color":"#f8b449","typography_typography":"custom","typography_font_size":{"unit":"px","size":"15"},"typography_font_weight":"bold","typography_text_transform":"uppercase","typography_line_height_tablet":{"unit":"em","size":""},"typography_line_height_mobile":{"unit":"em","size":""},"typography_letter_spacing":{"unit":"px","size":3.1},"background_color":"rgba(0,0,0,0)","border_border":"solid","border_radius":{"unit":"px","top":"0","right":"0","bottom":"0","left":"0","isLinked":true},"section_hover":"","_padding":{"unit":"px","top":"80","right":"0","bottom":"0","left":"0","isLinked":false},"section_custom_css_pro":"","custom_css_pro":"","typography_font_size_mobile":{"unit":"px","size":"14"},"typography_letter_spacing_mobile":{"unit":"px","size":"1.2"},"_padding_mobile":{"unit":"px","top":"30","right":"10","bottom":"50","left":"10","isLinked":false},"hover_color":"#09183d","button_hover_border_color":"#09183d","border_width":{"unit":"px","top":"3","right":"3","bottom":"3","left":"3","isLinked":true},"border_color":"#f8b449"},"elements":[],"isInner":false,"widgetType":"button","elType":"widget"}],"isInner":false,"elType":"column"}],"isInner":false,"elType":"section"},{"id":"5f8d","settings":{"gap":"no","content_position":"bottom","structure":"20","background_background":"classic","background_color":"#e2f0fd","padding":{"unit":"px","top":"150","right":"0","bottom":"150","left":"0","isLinked":false},"section_custom_css_pro":"","custom_css_pro":"","padding_tablet":{"unit":"px","top":"80","right":"20","bottom":"80","left":"20","isLinked":false},"padding_mobile":{"unit":"px","top":"80","right":"20","bottom":"80","left":"20","isLinked":false}},"elements":[{"id":"1f51","settings":{"_column_size":50,"_inline_size":"40.615","margin":{"unit":"px","top":"0","right":"40","bottom":"0","left":"0","isLinked":false},"section_custom_css_pro":"","custom_css_pro":"","padding_tablet":{"unit":"px","top":"0","right":"30","bottom":"0","left":"0","isLinked":false},"margin_mobile":{"unit":"px","top":"0","right":"0","bottom":"0","left":"0","isLinked":true},"padding_mobile":{"unit":"px","top":"0","right":"0","bottom":"0","left":"0","isLinked":true}},"elements":[{"id":"60bf","settings":{"title":"contact info","align":"center","title_color":"#09183d","typography_typography":"custom","typography_font_size":{"unit":"px","size":"35"},"typography_font_family":"Cormorant SC","typography_text_transform":"uppercase","typography_line_height_tablet":{"unit":"em","size":""},"typography_line_height_mobile":{"unit":"em","size":""},"_padding":{"unit":"px","top":"0","right":"0","bottom":"30","left":"0","isLinked":false},"section_custom_css_pro":"","custom_css_pro":"","typography_font_size_tablet":{"unit":"px","size":"25"},"_padding_tablet":{"unit":"px","top":"0","right":"0","bottom":"15","left":"0","isLinked":false},"align_mobile":"center","typography_font_size_mobile":{"unit":"px","size":"30"},"_padding_mobile":{"unit":"px","top":"0","right":"0","bottom":"10","left":"0","isLinked":false}},"elements":[],"isInner":false,"widgetType":"heading","elType":"widget"},{"id":"5c78","settings":{"content_position":"bottom","section_custom_css_pro":"","custom_css_pro":""},"elements":[{"id":"49db","settings":{"_column_size":100,"_inline_size":null,"background_background":"classic","background_color":"#ffffff","padding":{"unit":"px","top":"85","right":"55","bottom":"85","left":"55","isLinked":false},"section_custom_css_pro":"","custom_css_pro":"","padding_tablet":{"unit":"px","top":"76","right":"20","bottom":"76","left":"20","isLinked":false}},"elements":[{"id":"138c","settings":{"icon":"fa fa-phone","title_text":"Phone","description_text":"+1 209-948-8236","position":"left","primary_color":"#f8b449","icon_size":{"unit":"px","size":"30"},"title_bottom_space":{"unit":"px","size":"18"},"title_color":"#09183d","title_typography_typography":"custom","title_typography_font_family":"Poppins","title_typography_line_height":{"unit":"em","size":0.6},"description_color":"#374956","description_typography_typography":"custom","description_typography_font_size":{"unit":"px","size":"16"},"description_typography_font_family":"Poppins","title_typography_font_size_tablet":{"unit":"px","size":"18"},"description_typography_font_size_tablet":{"unit":"px","size":"15"}},"elements":[],"isInner":false,"widgetType":"icon-box","elType":"widget"},{"id":"2ad5","settings":{"icon":"fa fa-envelope","title_text":"Email Adress","description_text":"yachting@noreplay.com","position":"left","primary_color":"#f8b449","icon_size":{"unit":"px","size":"30"},"title_bottom_space":{"unit":"px","size":"18"},"title_color":"#09183d","title_typography_typography":"custom","title_typography_font_family":"Poppins","title_typography_line_height":{"unit":"em","size":0.6},"description_color":"#374956","description_typography_typography":"custom","description_typography_font_size":{"unit":"px","size":"16"},"description_typography_font_family":"Poppins","_padding":{"unit":"px","top":"40","right":"0","bottom":"40","left":"0","isLinked":false},"title_typography_font_size_tablet":{"unit":"px","size":"18"},"description_typography_font_size_tablet":{"unit":"px","size":"15"}},"elements":[],"isInner":false,"widgetType":"icon-box","elType":"widget"},{"id":"52ea","settings":{"icon":"fa fa-home","title_text":"Main Office Adress","description_text":"2180 E Mariposa Rd, Stockton, CA 95205","position":"left","primary_color":"#f8b449","icon_size":{"unit":"px","size":"30"},"title_bottom_space":{"unit":"px","size":"18"},"title_color":"#09183d","title_typography_typography":"custom","title_typography_font_family":"Poppins","title_typography_line_height":{"unit":"em","size":"0.5"},"description_color":"#374956","description_typography_typography":"custom","description_typography_font_size":{"unit":"px","size":"16"},"description_typography_font_family":"Poppins","title_typography_font_size_tablet":{"unit":"px","size":"18"},"description_typography_font_size_tablet":{"unit":"px","size":"15"}},"elements":[],"isInner":false,"widgetType":"icon-box","elType":"widget"}],"isInner":true,"elType":"column"}],"isInner":true,"elType":"section"}],"isInner":false,"elType":"column"},{"id":"4824","settings":{"_column_size":50,"_inline_size":"59.384","margin":{"unit":"px","top":"0","right":"0","bottom":"0","left":"0","isLinked":false},"section_custom_css_pro":"","custom_css_pro":"","padding_mobile":{"unit":"px","top":"100","right":"0","bottom":"0","left":"0","isLinked":false}},"elements":[{"id":"33b6","settings":{"title":"write us a massage","align":"center","title_color":"#09183d","typography_typography":"custom","typography_font_size":{"unit":"px","size":"35"},"typography_font_family":"Cormorant SC","typography_text_transform":"uppercase","typography_line_height_tablet":{"unit":"em","size":""},"typography_line_height_mobile":{"unit":"em","size":""},"_padding":{"unit":"px","top":"0","right":"0","bottom":"30","left":"0","isLinked":false},"section_custom_css_pro":"","custom_css_pro":"","typography_font_size_tablet":{"unit":"px","size":"25"},"typography_font_size_mobile":{"unit":"px","size":"30"},"_padding_tablet":{"unit":"px","top":"0","right":"0","bottom":"15","left":"0","isLinked":false},"_padding_mobile":{"unit":"px","top":"0","right":"0","bottom":"10","left":"0","isLinked":false}},"elements":[],"isInner":false,"widgetType":"heading","elType":"widget"},{"id":"28b7","elType":"widget","settings":{"form_name":"New Form","form_fields":[{"field_type":"text","field_label":"Name","placeholder":"","width":"50","required":"","field_options":"","inline_list":"","rows":4,"recaptcha_size":"normal","recaptcha_style":"light","css_classes":"","_id":"47svgil","width_tablet":"","width_mobile":"","form_fields_tabs":"","form_fields_content_tab":"","form_fields_advanced_tab":"","shortcode":"","field_value":"","file_sizes":"","file_types":"","allow_multiple_upload":"","max_files":"","acceptance_text":"","checked_by_default":"","field_min":"","field_max":"","min_date":"","max_date":"","use_native_date":"","use_native_time":"","allow_multiple":"","select_size":"","field_html":""},{"field_type":"email","required":true,"field_label":"Email","placeholder":"","width":"50","field_options":"","inline_list":"","rows":4,"recaptcha_size":"normal","recaptcha_style":"light","css_classes":"","_id":"ol80ymy","width_tablet":"","width_mobile":"","form_fields_tabs":"","form_fields_content_tab":"","form_fields_advanced_tab":"","shortcode":"","field_value":"","file_sizes":"","file_types":"","allow_multiple_upload":"","max_files":"","acceptance_text":"","checked_by_default":"","field_min":"","field_max":"","min_date":"","max_date":"","use_native_date":"","use_native_time":"","allow_multiple":"","select_size":"","field_html":""},{"field_type":"text","required":true,"field_label":"Email","placeholder":"","width":"50","field_options":"","inline_list":"","rows":4,"recaptcha_size":"normal","recaptcha_style":"light","css_classes":"","_id":"mz5hslf","width_tablet":"","width_mobile":"","form_fields_tabs":"","form_fields_content_tab":"","form_fields_advanced_tab":"","shortcode":"","field_value":"","file_sizes":"","file_types":"","allow_multiple_upload":"","max_files":"","acceptance_text":"","checked_by_default":"","field_min":"","field_max":"","min_date":"","max_date":"","use_native_date":"","use_native_time":"","allow_multiple":"","select_size":"","field_html":""},{"field_type":"text","required":true,"field_label":"Subject","placeholder":"","width":"50","field_options":"","inline_list":"","rows":4,"recaptcha_size":"normal","recaptcha_style":"light","css_classes":"","_id":"g77o8ry","width_tablet":"","width_mobile":"","form_fields_tabs":"","form_fields_content_tab":"","form_fields_advanced_tab":"","shortcode":"","field_value":"","file_sizes":"","file_types":"","allow_multiple_upload":"","max_files":"","acceptance_text":"","checked_by_default":"","field_min":"","field_max":"","min_date":"","max_date":"","use_native_date":"","use_native_time":"","allow_multiple":"","select_size":"","field_html":""},{"field_type":"textarea","field_label":"Message","placeholder":"","width":"100","required":"","field_options":"","inline_list":"","rows":"4","recaptcha_size":"normal","recaptcha_style":"light","css_classes":"","_id":"itd2sg2","width_tablet":"","width_mobile":"","form_fields_tabs":"","form_fields_content_tab":"","form_fields_advanced_tab":"","shortcode":"","field_value":"","file_sizes":"","file_types":"","allow_multiple_upload":"","max_files":"","acceptance_text":"","checked_by_default":"","field_min":"","field_max":"","min_date":"","max_date":"","use_native_date":"","use_native_time":"","allow_multiple":"","select_size":"","field_html":""}],"button_text":"Send","button_align_tablet":"stretch","button_align_mobile":"stretch","email_to":"kingyes1@gmail.com","email_subject":"New message from \"Elementor\"","email_from":"email@demo.elementor.com","email_from_name":"Elementor","success_message":"The message was sent successfully!","error_message":"There's something wrong... Please fill in the required fields.","required_field_message":"Required","invalid_message":"There's something wrong... The form is invalid.","column_gap":{"unit":"px","size":"15"},"row_gap":{"unit":"px","size":25},"label_spacing":{"unit":"px","size":"5"},"label_color":"#09183d","label_typography_typography":"custom","label_typography_font_size":{"unit":"px","size":"18"},"label_typography_font_family":"Open Sans","label_typography_font_weight":"600","label_typography_line_height_tablet":{"unit":"em","size":""},"label_typography_line_height_mobile":{"unit":"em","size":""},"field_typography_line_height_tablet":{"unit":"em","size":""},"field_typography_line_height_mobile":{"unit":"em","size":""},"field_border_width":{"unit":"px","top":"0","right":"0","bottom":"0","left":"0","isLinked":true},"field_border_radius":{"unit":"px","top":"0","right":"0","bottom":"0","left":"0","isLinked":true},"button_typography_typography":"custom","button_typography_font_family":"Open Sans","button_typography_font_weight":"bold","button_typography_text_transform":"uppercase","button_typography_line_height_tablet":{"unit":"em","size":""},"button_typography_line_height_mobile":{"unit":"em","size":""},"button_typography_letter_spacing":{"unit":"px","size":4.1},"button_background_color":"#f8b449","button_border_radius":{"unit":"px","top":"0","right":"0","bottom":"0","left":"0","isLinked":true},"button_text_padding":{"unit":"px","top":"30","right":"30","bottom":"30","left":"30","isLinked":true},"section_custom_css_pro":"","custom_css_pro":"","submit_actions":[],"email_content":"[all-fields]","email_to_2":"no-reply@elementor.com","email_subject_2":"New message from \"Elementor\"","email_content_2":"[all-fields]","email_from_2":"email@demo.elementor.com","email_from_name_2":"Elementor","email_reply_to_2":"no-reply@elementor.com","label_typography_font_size_tablet":{"unit":"px","size":"14"},"_margin":{"unit":"px","top":"0","right":"0","bottom":"0","left":"0","isLinked":false},"_margin_tablet":{"unit":"px","top":"0","right":"0","bottom":"0","left":"0","isLinked":true},"_padding":{"unit":"px","top":"50","right":"50","bottom":"50","left":"50","isLinked":true},"_padding_tablet":{"unit":"px","top":"20","right":"20","bottom":"20","left":"20","isLinked":true},"_padding_mobile":{"unit":"px","top":"20","right":"20","bottom":"20","left":"20","isLinked":true},"_background_background":"classic","_background_color":"rgba(9,24,61,0.55)","button_background_hover_color":"#09183d"},"elements":[],"widgetType":"form"}],"isInner":false,"elType":"column"}],"isInner":false,"elType":"section"},{"id":"4290","settings":{"layout":"full_width","gap":"no","section_custom_css_pro":"","custom_css_pro":""},"elements":[{"id":"1953","settings":{"_column_size":100,"_inline_size":null,"section_custom_css_pro":"","custom_css_pro":""},"elements":[{"id":"5542","settings":{"address":"2180 E Mariposa Rd, Stockton, CA 95205","section_custom_css_pro":"","custom_css_pro":""},"elements":[],"isInner":false,"widgetType":"google_maps","elType":"widget"}],"isInner":false,"elType":"column"}],"isInner":false,"elType":"section"}],"page_settings":{"hide_title":"yes"}}