{"version":"0.4","title":"Landing Page \u2013 Tourism 5","type":"page","content":[{"id":"25c7","settings":{"height":"min-height","custom_height":{"unit":"vh","size":100},"background_background":"classic","background_image":{"id":780,"url":"http:\/\/localhost\/checkupdate\/wp-content\/uploads\/2018\/03\/3-1-3.png"},"background_size":"cover","custom_height_tablet":{"unit":"vh","size":70},"background_position":"center center","padding_mobile":{"unit":"px","top":"50","right":"0","bottom":"50","left":"0","isLinked":false},"shape_divider_bottom_color":"#fff200","shape_divider_bottom_height":{"unit":"px","size":21},"shape_divider_bottom_negative":"yes"},"elements":[{"id":"3b06","settings":{"_column_size":100,"_inline_size":null,"padding":{"unit":"%","top":"0","right":"40","bottom":"0","left":"0","isLinked":false},"margin_mobile":{"unit":"px","top":"25","right":"25","bottom":"25","left":"25","isLinked":true},"padding_tablet":{"unit":"px","top":"0","right":"300","bottom":"0","left":"30","isLinked":false},"padding_mobile":{"unit":"px","top":"0","right":"0","bottom":"0","left":"0","isLinked":true}},"elements":[{"id":"7465","settings":{"title":"Summer time<BR>\n<span style=\"color:#fff200\"> Vacation time!","title_color":"#ffffff","typography_typography":"custom","typography_font_size":{"unit":"px","size":80},"typography_font_family":"Raleway","typography_font_weight":"900","typography_text_transform":"uppercase","typography_letter_spacing":{"unit":"px","size":0.5},"typography_font_size_tablet":{"unit":"px","size":45},"typography_font_size_mobile":{"unit":"px","size":35},"_padding_mobile":{"unit":"px","top":"0","right":"0","bottom":"30","left":"0","isLinked":false},"align_mobile":"center","_margin":{"unit":"px","top":"0","right":"0","bottom":"30","left":"0","isLinked":false},"header_size":"h1","align":"center"},"elements":[],"isInner":false,"widgetType":"heading","elType":"widget"},{"id":"71e1","settings":{"gap":"no","background_background":"classic","background_color":"rgba(19,25,56,0.77)","padding":{"unit":"px","top":"50","right":"50","bottom":"50","left":"50","isLinked":true},"padding_tablet":{"unit":"px","top":"30","right":"30","bottom":"30","left":"30","isLinked":true}},"elements":[{"id":"1f48","settings":{"_column_size":100,"_inline_size":null},"elements":[{"id":"53a","settings":{"title":"Our representative would love  to help \nyou plan your dream vacation","align":"center","title_color":"#ffffff","typography_typography":"custom","typography_font_size":{"unit":"px","size":17},"typography_font_family":"Raleway","typography_font_weight":"300","typography_letter_spacing":{"unit":"px","size":0.5},"_padding":{"unit":"px","top":"0","right":"0","bottom":"30","left":"0","isLinked":false},"typography_font_size_tablet":{"unit":"px","size":16},"typography_font_size_mobile":{"unit":"px","size":14},"typography_line_height_tablet":{"unit":"px","size":22},"_padding_tablet":{"unit":"px","top":"0","right":"0","bottom":"10","left":"0","isLinked":false},"_padding_mobile":{"unit":"px","top":"0","right":"0","bottom":"0","left":"0","isLinked":false},"header_size":"p"},"elements":[],"isInner":false,"widgetType":"heading","elType":"widget"},{"id":"15eb","elType":"widget","settings":{"form_name":"New Form","form_fields":[{"_id":"name","field_type":"text","field_label":"Full Name","placeholder":"Full Name","width":"50","required":"","field_options":"","inline_list":"","width_tablet":"","width_mobile":"","rows":4,"recaptcha_size":"normal","recaptcha_style":"light","css_classes":"","field_value":"","file_sizes":"","file_types":"","allow_multiple_upload":"","max_files":"","acceptance_text":"","checked_by_default":"","field_min":"","field_max":"","min_date":"","max_date":"","use_native_date":"","use_native_time":"","allow_multiple":"","select_size":"","field_html":""},{"_id":"email","field_type":"email","required":"true","field_label":"Email","placeholder":"Email","width":"50","field_options":"","inline_list":"","width_tablet":"","width_mobile":"","rows":4,"recaptcha_size":"normal","recaptcha_style":"light","css_classes":"","field_value":"","file_sizes":"","file_types":"","allow_multiple_upload":"","max_files":"","acceptance_text":"","checked_by_default":"","field_min":"","field_max":"","min_date":"","max_date":"","use_native_date":"","use_native_time":"","allow_multiple":"","select_size":"","field_html":""},{"field_type":"tel","field_label":"Phone Number","placeholder":"Phone Number","required":"","field_options":"","inline_list":"","width":"50","width_tablet":"","width_mobile":"","rows":4,"recaptcha_size":"normal","recaptcha_style":"light","css_classes":"","_id":"field_1","field_value":"","file_sizes":"","file_types":"","allow_multiple_upload":"","max_files":"","acceptance_text":"","checked_by_default":"","field_min":"","field_max":"","min_date":"","max_date":"","use_native_date":"","use_native_time":"","allow_multiple":"","select_size":"","field_html":""},{"field_type":"text","field_label":"Country","placeholder":"Country","required":"","field_options":"","inline_list":"","width":"50","width_tablet":"","width_mobile":"","rows":4,"recaptcha_size":"normal","recaptcha_style":"light","css_classes":"","_id":"field_5","field_value":"","file_sizes":"","file_types":"","allow_multiple_upload":"","max_files":"","acceptance_text":"","checked_by_default":"","field_min":"","field_max":"","min_date":"","max_date":"","use_native_date":"","use_native_time":"","allow_multiple":"","select_size":"","field_html":""},{"field_type":"number","field_label":"Pearsons","placeholder":"Pearsons","required":"","field_options":"","inline_list":"","width":"50","width_tablet":"","width_mobile":"","rows":4,"recaptcha_size":"normal","recaptcha_style":"light","css_classes":"","_id":"field_2","field_value":"","file_sizes":"","file_types":"","allow_multiple_upload":"","max_files":"","acceptance_text":"","checked_by_default":"","field_min":"","field_max":"","min_date":"","max_date":"","use_native_date":"","use_native_time":"","allow_multiple":"","select_size":"","field_html":""},{"field_type":"text","field_label":"Date","placeholder":"Date","required":"","field_options":"","inline_list":"","width":"50","width_tablet":"","width_mobile":"","rows":4,"recaptcha_size":"normal","recaptcha_style":"light","css_classes":"","_id":"field_4","field_value":"","file_sizes":"","file_types":"","allow_multiple_upload":"","max_files":"","acceptance_text":"","checked_by_default":"","field_min":"","field_max":"","min_date":"","max_date":"","use_native_date":"","use_native_time":"","allow_multiple":"","select_size":"","field_html":""},{"_id":"field_3","field_type":"textarea","field_label":"Message","placeholder":"Message","width":"100","required":"","field_options":"","inline_list":"","width_tablet":"","width_mobile":"","rows":5,"recaptcha_size":"normal","recaptcha_style":"light","css_classes":"","field_value":"","file_sizes":"","file_types":"","allow_multiple_upload":"","max_files":"","acceptance_text":"","checked_by_default":"","field_min":"","field_max":"","min_date":"","max_date":"","use_native_date":"","use_native_time":"","allow_multiple":"","select_size":"","field_html":""}],"show_labels":"","button_text":"Contact me","button_width":"","email_to":"no-reply@elementor.com","email_subject":"New message from \"Elementor\"","email_content":"[all-fields]","email_from":"email@demo.elementor.com","email_from_name":"Elementor","email_to_2":"no-reply@elementor.com","email_subject_2":"New message from \"Elementor\"","email_content_2":"[all-fields]","email_from_2":"email@demo.elementor.com","email_from_name_2":"Elementor","email_reply_to_2":"no-reply@elementor.com","success_message":"The form was sent successfully!","error_message":"There's something wrong... Please fill in the required fields.","required_field_message":"Required","invalid_message":"There's something wrong... The form is invalid.","column_gap":{"unit":"px","size":15},"row_gap":{"unit":"px","size":15},"field_text_color":"#000000","field_typography_typography":"custom","field_typography_font_family":"Raleway","field_border_width":{"unit":"px","top":"0","right":"0","bottom":"0","left":"0","isLinked":true},"field_border_radius":{"unit":"px","top":"0","right":"0","bottom":"0","left":"0","isLinked":true},"button_text_color":"#131938","button_typography_typography":"custom","button_typography_font_size":{"unit":"px","size":18},"button_typography_font_family":"Raleway","button_typography_font_weight":"900","button_typography_text_transform":"uppercase","button_typography_letter_spacing":{"unit":"px","size":3.4},"button_background_color":"#fff200","button_border_radius":{"unit":"px","top":"0","right":"0","bottom":"0","left":"0","isLinked":true},"button_text_padding":{"unit":"px","top":"15","right":"30","bottom":"15","left":"30","isLinked":false},"_padding":{"unit":"px","top":"0","right":"0","bottom":"0","left":"0","isLinked":true},"_background_background":"classic","field_typography_font_size_tablet":{"unit":"px","size":13},"button_typography_font_size_tablet":{"unit":"px","size":13},"subscriber_already_exists_message":"Subscriber already exist.","button_border_border":"solid","button_border_width":{"unit":"px","top":"3","right":"3","bottom":"3","left":"3","isLinked":true},"button_border_color":"#fff200","button_hover_color":"#fff200","button_background_hover_color":"rgba(255,255,255,0)"},"elements":[],"widgetType":"form"}],"isInner":true,"elType":"column"}],"isInner":true,"elType":"section"}],"isInner":false,"elType":"column"}],"isInner":false,"elType":"section"},{"id":"418c","settings":{"gap":"no","structure":"40","background_background":"classic","background_color":"#fff200","padding":{"unit":"px","top":"70","right":"0","bottom":"70","left":"0","isLinked":false},"padding_tablet":{"unit":"px","top":"50","right":"100","bottom":"50","left":"100","isLinked":false},"padding_mobile":{"unit":"px","top":"70","right":"10","bottom":"70","left":"10","isLinked":false}},"elements":[{"id":"4b1d","settings":{"_column_size":25,"_inline_size":null,"margin":{"unit":"px","top":"0","right":"20","bottom":"0","left":"0","isLinked":false},"_inline_size_tablet":50,"_inline_size_mobile":50,"margin_tablet":{"unit":"px","top":"0","right":"30","bottom":"0","left":"0","isLinked":false},"margin_mobile":{"unit":"px","top":"0","right":"0","bottom":"0","left":"0","isLinked":true}},"elements":[{"id":"67f4","settings":{"view":"stacked","icon":"fa fa-plane","title_text":"Online Booking","description_text":"Lorem ipsum dolor sit amet, consectetur adipiscing elit. ","primary_color":"#131938","secondary_color":"#ffffff","icon_space":{"unit":"px","size":30},"icon_size":{"unit":"px","size":20},"hover_primary_color":"rgba(255,255,255,0.81)","hover_secondary_color":"#131938","title_bottom_space":{"unit":"px","size":15},"title_typography_typography":"custom","title_typography_font_size":{"unit":"px","size":22},"title_typography_font_family":"Raleway","title_typography_font_weight":"700","description_color":"#131938","description_typography_typography":"custom","description_typography_font_size":{"unit":"px","size":15},"description_typography_font_family":"Lora","description_typography_font_weight":"500","icon_padding":{"unit":"px","size":15},"title_typography_font_size_tablet":{"unit":"px","size":20},"title_typography_font_size_mobile":{"unit":"px","size":16},"description_typography_font_size_tablet":{"unit":"px","size":15},"description_typography_font_size_mobile":{"unit":"px","size":13},"title_color":"#000000"},"elements":[],"isInner":false,"widgetType":"icon-box","elType":"widget"}],"isInner":false,"elType":"column"},{"id":"5763","settings":{"_column_size":25,"_inline_size":null,"margin":{"unit":"px","top":"0","right":"10","bottom":"0","left":"10","isLinked":false},"_inline_size_tablet":50,"_inline_size_mobile":50,"margin_tablet":{"unit":"px","top":"0","right":"0","bottom":"0","left":"20","isLinked":false},"margin_mobile":{"unit":"px","top":"0","right":"0","bottom":"0","left":"0","isLinked":true}},"elements":[{"id":"192","settings":{"view":"stacked","icon":"fa fa-map","title_text":"Popular Destinations","description_text":"elit tellus, luctus nec ullamcorper mattis, pulvinar dapibus leo.","primary_color":"#131938","secondary_color":"#ffffff","icon_space":{"unit":"px","size":30},"icon_size":{"unit":"px","size":20},"hover_primary_color":"rgba(255,255,255,0.81)","hover_secondary_color":"#131938","title_typography_typography":"custom","title_typography_font_size":{"unit":"px","size":22},"title_typography_font_family":"Raleway","title_typography_font_weight":"700","description_color":"#131938","description_typography_typography":"custom","description_typography_font_size":{"unit":"px","size":15},"description_typography_font_family":"Lora","description_typography_font_weight":"500","icon_padding":{"unit":"px","size":15},"title_typography_font_size_tablet":{"unit":"px","size":20},"title_typography_font_size_mobile":{"unit":"px","size":16},"description_typography_font_size_tablet":{"unit":"px","size":15},"description_typography_font_size_mobile":{"unit":"px","size":13},"title_color":"#000000"},"elements":[],"isInner":false,"widgetType":"icon-box","elType":"widget"}],"isInner":false,"elType":"column"},{"id":"7c19","settings":{"_column_size":25,"_inline_size":null,"margin":{"unit":"px","top":"0","right":"10","bottom":"0","left":"10","isLinked":false},"_inline_size_tablet":50,"_inline_size_mobile":50,"margin_tablet":{"unit":"px","top":"50","right":"30","bottom":"0","left":"0","isLinked":false},"margin_mobile":{"unit":"px","top":"50","right":"0","bottom":"0","left":"0","isLinked":false}},"elements":[{"id":"f60","settings":{"view":"stacked","icon":"fa fa-ship","title_text":"Fast Connection","description_text":"Lorem ipsum dolor sit amet, consectetur adipiscing elit. ","primary_color":"#131938","secondary_color":"#ffffff","icon_space":{"unit":"px","size":30},"icon_size":{"unit":"px","size":20},"hover_primary_color":"rgba(255,255,255,0.81)","hover_secondary_color":"#131938","title_typography_typography":"custom","title_typography_font_size":{"unit":"px","size":22},"title_typography_font_family":"Raleway","title_typography_font_weight":"700","description_color":"#131938","description_typography_typography":"custom","description_typography_font_size":{"unit":"px","size":15},"description_typography_font_family":"Lora","description_typography_font_weight":"500","icon_padding":{"unit":"px","size":15},"title_typography_font_size_tablet":{"unit":"px","size":20},"title_typography_font_size_mobile":{"unit":"px","size":16},"description_typography_font_size_tablet":{"unit":"px","size":15},"description_typography_font_size_mobile":{"unit":"px","size":13},"title_color":"#000000"},"elements":[],"isInner":false,"widgetType":"icon-box","elType":"widget"}],"isInner":false,"elType":"column"},{"id":"6bf","settings":{"_column_size":25,"_inline_size":null,"margin":{"unit":"px","top":"0","right":"0","bottom":"0","left":"20","isLinked":false},"_inline_size_tablet":50,"_inline_size_mobile":50,"margin_tablet":{"unit":"px","top":"50","right":"0","bottom":"0","left":"30","isLinked":false},"margin_mobile":{"unit":"px","top":"50","right":"0","bottom":"0","left":"0","isLinked":false}},"elements":[{"id":"24de","settings":{"view":"stacked","icon":"fa fa-camera-retro","title_text":"Top Amenities","description_text":"elit tellus, luctus nec ullamcorper mattis, pulvinar dapibus leo.","primary_color":"#131938","secondary_color":"#ffffff","icon_space":{"unit":"px","size":30},"icon_size":{"unit":"px","size":20},"hover_primary_color":"rgba(255,255,255,0.81)","hover_secondary_color":"#131938","title_typography_typography":"custom","title_typography_font_size":{"unit":"px","size":22},"title_typography_font_family":"Raleway","title_typography_font_weight":"700","description_color":"#131938","description_typography_typography":"custom","description_typography_font_size":{"unit":"px","size":15},"description_typography_font_family":"Lora","description_typography_font_weight":"500","icon_padding":{"unit":"px","size":15},"title_typography_font_size_tablet":{"unit":"px","size":20},"title_typography_font_size_mobile":{"unit":"px","size":16},"description_typography_font_size_tablet":{"unit":"px","size":15},"description_typography_font_size_mobile":{"unit":"px","size":13},"title_color":"#000000"},"elements":[],"isInner":false,"widgetType":"icon-box","elType":"widget"}],"isInner":false,"elType":"column"}],"isInner":false,"elType":"section"},{"id":"6a78","settings":{"gap":"no","padding":{"unit":"px","top":"120","right":"0","bottom":"30","left":"0","isLinked":false},"padding_tablet":{"unit":"px","top":"80","right":"0","bottom":"0","left":"0","isLinked":false},"padding_mobile":{"unit":"px","top":"50","right":"30","bottom":"30","left":"30","isLinked":false}},"elements":[{"id":"4fdb","settings":{"_column_size":100,"_inline_size":null},"elements":[{"id":"40d5","settings":{"title":"Relax. Discover. Gain New Experiences!","align":"center","title_color":"#131938","typography_typography":"custom","typography_font_size":{"unit":"px","size":26},"typography_font_family":"Raleway","typography_font_weight":"800","typography_letter_spacing":{"unit":"px","size":0.5},"_padding":{"unit":"px","top":"0","right":"0","bottom":"0","left":"0","isLinked":false},"typography_font_size_mobile":{"unit":"px","size":23},"typography_line_height_mobile":{"unit":"px","size":28}},"elements":[],"isInner":false,"widgetType":"heading","elType":"widget"},{"id":"30ea","settings":{"title":"Lorem ipsum dolor sit amet, consectetur adipiscing elit. Integer orci turpis vestibulum","align":"center","title_color":"#131938","typography_typography":"custom","typography_font_size":{"unit":"px","size":18},"typography_font_family":"Lora","typography_font_weight":"300","typography_letter_spacing":{"unit":"px","size":0},"_padding":{"unit":"px","top":"0","right":"0","bottom":"50","left":"0","isLinked":false},"typography_font_size_tablet":{"unit":"px","size":16},"typography_font_size_mobile":{"unit":"px","size":14},"typography_line_height_mobile":{"unit":"px","size":20},"_padding_tablet":{"unit":"px","top":"0","right":"0","bottom":"10","left":"0","isLinked":false},"_padding_mobile":{"unit":"px","top":"0","right":"0","bottom":"0","left":"0","isLinked":false},"header_size":"p"},"elements":[],"isInner":false,"widgetType":"heading","elType":"widget"}],"isInner":false,"elType":"column"}],"isInner":false,"elType":"section"},{"id":"30f2","settings":{"gap":"no","structure":"30","padding_tablet":{"unit":"px","top":"20","right":"20","bottom":"20","left":"20","isLinked":true}},"elements":[{"id":"5f53","settings":{"_column_size":33,"_inline_size":null,"background_background":"classic","background_image":{"id":783,"url":"http:\/\/localhost\/checkupdate\/wp-content\/uploads\/2018\/03\/653.png"},"background_repeat":"no-repeat","background_size":"contain","box_shadow_box_shadow":{"horizontal":0,"vertical":-38,"blur":100,"spread":32,"color":"rgba(0,0,0,0.09)"},"margin":{"unit":"px","top":"0","right":"30","bottom":"0","left":"0","isLinked":false},"margin_tablet":{"unit":"px","top":"0","right":"10","bottom":"0","left":"0","isLinked":false},"margin_mobile":{"unit":"px","top":"0","right":"0","bottom":"0","left":"0","isLinked":true},"padding_tablet":{"unit":"px","top":"0","right":"0","bottom":"0","left":"0","isLinked":true},"padding_mobile":{"unit":"px","top":"0","right":"0","bottom":"50","left":"0","isLinked":false}},"elements":[{"id":"358d","settings":{"gap":"no","structure":"20","padding":{"unit":"px","top":"0","right":"0","bottom":"200","left":"0","isLinked":false},"padding_tablet":{"unit":"px","top":"0","right":"0","bottom":"120","left":"0","isLinked":false},"padding_mobile":{"unit":"px","top":"0","right":"0","bottom":"190","left":"0","isLinked":false}},"elements":[{"id":"71b6","settings":{"_column_size":50,"_inline_size":63.947,"_inline_size_tablet":70,"_inline_size_mobile":60},"elements":[{"id":"1551","settings":{"title":"Save 90$ pay only","align":"left","title_color":"#ffffff","typography_typography":"custom","typography_font_size":{"unit":"px","size":18},"typography_font_family":"Raleway","typography_font_weight":"700","typography_letter_spacing":{"unit":"px","size":0.5},"_padding":{"unit":"px","top":"20","right":"20","bottom":"20","left":"20","isLinked":true},"_background_background":"classic","_background_color":"#131938","typography_font_size_tablet":{"unit":"px","size":13},"header_size":"p"},"elements":[],"isInner":false,"widgetType":"heading","elType":"widget"}],"isInner":true,"elType":"column"},{"id":"3624","settings":{"_column_size":50,"_inline_size":36.045,"_inline_size_tablet":30,"_inline_size_mobile":40},"elements":[{"id":"eb7","settings":{"title":"359$","align":"center","title_color":"#131938","typography_typography":"custom","typography_font_size":{"unit":"px","size":35},"typography_font_family":"Roboto","typography_font_weight":"900","typography_letter_spacing":{"unit":"px","size":0.5},"_padding":{"unit":"px","top":"30","right":"30","bottom":"30","left":"30","isLinked":true},"_background_background":"classic","_background_color":"#fff200","align_tablet":"center","typography_font_size_tablet":{"unit":"px","size":20},"_padding_tablet":{"unit":"px","top":"22","right":"22","bottom":"22","left":"12","isLinked":false},"_padding_mobile":{"unit":"px","top":"30","right":"30","bottom":"30","left":"30","isLinked":true},"_background_hover_background":"classic","_background_hover_color":"#ffffff","header_size":"p"},"elements":[],"isInner":false,"widgetType":"heading","elType":"widget"}],"isInner":true,"elType":"column"}],"isInner":true,"elType":"section"},{"id":"7342","settings":{"title":"Mykonos","align":"center","title_color":"#131938","typography_typography":"custom","typography_font_size":{"unit":"px","size":20},"typography_font_family":"Raleway","typography_font_weight":"700","typography_letter_spacing":{"unit":"px","size":0.5},"_padding":{"unit":"px","top":"20","right":"0","bottom":"0","left":"0","isLinked":false},"typography_font_size_tablet":{"unit":"px","size":18},"header_size":"h4"},"elements":[],"isInner":false,"widgetType":"heading","elType":"widget"}],"isInner":false,"elType":"column"},{"id":"289a","settings":{"_column_size":33,"_inline_size":null,"background_background":"classic","background_image":{"id":784,"url":"http:\/\/localhost\/checkupdate\/wp-content\/uploads\/2018\/03\/52-1.png"},"background_repeat":"no-repeat","background_size":"contain","margin":{"unit":"px","top":"0","right":"15","bottom":"0","left":"15","isLinked":false},"margin_tablet":{"unit":"px","top":"0","right":"5","bottom":"0","left":"5","isLinked":false},"margin_mobile":{"unit":"px","top":"0","right":"0","bottom":"0","left":"0","isLinked":true},"padding_mobile":{"unit":"px","top":"0","right":"0","bottom":"0","left":"0","isLinked":false}},"elements":[{"id":"25bc","settings":{"gap":"no","structure":"20","padding":{"unit":"px","top":"0","right":"0","bottom":"200","left":"0","isLinked":false},"padding_tablet":{"unit":"px","top":"0","right":"0","bottom":"120","left":"0","isLinked":false},"padding_mobile":{"unit":"px","top":"0","right":"0","bottom":"190","left":"0","isLinked":false}},"elements":[{"id":"1d89","settings":{"_column_size":50,"_inline_size":63.947,"_inline_size_tablet":70,"_inline_size_mobile":60},"elements":[{"id":"1090","settings":{"title":"Save 75$ pay only","align":"left","title_color":"#ffffff","typography_typography":"custom","typography_font_size":{"unit":"px","size":18},"typography_font_family":"Raleway","typography_font_weight":"700","typography_letter_spacing":{"unit":"px","size":0.5},"_padding":{"unit":"px","top":"20","right":"20","bottom":"20","left":"20","isLinked":true},"_background_background":"classic","_background_color":"#131938","typography_font_size_tablet":{"unit":"px","size":13},"header_size":"p"},"elements":[],"isInner":false,"widgetType":"heading","elType":"widget"}],"isInner":true,"elType":"column"},{"id":"1daf","settings":{"_column_size":50,"_inline_size":36.045,"_inline_size_tablet":30,"_inline_size_mobile":40},"elements":[{"id":"18e","settings":{"title":"729$","align":"center","title_color":"#131938","typography_typography":"custom","typography_font_size":{"unit":"px","size":35},"typography_font_family":"Roboto","typography_font_weight":"900","typography_letter_spacing":{"unit":"px","size":0.5},"_padding":{"unit":"px","top":"30","right":"30","bottom":"30","left":"30","isLinked":true},"_background_background":"classic","_background_color":"#fff200","typography_font_size_tablet":{"unit":"px","size":20},"_padding_tablet":{"unit":"px","top":"22","right":"22","bottom":"22","left":"12","isLinked":false},"_padding_mobile":{"unit":"px","top":"30","right":"30","bottom":"30","left":"30","isLinked":true},"_background_hover_background":"classic","_background_hover_color":"#ffffff","header_size":"p"},"elements":[],"isInner":false,"widgetType":"heading","elType":"widget"}],"isInner":true,"elType":"column"}],"isInner":true,"elType":"section"},{"id":"945","settings":{"title":"London","align":"center","title_color":"#131938","typography_typography":"custom","typography_font_size":{"unit":"px","size":20},"typography_font_family":"Raleway","typography_font_weight":"700","typography_letter_spacing":{"unit":"px","size":0.5},"_padding":{"unit":"px","top":"20","right":"0","bottom":"0","left":"0","isLinked":false},"typography_font_size_tablet":{"unit":"px","size":18},"header_size":"h4"},"elements":[],"isInner":false,"widgetType":"heading","elType":"widget"}],"isInner":false,"elType":"column"},{"id":"1bfd","settings":{"_column_size":33,"_inline_size":null,"background_background":"classic","background_image":{"id":785,"url":"http:\/\/localhost\/checkupdate\/wp-content\/uploads\/2018\/03\/42.png"},"background_repeat":"no-repeat","background_size":"contain","margin":{"unit":"px","top":"0","right":"0","bottom":"0","left":"30","isLinked":false},"margin_tablet":{"unit":"px","top":"0","right":"0","bottom":"0","left":"10","isLinked":false},"margin_mobile":{"unit":"px","top":"50","right":"0","bottom":"0","left":"0","isLinked":false}},"elements":[{"id":"13a7","settings":{"gap":"no","structure":"20","padding":{"unit":"px","top":"0","right":"0","bottom":"200","left":"0","isLinked":false},"padding_tablet":{"unit":"px","top":"0","right":"0","bottom":"120","left":"0","isLinked":false},"padding_mobile":{"unit":"px","top":"0","right":"0","bottom":"190","left":"0","isLinked":false}},"elements":[{"id":"61a8","settings":{"_column_size":50,"_inline_size":63.947,"_inline_size_tablet":70,"_inline_size_mobile":60},"elements":[{"id":"65cb","settings":{"title":"Save 35$ pay only","align":"left","title_color":"#ffffff","typography_typography":"custom","typography_font_size":{"unit":"px","size":18},"typography_font_family":"Raleway","typography_font_weight":"700","typography_letter_spacing":{"unit":"px","size":0.5},"_padding":{"unit":"px","top":"20","right":"20","bottom":"20","left":"20","isLinked":true},"_background_background":"classic","_background_color":"#131938","typography_font_size_tablet":{"unit":"px","size":13},"header_size":"p"},"elements":[],"isInner":false,"widgetType":"heading","elType":"widget"}],"isInner":true,"elType":"column"},{"id":"3466","settings":{"_column_size":50,"_inline_size":36.045,"_inline_size_tablet":30,"_inline_size_mobile":40},"elements":[{"id":"74c1","settings":{"title":"519$","align":"center","title_color":"#131938","typography_typography":"custom","typography_font_size":{"unit":"px","size":35},"typography_font_family":"Roboto","typography_font_weight":"900","typography_letter_spacing":{"unit":"px","size":0.5},"_padding":{"unit":"px","top":"30","right":"30","bottom":"30","left":"30","isLinked":true},"_background_background":"classic","_background_color":"#fff200","typography_font_size_tablet":{"unit":"px","size":20},"_padding_tablet":{"unit":"px","top":"22","right":"22","bottom":"22","left":"12","isLinked":false},"_background_hover_background":"classic","_background_hover_color":"#ffffff","header_size":"p"},"elements":[],"isInner":false,"widgetType":"heading","elType":"widget"}],"isInner":true,"elType":"column"}],"isInner":true,"elType":"section"},{"id":"7054","settings":{"title":"Dublin","align":"center","title_color":"#131938","typography_typography":"custom","typography_font_size":{"unit":"px","size":20},"typography_font_family":"Raleway","typography_font_weight":"700","typography_letter_spacing":{"unit":"px","size":0.5},"_padding":{"unit":"px","top":"20","right":"20","bottom":"20","left":"20","isLinked":true},"typography_font_size_tablet":{"unit":"px","size":18},"header_size":"h4"},"elements":[],"isInner":false,"widgetType":"heading","elType":"widget"}],"isInner":false,"elType":"column"}],"isInner":false,"elType":"section"},{"id":"321c","settings":{"gap":"no","structure":"30","padding_tablet":{"unit":"px","top":"20","right":"20","bottom":"20","left":"20","isLinked":true},"padding":{"unit":"px","top":"80","right":"0","bottom":"100","left":"0","isLinked":false}},"elements":[{"id":"4db5","settings":{"_column_size":33,"_inline_size":null,"background_background":"classic","background_image":{"id":786,"url":"http:\/\/localhost\/checkupdate\/wp-content\/uploads\/2018\/03\/201.png"},"background_repeat":"no-repeat","background_size":"contain","box_shadow_box_shadow":{"horizontal":0,"vertical":-38,"blur":100,"spread":32,"color":"rgba(0,0,0,0.09)"},"margin":{"unit":"px","top":"0","right":"30","bottom":"0","left":"0","isLinked":false},"margin_tablet":{"unit":"px","top":"0","right":"10","bottom":"0","left":"0","isLinked":false},"margin_mobile":{"unit":"px","top":"0","right":"0","bottom":"0","left":"0","isLinked":true},"padding_tablet":{"unit":"px","top":"0","right":"0","bottom":"0","left":"0","isLinked":true},"padding_mobile":{"unit":"px","top":"0","right":"0","bottom":"50","left":"0","isLinked":false}},"elements":[{"id":"509f","settings":{"gap":"no","structure":"20","padding":{"unit":"px","top":"0","right":"0","bottom":"200","left":"0","isLinked":false},"padding_tablet":{"unit":"px","top":"0","right":"0","bottom":"120","left":"0","isLinked":false},"padding_mobile":{"unit":"px","top":"0","right":"0","bottom":"190","left":"0","isLinked":false}},"elements":[{"id":"3dc0","settings":{"_column_size":50,"_inline_size":63.947,"_inline_size_tablet":70,"_inline_size_mobile":60},"elements":[{"id":"4343","settings":{"title":"Save 65$ pay only","align":"left","title_color":"#ffffff","typography_typography":"custom","typography_font_size":{"unit":"px","size":18},"typography_font_family":"Raleway","typography_font_weight":"700","typography_letter_spacing":{"unit":"px","size":0.5},"_padding":{"unit":"px","top":"20","right":"20","bottom":"20","left":"20","isLinked":true},"_background_background":"classic","_background_color":"#131938","typography_font_size_tablet":{"unit":"px","size":13},"header_size":"p"},"elements":[],"isInner":false,"widgetType":"heading","elType":"widget"}],"isInner":true,"elType":"column"},{"id":"6a3e","settings":{"_column_size":50,"_inline_size":36.045,"_inline_size_tablet":30,"_inline_size_mobile":40},"elements":[{"id":"7af9","settings":{"title":"329$","align":"center","title_color":"#131938","typography_typography":"custom","typography_font_size":{"unit":"px","size":35},"typography_font_family":"Roboto","typography_font_weight":"900","typography_letter_spacing":{"unit":"px","size":0.5},"_padding":{"unit":"px","top":"30","right":"30","bottom":"30","left":"30","isLinked":true},"_background_background":"classic","_background_color":"#fff200","align_tablet":"center","typography_font_size_tablet":{"unit":"px","size":20},"_padding_tablet":{"unit":"px","top":"22","right":"22","bottom":"22","left":"12","isLinked":false},"_padding_mobile":{"unit":"px","top":"30","right":"30","bottom":"30","left":"30","isLinked":true},"_background_hover_background":"classic","_background_hover_color":"#ffffff","header_size":"p"},"elements":[],"isInner":false,"widgetType":"heading","elType":"widget"}],"isInner":true,"elType":"column"}],"isInner":true,"elType":"section"},{"id":"75ec","settings":{"title":"Paris","align":"center","title_color":"#131938","typography_typography":"custom","typography_font_size":{"unit":"px","size":20},"typography_font_family":"Raleway","typography_font_weight":"700","typography_letter_spacing":{"unit":"px","size":0.5},"_padding":{"unit":"px","top":"20","right":"0","bottom":"0","left":"0","isLinked":false},"typography_font_size_tablet":{"unit":"px","size":18},"header_size":"h4"},"elements":[],"isInner":false,"widgetType":"heading","elType":"widget"}],"isInner":false,"elType":"column"},{"id":"1684","settings":{"_column_size":33,"_inline_size":null,"background_background":"classic","background_image":{"id":787,"url":"http:\/\/localhost\/checkupdate\/wp-content\/uploads\/2018\/03\/25423.png"},"background_repeat":"no-repeat","background_size":"contain","margin":{"unit":"px","top":"0","right":"15","bottom":"0","left":"15","isLinked":false},"margin_tablet":{"unit":"px","top":"0","right":"5","bottom":"0","left":"5","isLinked":false},"margin_mobile":{"unit":"px","top":"0","right":"0","bottom":"0","left":"0","isLinked":true},"padding_mobile":{"unit":"px","top":"0","right":"0","bottom":"0","left":"0","isLinked":false}},"elements":[{"id":"316","settings":{"gap":"no","structure":"20","padding":{"unit":"px","top":"0","right":"0","bottom":"200","left":"0","isLinked":false},"padding_tablet":{"unit":"px","top":"0","right":"0","bottom":"120","left":"0","isLinked":false},"padding_mobile":{"unit":"px","top":"0","right":"0","bottom":"190","left":"0","isLinked":false}},"elements":[{"id":"57bb","settings":{"_column_size":50,"_inline_size":63.947,"_inline_size_tablet":70,"_inline_size_mobile":60},"elements":[{"id":"6c4a","settings":{"title":"Save 95$ pay only","align":"left","title_color":"#ffffff","typography_typography":"custom","typography_font_size":{"unit":"px","size":18},"typography_font_family":"Raleway","typography_font_weight":"700","typography_letter_spacing":{"unit":"px","size":0.5},"_padding":{"unit":"px","top":"20","right":"20","bottom":"20","left":"20","isLinked":true},"_background_background":"classic","_background_color":"#131938","typography_font_size_tablet":{"unit":"px","size":13},"header_size":"p"},"elements":[],"isInner":false,"widgetType":"heading","elType":"widget"}],"isInner":true,"elType":"column"},{"id":"1031","settings":{"_column_size":50,"_inline_size":36.045,"_inline_size_tablet":30,"_inline_size_mobile":40},"elements":[{"id":"4d8","settings":{"title":"199$","align":"center","title_color":"#131938","typography_typography":"custom","typography_font_size":{"unit":"px","size":35},"typography_font_family":"Roboto","typography_font_weight":"900","typography_letter_spacing":{"unit":"px","size":0.5},"_padding":{"unit":"px","top":"30","right":"30","bottom":"30","left":"30","isLinked":true},"_background_background":"classic","_background_color":"#fff200","typography_font_size_tablet":{"unit":"px","size":20},"_padding_tablet":{"unit":"px","top":"22","right":"22","bottom":"22","left":"12","isLinked":false},"_padding_mobile":{"unit":"px","top":"30","right":"30","bottom":"30","left":"30","isLinked":true},"_background_hover_background":"classic","_background_hover_color":"#ffffff","header_size":"p"},"elements":[],"isInner":false,"widgetType":"heading","elType":"widget"}],"isInner":true,"elType":"column"}],"isInner":true,"elType":"section"},{"id":"3497","settings":{"title":"Amsterdam","align":"center","title_color":"#131938","typography_typography":"custom","typography_font_size":{"unit":"px","size":20},"typography_font_family":"Raleway","typography_font_weight":"700","typography_letter_spacing":{"unit":"px","size":0.5},"_padding":{"unit":"px","top":"20","right":"0","bottom":"0","left":"0","isLinked":false},"typography_font_size_tablet":{"unit":"px","size":18},"header_size":"h4"},"elements":[],"isInner":false,"widgetType":"heading","elType":"widget"}],"isInner":false,"elType":"column"},{"id":"1f8f","settings":{"_column_size":33,"_inline_size":null,"background_background":"classic","background_image":{"id":788,"url":"http:\/\/localhost\/checkupdate\/wp-content\/uploads\/2018\/03\/24.png"},"background_repeat":"no-repeat","background_size":"contain","margin":{"unit":"px","top":"0","right":"0","bottom":"0","left":"30","isLinked":false},"margin_tablet":{"unit":"px","top":"0","right":"0","bottom":"0","left":"10","isLinked":false},"margin_mobile":{"unit":"px","top":"50","right":"0","bottom":"0","left":"0","isLinked":false}},"elements":[{"id":"1469","settings":{"gap":"no","structure":"20","padding":{"unit":"px","top":"0","right":"0","bottom":"200","left":"0","isLinked":false},"padding_tablet":{"unit":"px","top":"0","right":"0","bottom":"120","left":"0","isLinked":false},"padding_mobile":{"unit":"px","top":"0","right":"0","bottom":"190","left":"0","isLinked":false}},"elements":[{"id":"3aa2","settings":{"_column_size":50,"_inline_size":63.947,"_inline_size_tablet":70,"_inline_size_mobile":60},"elements":[{"id":"7e6d","settings":{"title":"Save 50$ pay only","align":"left","title_color":"#ffffff","typography_typography":"custom","typography_font_size":{"unit":"px","size":18},"typography_font_family":"Raleway","typography_font_weight":"700","typography_letter_spacing":{"unit":"px","size":0.5},"_padding":{"unit":"px","top":"20","right":"20","bottom":"20","left":"20","isLinked":true},"_background_background":"classic","_background_color":"#131938","typography_font_size_tablet":{"unit":"px","size":13},"header_size":"p"},"elements":[],"isInner":false,"widgetType":"heading","elType":"widget"}],"isInner":true,"elType":"column"},{"id":"16f0","settings":{"_column_size":50,"_inline_size":36.045,"_inline_size_tablet":30,"_inline_size_mobile":40},"elements":[{"id":"333","settings":{"title":"659$","align":"center","title_color":"#131938","typography_typography":"custom","typography_font_size":{"unit":"px","size":35},"typography_font_family":"Roboto","typography_font_weight":"900","typography_letter_spacing":{"unit":"px","size":0.5},"_padding":{"unit":"px","top":"30","right":"30","bottom":"30","left":"30","isLinked":true},"_background_background":"classic","_background_color":"#fff200","typography_font_size_tablet":{"unit":"px","size":20},"_padding_tablet":{"unit":"px","top":"22","right":"22","bottom":"22","left":"12","isLinked":false},"_background_hover_background":"classic","_background_hover_color":"#ffffff","header_size":"p"},"elements":[],"isInner":false,"widgetType":"heading","elType":"widget"}],"isInner":true,"elType":"column"}],"isInner":true,"elType":"section"},{"id":"5eee","settings":{"title":"Rome","align":"center","title_color":"#131938","typography_typography":"custom","typography_font_size":{"unit":"px","size":20},"typography_font_family":"Raleway","typography_font_weight":"700","typography_letter_spacing":{"unit":"px","size":0.5},"_padding":{"unit":"px","top":"20","right":"20","bottom":"20","left":"20","isLinked":true},"typography_font_size_tablet":{"unit":"px","size":18},"header_size":"h4"},"elements":[],"isInner":false,"widgetType":"heading","elType":"widget"}],"isInner":false,"elType":"column"}],"isInner":false,"elType":"section"},{"id":"67a1","settings":{"structure":"20","background_background":"classic","background_image":{"id":789,"url":"http:\/\/localhost\/checkupdate\/wp-content\/uploads\/2018\/03\/35-1.png"},"background_size":"cover","padding":{"unit":"px","top":"200","right":"0","bottom":"200","left":"0","isLinked":false},"gap":"no","padding_tablet":{"unit":"px","top":"100","right":"30","bottom":"100","left":"30","isLinked":false},"padding_mobile":{"unit":"px","top":"80","right":"30","bottom":"80","left":"30","isLinked":false}},"elements":[{"id":"7bfa","settings":{"_column_size":50,"_inline_size":null},"elements":[{"id":"e25","settings":{"title":"Get Our<span style=\"color:#fff200\"> Special Offers<\/span> \n<br>Directly to Your Email\n","align":"left","title_color":"#ffffff","typography_typography":"custom","typography_font_size":{"unit":"px","size":50},"typography_font_family":"Raleway","typography_font_weight":"900","typography_letter_spacing":{"unit":"px","size":0.5},"align_mobile":"center","typography_font_size_tablet":{"unit":"px","size":30},"typography_font_size_mobile":{"unit":"px","size":42},"typography_line_height":{"unit":"em","size":1.3},"_padding_mobile":{"unit":"px","top":"0","right":"0","bottom":"50","left":"0","isLinked":false},"header_size":"h3"},"elements":[],"isInner":false,"widgetType":"heading","elType":"widget"}],"isInner":false,"elType":"column"},{"id":"5408","settings":{"_column_size":50,"_inline_size":null,"content_position":"center","margin":{"unit":"px","top":"0","right":"0","bottom":"0","left":"80","isLinked":false},"margin_tablet":{"unit":"px","top":"0","right":"0","bottom":"0","left":"20","isLinked":false},"margin_mobile":{"unit":"px","top":"0","right":"0","bottom":"0","left":"0","isLinked":true}},"elements":[{"id":"25ab","elType":"widget","settings":{"form_name":"New Form","form_fields":[{"field_type":"email","field_label":"Email","placeholder":"Your Email Adress","required":"","field_options":"","inline_list":"","width":"75","width_tablet":"","width_mobile":"75","rows":4,"recaptcha_size":"normal","recaptcha_style":"light","css_classes":"","_id":"field_1","field_value":"","file_sizes":"","file_types":"","allow_multiple_upload":"","max_files":"","acceptance_text":"","checked_by_default":"","field_min":"","field_max":"","min_date":"","max_date":"","use_native_date":"","use_native_time":"","allow_multiple":"","select_size":"","field_html":""}],"show_labels":"","button_text":"Send","button_width":"25","button_width_mobile":"25","email_to":"no-reply@elementor.com","email_subject":"New message from \"Elementor\"","email_content":"[all-fields]","email_from":"email@demo.elementor.com","email_from_name":"Elementor","email_to_2":"no-reply@elementor.com","email_subject_2":"New message from \"Elementor\"","email_content_2":"[all-fields]","email_from_2":"email@demo.elementor.com","email_from_name_2":"Elementor","email_reply_to_2":"no-reply@elementor.com","success_message":"The form was sent successfully!","error_message":"There's something wrong... Please fill in the required fields.","required_field_message":"Required","invalid_message":"There's something wrong... The form is invalid.","column_gap":{"unit":"px","size":0},"row_gap":{"unit":"px","size":0},"field_text_color":"#ffffff","field_typography_typography":"custom","field_typography_font_size":{"unit":"px","size":20},"field_typography_font_size_tablet":{"unit":"px","size":15},"field_typography_font_family":"Lora","field_typography_font_style":"oblique","field_typography_line_height":{"unit":"em","size":2},"field_typography_line_height_tablet":{"unit":"px","size":37},"field_typography_line_height_mobile":{"unit":"px","size":36},"field_background_color":"rgba(255,255,255,0)","field_border_color":"#ffffff","field_border_width":{"unit":"px","top":"1","right":"0","bottom":"1","left":"1","isLinked":false},"field_border_radius":{"unit":"px","top":"0","right":"0","bottom":"0","left":"0","isLinked":true},"button_text_color":"#131938","button_typography_typography":"custom","button_typography_font_size_tablet":{"unit":"px","size":13},"button_typography_font_size_mobile":{"unit":"px","size":12},"button_typography_font_family":"Raleway","button_typography_font_weight":"700","button_typography_text_transform":"uppercase","button_typography_letter_spacing":{"unit":"px","size":1.8},"button_background_color":"#fff200","button_border_radius":{"unit":"px","top":"0","right":"0","bottom":"0","left":"0","isLinked":true},"button_text_padding":{"unit":"px","top":"19","right":"19","bottom":"19","left":"19","isLinked":true},"subscriber_already_exists_message":"Subscriber already exist.","button_border_border":"solid","button_background_hover_color":"#ffffff"},"elements":[],"widgetType":"form"}],"isInner":false,"elType":"column"}],"isInner":false,"elType":"section"}]}