{"version":"0.4","title":"Landing Page \u2013 Real Estate 5","type":"page","content":[{"id":"6920","settings":{"structure":"20","padding":{"unit":"px","top":"20","right":"0","bottom":"20","left":"0","isLinked":false},"padding_tablet":{"unit":"px","top":"20","right":"30","bottom":"20","left":"30","isLinked":false},"padding_mobile":{"unit":"px","top":"30","right":"30","bottom":"30","left":"30","isLinked":true}},"elements":[{"id":"15dd","settings":{"_column_size":50,"_inline_size":null},"elements":[{"id":"25b4","settings":{"image":{"id":818,"url":"http:\/\/localhost\/checkupdate\/wp-content\/uploads\/2018\/03\/fifth-floor.png"},"align":"left","space":{"unit":"%","size":28},"image_size":"full","align_tablet":"left","align_mobile":"center"},"elements":[],"isInner":false,"widgetType":"image","elType":"widget"}],"isInner":false,"elType":"column"},{"id":"23","settings":{"_column_size":50,"_inline_size":null,"content_position":"center"},"elements":[{"id":"5552","settings":{"title":"Call today: <span style=\"color:#00ce8d\"> 888-505-505<\/span>","align":"right","title_color":"#4f4f4f","typography_typography":"custom","typography_font_size":{"unit":"px","size":"30"},"typography_font_family":"Roboto","typography_letter_spacing":{"unit":"px","size":0.7},"typography_font_size_tablet":{"unit":"px","size":"25"},"typography_font_size_mobile":{"unit":"px","size":"22"},"header_size":"h4","align_mobile":"center"},"elements":[],"isInner":false,"widgetType":"heading","elType":"widget"}],"isInner":false,"elType":"column"}],"isInner":false,"elType":"section"},{"id":"7b7f","settings":{"layout":"full_width","gap":"no","padding_tablet":{"unit":"px","top":"0","right":"0","bottom":"0","left":"0","isLinked":false}},"elements":[{"id":"749e","settings":{"_column_size":100,"_inline_size":null},"elements":[{"id":"32d9","settings":{"slides":[{"heading":"Open House","description":"175 Prospect Pk SW, 1B  Windsor Terrace, New York<br>Saterday, 11 DSep \/ 10:00AM - 5:00PM","button_text":"Request showing","background_color":"#bbbbbb","_id":"dimmr3u","slides_repeater":"","background":"","background_image":{"id":819,"url":"http:\/\/localhost\/checkupdate\/wp-content\/uploads\/2018\/03\/50.png"},"background_size":"cover","background_ken_burns":"","zoom_direction":"in","background_overlay":"yes","background_overlay_color":"rgba(0,0,0,0.3)","content":"","link":{"url":"","is_external":"","nofollow":""},"link_click":"slide","style":"","custom_style":"","horizontal_position":"","vertical_position":"","text_align":"","content_color":""},{"heading":"Open House","description":"175 Prospect Pk SW, 1B  Windsor Terrace, New York<br>Saterday, 11 DSep \/ 10:00AM - 5:00PM","button_text":"Request showing","background_color":"#4054b2","_id":"h23ou87","slides_repeater":"","background":"","background_image":{"id":820,"url":"http:\/\/localhost\/checkupdate\/wp-content\/uploads\/2018\/03\/56-1.png"},"background_size":"cover","background_ken_burns":"","zoom_direction":"in","background_overlay":"yes","background_overlay_color":"rgba(0,0,0,0.21)","content":"","link":{"url":"","is_external":"","nofollow":""},"link_click":"slide","style":"","custom_style":"","horizontal_position":"","vertical_position":"","text_align":"","content_color":""},{"heading":"Open House","description":"175 Prospect Pk SW, 1B  Windsor Terrace, New York<br>Saterday, 11 DSep \/ 10:00AM - 5:00PM","button_text":"Request showing","background_color":"#4054b2","_id":"dthkjz3","slides_repeater":"","background":"","background_image":{"id":823,"url":"http:\/\/localhost\/checkupdate\/wp-content\/uploads\/2018\/03\/9-1-1.png"},"background_size":"cover","background_ken_burns":"","zoom_direction":"in","background_overlay":"yes","background_overlay_color":"rgba(0,0,0,0.21)","content":"","link":{"url":"","is_external":"","nofollow":""},"link_click":"slide","style":"","custom_style":"","horizontal_position":"","vertical_position":"","text_align":"","content_color":""},{"heading":"Open House","description":"175 Prospect Pk SW, 1B  Windsor Terrace, New York<br>Saterday, 11 DSep \/ 10:00AM - 5:00PM","button_text":"Request showing","background_color":"#4054b2","_id":"gal22lc","slides_repeater":"","background":"","background_image":{"id":824,"url":"http:\/\/localhost\/checkupdate\/wp-content\/uploads\/2018\/03\/25-1-1.png"},"background_size":"cover","background_ken_burns":"","zoom_direction":"in","background_overlay":"yes","background_overlay_color":"rgba(0,0,0,0.21)","content":"","link":{"url":"","is_external":"","nofollow":""},"link_click":"slide","style":"","custom_style":"","horizontal_position":"","vertical_position":"","text_align":"","content_color":""},{"heading":"Open House","description":"175 Prospect Pk SW, 1B  Windsor Terrace, New York<br>Saterday, 11 DSep \/ 10:00AM - 5:00PM","button_text":"Request showing","background_color":"#4054b2","_id":"ttth1zy","slides_repeater":"","background":"","background_image":{"id":825,"url":"http:\/\/localhost\/checkupdate\/wp-content\/uploads\/2018\/03\/3-7.png"},"background_size":"cover","background_ken_burns":"","zoom_direction":"in","background_overlay":"yes","background_overlay_color":"rgba(0,0,0,0.21)","content":"","link":{"url":"","is_external":"","nofollow":""},"link_click":"slide","style":"","custom_style":"","horizontal_position":"","vertical_position":"","text_align":"","content_color":""}],"slides_height":{"unit":"px","size":728},"navigation":"arrows","autoplay_speed":"3000","heading_spacing":{"unit":"px","size":"60"},"heading_typography_typography":"custom","heading_typography_font_size":{"unit":"px","size":"90"},"heading_typography_font_family":"Roboto","heading_typography_font_weight":"900","heading_typography_text_transform":"uppercase","heading_typography_letter_spacing":{"unit":"px","size":"1"},"description_spacing":{"unit":"px","size":"60"},"description_typography_typography":"custom","description_typography_font_size":{"unit":"px","size":"33"},"description_typography_font_family":"Roboto","description_typography_font_weight":"500","button_typography_typography":"custom","button_typography_font_size":{"unit":"px","size":"28"},"button_typography_font_family":"Roboto","button_typography_line_height":{"unit":"em","size":"1.5"},"button_typography_letter_spacing":{"unit":"px","size":"2"},"button_border_width":{"unit":"px","size":"4"},"button_border_radius":{"unit":"px","size":0},"button_background_color":"#00ce8d","button_border_color":"#00ce8d","content_animation":"fadeInRight","button_hover_background_color":"#00ce8d","button_hover_border_color":"#ffffff","slides_height_tablet":{"unit":"px","size":"650"},"slides_height_mobile":{"unit":"px","size":"475"},"content_max_width_tablet":{"unit":"%","size":79},"content_max_width_mobile":{"unit":"%","size":67},"slides_padding_tablet":{"unit":"px","top":"0","right":"0","bottom":"0","left":"0","isLinked":false},"heading_typography_font_size_tablet":{"unit":"px","size":"80"},"heading_typography_font_size_mobile":{"unit":"px","size":"37"},"description_typography_font_size_tablet":{"unit":"px","size":"25"},"description_typography_font_size_mobile":{"unit":"px","size":"20"},"button_typography_font_size_tablet":{"unit":"px","size":"20"},"button_typography_font_size_mobile":{"unit":"px","size":"16"},"button_hover_text_color":"#ffffff"},"elements":[],"isInner":false,"widgetType":"slides","elType":"widget"}],"isInner":false,"elType":"column"}],"isInner":false,"elType":"section"},{"id":"3caa","settings":{"padding":{"unit":"px","top":"100","right":"0","bottom":"100","left":"0","isLinked":false},"gap":"no","padding_tablet":{"unit":"px","top":"60","right":"30","bottom":"60","left":"30","isLinked":false},"padding_mobile":{"unit":"px","top":"30","right":"20","bottom":"30","left":"20","isLinked":false}},"elements":[{"id":"2395","settings":{"_column_size":100,"_inline_size":null},"elements":[{"id":"774c","settings":{"label_days":"Days","label_hours":"Hours","label_minutes":"Minutes","label_seconds":"Seconds","container_width":{"unit":"%","size":"55"},"box_background_color":"rgba(0,0,0,0)","box_border_border":"solid","box_border_width":{"unit":"px","top":"3","right":"3","bottom":"3","left":"3","isLinked":true},"box_border_color":"#00ce8d","box_spacing":{"unit":"px","size":"15"},"digits_color":"#00ce8d","digits_typography_typography":"custom","digits_typography_font_size":{"unit":"px","size":"60"},"digits_typography_font_family":"Roboto","digits_typography_font_weight":"700","digits_typography_line_height":{"unit":"em","size":"1.3"},"label_color":"#4f4f4f","label_typography_typography":"custom","label_typography_font_family":"Roboto","container_width_tablet":{"unit":"%","size":"80"},"box_spacing_tablet":{"unit":"px","size":20},"box_spacing_mobile":{"unit":"px","size":"7"},"box_padding_mobile":{"unit":"px","top":"10","right":"10","bottom":"10","left":"10","isLinked":true},"digits_typography_font_size_tablet":{"unit":"px","size":"50"},"digits_typography_font_size_mobile":{"unit":"px","size":"30"},"digits_typography_line_height_mobile":{"unit":"em","size":1.3},"label_typography_font_size_tablet":{"unit":"px","size":"16"},"label_typography_font_size_mobile":{"unit":"px","size":"13"}},"elements":[],"isInner":false,"widgetType":"countdown","elType":"widget"}],"isInner":false,"elType":"column"}],"isInner":false,"elType":"section"},{"id":"6411","settings":{"layout":"full_width","gap":"no"},"elements":[{"id":"3c38","settings":{"_column_size":100,"_inline_size":null},"elements":[{"id":"509b","settings":{"address":"London Eye, London, United Kingdom","height":{"unit":"px","size":"450"}},"elements":[],"isInner":false,"widgetType":"google_maps","elType":"widget"}],"isInner":false,"elType":"column"}],"isInner":false,"elType":"section"},{"id":"3813","settings":{"structure":"20","padding":{"unit":"px","top":"100","right":"0","bottom":"100","left":"0","isLinked":false},"padding_tablet":{"unit":"px","top":"60","right":"30","bottom":"30","left":"30","isLinked":false}},"elements":[{"id":"63e4","settings":{"_column_size":50,"_inline_size":null,"content_position":"center","text_align":"left","margin":{"unit":"%","top":"0","right":"5","bottom":"0","left":"0","isLinked":false},"margin_mobile":{"unit":"px","top":"0","right":"0","bottom":"0","left":"0","isLinked":true}},"elements":[{"id":"7976","settings":{"title":"About the project","align":"left","title_color":"#4f4f4f","typography_typography":"custom","typography_font_size":{"unit":"px","size":"30"},"typography_font_family":"Roboto","typography_text_transform":"capitalize","_padding":{"unit":"px","top":"0","right":"0","bottom":"20","left":"0","isLinked":false},"header_size":"h3","_padding_tablet":{"unit":"px","top":"0","right":"0","bottom":"0","left":"0","isLinked":true}},"elements":[],"isInner":false,"widgetType":"heading","elType":"widget"},{"id":"5b77","settings":{"editor":"<p>Lorem ipsum dolor sit amet, consectetur adipiscing elit. Vestibulum scelerisque ante eu velit fermentum, vitae ultrices dolor scelerisque. Nam sed dolor a elit faucibus efficitur eget id diam. In nec vestibulum ante. Duis eleifend ullamcorper dolor a vestibulum. Nam non justo quis arcu tincidunt tincidunt in eu nisi. Vivamus placerat laoreet arcu, at hendrerit ipsum tempus eu. Ut varius, erat in rutrum porttitor, eros lacus tempus eros, a molestie mi neque vestibulum lorem. Praesent ac tristique mi. Cras massa turpis, vestibulum a suscipit eget, accumsan porta risus. Quisque luctus eros a rhoncus convallis. Donec vitae lacus fringilla dui consequat commodo eu ac lectus. Integer a mollis dolor, nec aliquam nisi.<\/p>","typography_typography":"custom","typography_font_size":{"unit":"px","size":"17"},"typography_font_family":"Roboto","typography_font_weight":"300","typography_line_height":{"unit":"em","size":"1.6"},"text_color":"#4f4f4f","typography_font_size_tablet":{"unit":"px","size":"14"}},"elements":[],"isInner":false,"widgetType":"text-editor","elType":"widget"}],"isInner":false,"elType":"column"},{"id":"3702","settings":{"_column_size":50,"_inline_size":null,"margin":{"unit":"%","top":"0","right":"0","bottom":"0","left":"5","isLinked":false},"margin_mobile":{"unit":"px","top":"0","right":"0","bottom":"0","left":"0","isLinked":true},"padding_mobile":{"unit":"px","top":"20","right":"0","bottom":"0","left":"0","isLinked":false}},"elements":[{"id":"304d","settings":{"image":{"id":826,"url":"http:\/\/localhost\/checkupdate\/wp-content\/uploads\/2018\/03\/bernadette-gatsby-11348.png"}},"elements":[],"isInner":false,"widgetType":"image","elType":"widget"}],"isInner":false,"elType":"column"}],"isInner":false,"elType":"section"},{"id":"1067","settings":{"structure":"20","padding":{"unit":"px","top":"0","right":"0","bottom":"0","left":"0","isLinked":true},"padding_tablet":{"unit":"px","top":"30","right":"30","bottom":"30","left":"30","isLinked":true},"reverse_order_mobile":"reverse-mobile"},"elements":[{"id":"449","settings":{"_column_size":50,"_inline_size":null,"margin":{"unit":"%","top":"0","right":"5","bottom":"0","left":"0","isLinked":false},"margin_mobile":{"unit":"px","top":"0","right":"0","bottom":"0","left":"0","isLinked":true},"padding_mobile":{"unit":"px","top":"20","right":"0","bottom":"0","left":"0","isLinked":false}},"elements":[{"id":"5a50","settings":{"image":{"id":828,"url":"http:\/\/localhost\/checkupdate\/wp-content\/uploads\/2018\/03\/eric-parks-87099.png"}},"elements":[],"isInner":false,"widgetType":"image","elType":"widget"}],"isInner":false,"elType":"column"},{"id":"2c26","settings":{"_column_size":50,"_inline_size":null,"content_position":"center","text_align":"left","margin":{"unit":"%","top":"0","right":"0","bottom":"0","left":"5","isLinked":false},"margin_mobile":{"unit":"px","top":"0","right":"0","bottom":"0","left":"0","isLinked":true}},"elements":[{"id":"414e","settings":{"title":"Area profile","align":"left","title_color":"#4f4f4f","typography_typography":"custom","typography_font_size":{"unit":"px","size":"30"},"typography_font_family":"Roboto","typography_text_transform":"capitalize","_padding":{"unit":"px","top":"0","right":"0","bottom":"20","left":"0","isLinked":false},"header_size":"h3","_padding_tablet":{"unit":"px","top":"0","right":"0","bottom":"0","left":"0","isLinked":true}},"elements":[],"isInner":false,"widgetType":"heading","elType":"widget"},{"id":"426f","settings":{"editor":"<p>Lorem ipsum dolor sit amet, consectetur adipiscing elit. Vestibulum scelerisque ante eu velit fermentum, vitae ultrices dolor scelerisque. Nam sed dolor a elit faucibus efficitur eget id diam. In nec vestibulum ante. Duis eleifend ullamcorper dolor a vestibulum.\u00a0<\/p>","typography_typography":"custom","typography_font_size":{"unit":"px","size":"17"},"typography_font_family":"Roboto","typography_font_weight":"300","typography_line_height":{"unit":"em","size":"1.6"},"text_color":"#4f4f4f","typography_font_size_tablet":{"unit":"px","size":"14"}},"elements":[],"isInner":false,"widgetType":"text-editor","elType":"widget"},{"id":"4b7c","settings":{"gap":{"unit":"px","size":"10"},"weight":{"unit":"px","size":"2"},"color":"#c4c4c4"},"elements":[],"isInner":false,"widgetType":"divider","elType":"widget"},{"id":"7381","settings":{"structure":"20"},"elements":[{"id":"245a","settings":{"_column_size":50,"_inline_size":null},"elements":[{"id":"1c05","settings":{"icon_list":[{"text":"2 Stories","icon":"fa fa-automobile","_id":"3qulcof","link":{"url":"","is_external":"","nofollow":""}},{"text":"Back yard","icon":"fa fa-dribbble","_id":"aphbsys","link":{"url":"","is_external":"","nofollow":""}},{"text":"Swimming pool","icon":"fa fa-font-awesome","_id":"9wqegxl","link":{"url":"","is_external":"","nofollow":""}},{"text":"Bike path","icon":"fa fa-bicycle","_id":"qmf5588","link":{"url":"","is_external":"","nofollow":""}}],"space_between":{"unit":"px","size":"18"},"icon_color":"#00ce8d","icon_size":{"unit":"px","size":"25"},"text_indent":{"unit":"px","size":"16"},"text_color":"#4f4f4f","icon_typography_typography":"custom","icon_typography_font_size":{"unit":"px","size":"16"},"icon_typography_font_family":"Roboto","icon_typography_font_weight":"500","icon_typography_font_size_tablet":{"unit":"px","size":"12"},"icon_typography_font_size_mobile":{"unit":"px","size":"14"}},"elements":[],"isInner":false,"widgetType":"icon-list","elType":"widget"}],"isInner":true,"elType":"column"},{"id":"2368","settings":{"_column_size":50,"_inline_size":null},"elements":[{"id":"168b","settings":{"icon_list":[{"text":"Gazebo","icon":"fa fa-institution","_id":"3qulcof","link":{"url":"","is_external":"","nofollow":""}},{"text":"Alarm system","icon":"fa fa-spinner","_id":"aphbsys","link":{"url":"","is_external":"","nofollow":""}},{"text":"Security cameras","icon":"fa fa-camera","_id":"9wqegxl","link":{"url":"","is_external":"","nofollow":""}},{"text":"Central cooling","icon":"fa fa-stack-overflow","_id":"qmf5588","link":{"url":"","is_external":"","nofollow":""}}],"space_between":{"unit":"px","size":"18"},"icon_align":"left","icon_color":"#00ce8d","icon_size":{"unit":"px","size":"25"},"text_indent":{"unit":"px","size":"16"},"text_color":"#4f4f4f","icon_typography_typography":"custom","icon_typography_font_size":{"unit":"px","size":"16"},"icon_typography_font_family":"Roboto","icon_typography_font_weight":"500","icon_typography_font_size_tablet":{"unit":"px","size":"12"},"icon_typography_font_size_mobile":{"unit":"px","size":"14"}},"elements":[],"isInner":false,"widgetType":"icon-list","elType":"widget"}],"isInner":true,"elType":"column"}],"isInner":true,"elType":"section"}],"isInner":false,"elType":"column"}],"isInner":false,"elType":"section"},{"id":"6157","settings":{"structure":"20","padding":{"unit":"px","top":"100","right":"0","bottom":"100","left":"0","isLinked":false},"padding_tablet":{"unit":"px","top":"30","right":"30","bottom":"30","left":"30","isLinked":true}},"elements":[{"id":"3698","settings":{"_column_size":50,"_inline_size":null,"content_position":"center","text_align":"left","margin":{"unit":"%","top":"0","right":"5","bottom":"0","left":"0","isLinked":false}},"elements":[{"id":"e14","settings":{"title":"Flat details","align":"left","title_color":"#4f4f4f","typography_typography":"custom","typography_font_size":{"unit":"px","size":"30"},"typography_font_family":"Roboto","typography_text_transform":"capitalize","_padding":{"unit":"px","top":"0","right":"0","bottom":"20","left":"0","isLinked":false},"header_size":"h3","_padding_tablet":{"unit":"px","top":"0","right":"0","bottom":"0","left":"0","isLinked":true},"_padding_mobile":{"unit":"px","top":"0","right":"0","bottom":"0","left":"0","isLinked":true}},"elements":[],"isInner":false,"widgetType":"heading","elType":"widget"},{"id":"11b9","settings":{"gap":"no","content_position":"top","structure":"20"},"elements":[{"id":"64b2","settings":{"_column_size":50,"_inline_size":"68.966","margin":{"unit":"%","top":"0","right":"10","bottom":"0","left":"0","isLinked":false}},"elements":[{"id":"46bd","settings":{"editor":"<p>Lorem ipsum dolor sit amet, consectetur adipiscing elit estibulum scelerisque ante.\u00a0Nam sed dolor a elit faucibus efficitur ullamcorper dolor a vestibulum.\u00a0<\/p>","typography_typography":"custom","typography_font_size":{"unit":"px","size":"17"},"typography_font_family":"Roboto","typography_font_weight":"300","typography_line_height":{"unit":"em","size":"1.6"},"text_color":"#4f4f4f","typography_font_size_tablet":{"unit":"px","size":"14"}},"elements":[],"isInner":false,"widgetType":"text-editor","elType":"widget"}],"isInner":true,"elType":"column"},{"id":"7780","settings":{"_column_size":50,"_inline_size":"27.969","content_position":"center"},"elements":[{"id":"4c03","settings":{"title":"$250,000","align":"center","title_color":"#4f4f4f","typography_typography":"custom","typography_font_size":{"unit":"px","size":"22"},"typography_font_family":"Roboto","typography_text_transform":"capitalize","_padding":{"unit":"px","top":"20","right":"0","bottom":"20","left":"0","isLinked":false},"typography_font_style":"italic","_background_background":"classic","_background_color":"#dddddd","typography_font_size_tablet":{"unit":"px","size":"14"},"typography_font_size_mobile":{"unit":"px","size":"20"}},"elements":[],"isInner":false,"widgetType":"heading","elType":"widget"}],"isInner":true,"elType":"column"}],"isInner":true,"elType":"section"},{"id":"19fe","settings":{"gap":{"unit":"px","size":"10"},"weight":{"unit":"px","size":"2"},"color":"#c4c4c4","_padding_mobile":{"unit":"px","top":"20","right":"0","bottom":"0","left":"0","isLinked":false}},"elements":[],"isInner":false,"widgetType":"divider","elType":"widget"},{"id":"387b","settings":{"structure":"20"},"elements":[{"id":"bac","settings":{"_column_size":50,"_inline_size":"61.111","content_position":"top"},"elements":[{"id":"255f","settings":{"editor":"<p><strong>Bedrooms:<\/strong> 2.5<br \/><span class=\"s1\"><b>Built in: <\/b>2013 <\/span><span class=\"s1\"><b><br \/>Parking: <\/b>2 spaces, 1 covered\u00a0<\/span><span class=\"s1\"><b><br \/>Flooring: <\/b>Ceramic floor, Carpet\u00a0<\/span><span class=\"s1\"><b><br \/><\/b><\/span><\/p>","typography_typography":"custom","typography_font_size":{"unit":"px","size":"17"},"typography_font_family":"Roboto","typography_font_weight":"300","typography_line_height":{"unit":"em","size":"2.5"},"text_color":"#4f4f4f","typography_font_size_tablet":{"unit":"px","size":"12"},"typography_font_size_mobile":{"unit":"px","size":"14"}},"elements":[],"isInner":false,"widgetType":"text-editor","elType":"widget"}],"isInner":true,"elType":"column"},{"id":"580a","settings":{"_column_size":50,"_inline_size":"36.590","content_position":"top","margin":{"unit":"%","top":"0","right":"0","bottom":"0","left":"0","isLinked":false}},"elements":[{"id":"1075","settings":{"icon_list":[{"text":"Gazebo","icon":"fa fa-institution","_id":"3qulcof","link":{"url":"","is_external":"","nofollow":""}},{"text":"Alarm system","icon":"fa fa-spinner","_id":"aphbsys","link":{"url":"","is_external":"","nofollow":""}},{"text":"Security cameras","icon":"fa fa-camera","_id":"9wqegxl","link":{"url":"","is_external":"","nofollow":""}},{"text":"Central cooling","icon":"fa fa-stack-overflow","_id":"qmf5588","link":{"url":"","is_external":"","nofollow":""}}],"space_between":{"unit":"px","size":"18"},"icon_align":"left","icon_color":"#00ce8d","icon_size":{"unit":"px","size":"25"},"text_indent":{"unit":"px","size":"16"},"text_color":"#4f4f4f","icon_typography_typography":"custom","icon_typography_font_size":{"unit":"px","size":"16"},"icon_typography_font_family":"Roboto","icon_typography_font_weight":"500","icon_typography_font_size_tablet":{"unit":"px","size":"12"},"icon_typography_font_size_mobile":{"unit":"px","size":"14"}},"elements":[],"isInner":false,"widgetType":"icon-list","elType":"widget"}],"isInner":true,"elType":"column"}],"isInner":true,"elType":"section"}],"isInner":false,"elType":"column"},{"id":"6ad6","settings":{"_column_size":50,"_inline_size":null,"margin":{"unit":"%","top":"0","right":"0","bottom":"0","left":"5","isLinked":false},"margin_mobile":{"unit":"px","top":"0","right":"0","bottom":"0","left":"0","isLinked":true},"padding_mobile":{"unit":"px","top":"20","right":"0","bottom":"0","left":"0","isLinked":false}},"elements":[{"id":"3ef1","settings":{"image":{"id":831,"url":"http:\/\/localhost\/checkupdate\/wp-content\/uploads\/2018\/03\/jon-flobrant-38755.png"}},"elements":[],"isInner":false,"widgetType":"image","elType":"widget"}],"isInner":false,"elType":"column"}],"isInner":false,"elType":"section"},{"id":"6099","settings":{"background_background":"classic","background_color":"#f5f7f3","padding":{"unit":"px","top":"100","right":"0","bottom":"100","left":"0","isLinked":false},"padding_tablet":{"unit":"px","top":"60","right":"30","bottom":"60","left":"30","isLinked":false}},"elements":[{"id":"35e0","settings":{"_column_size":100,"_inline_size":null,"padding_mobile":{"unit":"px","top":"0","right":"0","bottom":"0","left":"0","isLinked":true}},"elements":[{"id":"2444","settings":{"title":"The best real estate agents in the field","align":"center","title_color":"#4f4f4f","typography_typography":"custom","typography_font_size":{"unit":"px","size":"40"},"typography_font_family":"Roboto","typography_text_transform":"capitalize","typography_font_size_tablet":{"unit":"px","size":"30"},"typography_line_height_mobile":{"unit":"em","size":1.3}},"elements":[],"isInner":false,"widgetType":"heading","elType":"widget"},{"id":"592d","settings":{"editor":"<p>We don't just sell properties, we make it easy for you to find your best affordable home<\/p>","typography_typography":"custom","typography_font_size":{"unit":"px","size":"20"},"typography_font_family":"Roboto","typography_font_weight":"300","typography_line_height":{"unit":"em","size":"1.6"},"align":"center","text_color":"#4f4f4f","_padding":{"unit":"%","top":"0","right":"10","bottom":"0","left":"10","isLinked":false},"typography_font_size_tablet":{"unit":"px","size":"16"},"typography_font_size_mobile":{"unit":"px","size":"17"},"_padding_mobile":{"unit":"px","top":"0","right":"0","bottom":"0","left":"0","isLinked":true},"_padding_tablet":{"unit":"px","top":"0","right":"0","bottom":"0","left":"0","isLinked":true}},"elements":[],"isInner":false,"widgetType":"text-editor","elType":"widget"},{"id":"57ba","settings":{"structure":"20","padding":{"unit":"px","top":"50","right":"0","bottom":"0","left":"0","isLinked":false},"padding_mobile":{"unit":"px","top":"30","right":"0","bottom":"0","left":"0","isLinked":false}},"elements":[{"id":"5b29","settings":{"_column_size":50,"_inline_size":null,"margin":{"unit":"%","top":"0","right":"20","bottom":"0","left":"0","isLinked":false},"margin_tablet":{"unit":"%","top":"0","right":"5","bottom":"0","left":"0","isLinked":false},"padding_mobile":{"unit":"px","top":"0","right":"0","bottom":"0","left":"0","isLinked":true}},"elements":[{"id":"5e62","settings":{"testimonial_content":"","testimonial_image":{"id":832,"url":"http:\/\/localhost\/checkupdate\/wp-content\/uploads\/2018\/03\/488718_PR_133_SI_11_09_14_844-m.png"},"testimonial_name":"Kelly Stewart","testimonial_job":"Senior partner","testimonial_alignment":"left","image_size":{"unit":"px","size":"120"},"name_text_color":"#4f4f4f","name_typography_typography":"custom","name_typography_font_size":{"unit":"px","size":"25"},"name_typography_font_family":"Roboto","job_text_color":"#00ce8d","job_typography_typography":"custom","job_typography_font_size":{"unit":"px","size":"17"},"job_typography_font_family":"Roboto","job_typography_font_style":"italic","job_typography_line_height":{"unit":"em","size":1.6},"name_typography_font_size_tablet":{"unit":"px","size":"20"},"job_typography_font_size_tablet":{"unit":"px","size":"15"}},"elements":[],"isInner":false,"widgetType":"testimonial","elType":"widget"},{"id":"3bf3","settings":{"editor":"<p>Lorem ipsum dolor sit amet, consectetur adipiscing elit. Vestibulum scelerisque ante eu velit fermentum, vitae ultrices dolor scelerisque.\u00a0<\/p>","typography_typography":"custom","typography_font_size":{"unit":"px","size":"17"},"typography_font_family":"Roboto","typography_font_weight":"300","typography_line_height":{"unit":"em","size":"1.6"},"align":"left","text_color":"#4f4f4f","_padding":{"unit":"%","top":"","right":"","bottom":"","left":"","isLinked":true},"typography_font_size_tablet":{"unit":"px","size":"14"}},"elements":[],"isInner":false,"widgetType":"text-editor","elType":"widget"},{"id":"40b0","settings":{"icon_list":[{"text":"1-988-582-333","icon":"fa fa-phone-square","_id":"3qulcof","link":{"url":"","is_external":"","nofollow":""}},{"text":"kellys@mail.com","icon":"fa fa-envelope-square","_id":"aphbsys","link":{"url":"","is_external":"","nofollow":""}}],"space_between":{"unit":"px","size":"10"},"icon_align":"left","icon_color":"#00ce8d","icon_size":{"unit":"px","size":"25"},"text_indent":{"unit":"px","size":"16"},"text_color":"#4f4f4f","icon_typography_typography":"custom","icon_typography_font_size":{"unit":"px","size":"17"},"icon_typography_font_family":"Roboto","icon_typography_font_weight":"500","icon_typography_font_size_tablet":{"unit":"px","size":"14"}},"elements":[],"isInner":false,"widgetType":"icon-list","elType":"widget"}],"isInner":true,"elType":"column"},{"id":"e5","settings":{"_column_size":50,"_inline_size":null,"margin":{"unit":"%","top":"0","right":"0","bottom":"0","left":"20","isLinked":false},"margin_tablet":{"unit":"%","top":"0","right":"0","bottom":"0","left":"5","isLinked":false},"margin_mobile":{"unit":"px","top":"0","right":"0","bottom":"0","left":"0","isLinked":true},"padding_mobile":{"unit":"px","top":"50","right":"0","bottom":"0","left":"0","isLinked":false}},"elements":[{"id":"7eae","settings":{"testimonial_content":"","testimonial_image":{"id":833,"url":"http:\/\/localhost\/checkupdate\/wp-content\/uploads\/2018\/03\/454927_PR_076___SI_16_04_13_298-m.png"},"testimonial_name":"Michael Madsen","testimonial_job":"Senior partner","testimonial_alignment":"left","image_size":{"unit":"px","size":"120"},"name_text_color":"#4f4f4f","name_typography_typography":"custom","name_typography_font_size":{"unit":"px","size":"25"},"name_typography_font_family":"Roboto","job_text_color":"#00ce8d","job_typography_typography":"custom","job_typography_font_size":{"unit":"px","size":"17"},"job_typography_font_family":"Roboto","job_typography_font_style":"italic","job_typography_line_height":{"unit":"em","size":1.6},"name_typography_font_size_tablet":{"unit":"px","size":"20"},"job_typography_font_size_tablet":{"unit":"px","size":"15"}},"elements":[],"isInner":false,"widgetType":"testimonial","elType":"widget"},{"id":"244f","settings":{"editor":"<p>Lorem ipsum dolor sit amet, consectetur adipiscing elit. Vestibulum scelerisque ante eu velit fermentum, vitae ultrices dolor scelerisque.\u00a0<\/p>","typography_typography":"custom","typography_font_size":{"unit":"px","size":"17"},"typography_font_family":"Roboto","typography_font_weight":"300","typography_line_height":{"unit":"em","size":"1.6"},"align":"left","text_color":"#4f4f4f","_padding":{"unit":"%","top":"","right":"","bottom":"","left":"","isLinked":true},"typography_font_size_tablet":{"unit":"px","size":"14"}},"elements":[],"isInner":false,"widgetType":"text-editor","elType":"widget"},{"id":"37dc","settings":{"icon_list":[{"text":"1-988-582-333","icon":"fa fa-phone-square","_id":"3qulcof","link":{"url":"","is_external":"","nofollow":""}},{"text":"michaelm@mail.com","icon":"fa fa-envelope-square","_id":"aphbsys","link":{"url":"","is_external":"","nofollow":""}}],"space_between":{"unit":"px","size":"10"},"icon_align":"left","icon_color":"#00ce8d","icon_size":{"unit":"px","size":"25"},"text_indent":{"unit":"px","size":"16"},"text_color":"#4f4f4f","icon_typography_typography":"custom","icon_typography_font_size":{"unit":"px","size":"17"},"icon_typography_font_family":"Roboto","icon_typography_font_weight":"500","icon_typography_font_size_tablet":{"unit":"px","size":"14"}},"elements":[],"isInner":false,"widgetType":"icon-list","elType":"widget"}],"isInner":true,"elType":"column"}],"isInner":true,"elType":"section"},{"id":"7e3","settings":{"structure":"20","padding":{"unit":"px","top":"50","right":"0","bottom":"0","left":"0","isLinked":false},"padding_mobile":{"unit":"px","top":"0","right":"0","bottom":"0","left":"0","isLinked":true}},"elements":[{"id":"3586","settings":{"_column_size":50,"_inline_size":null,"margin":{"unit":"%","top":"0","right":"20","bottom":"0","left":"0","isLinked":false},"margin_tablet":{"unit":"%","top":"0","right":"5","bottom":"0","left":"0","isLinked":false},"margin_mobile":{"unit":"px","top":"0","right":"0","bottom":"0","left":"0","isLinked":true},"padding_mobile":{"unit":"px","top":"50","right":"0","bottom":"0","left":"0","isLinked":false}},"elements":[{"id":"366b","settings":{"testimonial_content":"","testimonial_image":{"id":834,"url":"http:\/\/localhost\/checkupdate\/wp-content\/uploads\/2018\/03\/458206_PR_072__SC___07_03_13_306-m.png"},"testimonial_name":"Richard Riehle","testimonial_job":"Real Estate Agent","testimonial_alignment":"left","image_size":{"unit":"px","size":"120"},"name_text_color":"#4f4f4f","name_typography_typography":"custom","name_typography_font_size":{"unit":"px","size":"25"},"name_typography_font_family":"Roboto","job_text_color":"#00ce8d","job_typography_typography":"custom","job_typography_font_size":{"unit":"px","size":"17"},"job_typography_font_family":"Roboto","job_typography_font_style":"italic","job_typography_line_height":{"unit":"em","size":1.6},"name_typography_font_size_tablet":{"unit":"px","size":"20"},"job_typography_font_size_tablet":{"unit":"px","size":"15"}},"elements":[],"isInner":false,"widgetType":"testimonial","elType":"widget"},{"id":"75c8","settings":{"editor":"<p>Lorem ipsum dolor sit amet, consectetur adipiscing elit. Vestibulum scelerisque ante eu velit fermentum, vitae ultrices dolor scelerisque.\u00a0<\/p>","typography_typography":"custom","typography_font_size":{"unit":"px","size":"17"},"typography_font_family":"Roboto","typography_font_weight":"300","typography_line_height":{"unit":"em","size":"1.6"},"align":"left","text_color":"#4f4f4f","_padding":{"unit":"%","top":"","right":"","bottom":"","left":"","isLinked":true},"typography_font_size_tablet":{"unit":"px","size":"14"}},"elements":[],"isInner":false,"widgetType":"text-editor","elType":"widget"},{"id":"4661","settings":{"icon_list":[{"text":"1-988-582-333","icon":"fa fa-phone-square","_id":"3qulcof","link":{"url":"","is_external":"","nofollow":""}},{"text":"richardr@mail.com","icon":"fa fa-envelope-square","_id":"aphbsys","link":{"url":"","is_external":"","nofollow":""}}],"space_between":{"unit":"px","size":"10"},"icon_align":"left","icon_color":"#00ce8d","icon_size":{"unit":"px","size":"25"},"text_indent":{"unit":"px","size":"16"},"text_color":"#4f4f4f","icon_typography_typography":"custom","icon_typography_font_size":{"unit":"px","size":"17"},"icon_typography_font_family":"Roboto","icon_typography_font_weight":"500","icon_typography_font_size_tablet":{"unit":"px","size":"14"}},"elements":[],"isInner":false,"widgetType":"icon-list","elType":"widget"}],"isInner":true,"elType":"column"},{"id":"2412","settings":{"_column_size":50,"_inline_size":null,"margin":{"unit":"%","top":"0","right":"0","bottom":"0","left":"20","isLinked":false},"margin_tablet":{"unit":"%","top":"0","right":"0","bottom":"0","left":"5","isLinked":false},"margin_mobile":{"unit":"px","top":"0","right":"0","bottom":"0","left":"0","isLinked":true},"padding_mobile":{"unit":"px","top":"50","right":"0","bottom":"0","left":"0","isLinked":false}},"elements":[{"id":"4e47","settings":{"testimonial_content":"","testimonial_image":{"id":835,"url":"http:\/\/localhost\/checkupdate\/wp-content\/uploads\/2018\/03\/PR-008-SI-12_03_12-049.png"},"testimonial_name":"Jayne Atkinson","testimonial_job":"Real Estate Agent","testimonial_alignment":"left","image_size":{"unit":"px","size":"120"},"name_text_color":"#4f4f4f","name_typography_typography":"custom","name_typography_font_size":{"unit":"px","size":"25"},"name_typography_font_family":"Roboto","job_text_color":"#00ce8d","job_typography_typography":"custom","job_typography_font_size":{"unit":"px","size":"17"},"job_typography_font_family":"Roboto","job_typography_font_style":"italic","job_typography_line_height":{"unit":"em","size":1.6},"name_typography_font_size_tablet":{"unit":"px","size":"20"},"job_typography_font_size_tablet":{"unit":"px","size":"15"}},"elements":[],"isInner":false,"widgetType":"testimonial","elType":"widget"},{"id":"2674","settings":{"editor":"<p>Lorem ipsum dolor sit amet, consectetur adipiscing elit. Vestibulum scelerisque ante eu velit fermentum, vitae ultrices dolor scelerisque.\u00a0<\/p>","typography_typography":"custom","typography_font_size":{"unit":"px","size":"17"},"typography_font_family":"Roboto","typography_font_weight":"300","typography_line_height":{"unit":"em","size":"1.6"},"align":"left","text_color":"#4f4f4f","_padding":{"unit":"%","top":"","right":"","bottom":"","left":"","isLinked":true},"typography_font_size_tablet":{"unit":"px","size":"14"}},"elements":[],"isInner":false,"widgetType":"text-editor","elType":"widget"},{"id":"679d","settings":{"icon_list":[{"text":"1-988-582-333","icon":"fa fa-phone-square","_id":"3qulcof","link":{"url":"","is_external":"","nofollow":""}},{"text":"jaynea@mail.com","icon":"fa fa-envelope-square","_id":"aphbsys","link":{"url":"","is_external":"","nofollow":""}}],"space_between":{"unit":"px","size":"10"},"icon_align":"left","icon_color":"#00ce8d","icon_size":{"unit":"px","size":"25"},"text_indent":{"unit":"px","size":"16"},"text_color":"#4f4f4f","icon_typography_typography":"custom","icon_typography_font_size":{"unit":"px","size":"17"},"icon_typography_font_family":"Roboto","icon_typography_font_weight":"500","icon_typography_font_size_tablet":{"unit":"px","size":"14"}},"elements":[],"isInner":false,"widgetType":"icon-list","elType":"widget"}],"isInner":true,"elType":"column"}],"isInner":true,"elType":"section"}],"isInner":false,"elType":"column"}],"isInner":false,"elType":"section"},{"id":"60f8","settings":{"gap":"no","structure":"20","background_background":"classic","background_image":{"id":837,"url":"http:\/\/localhost\/checkupdate\/wp-content\/uploads\/2018\/03\/christian-koch-79679.png"},"background_overlay_background":"classic","background_overlay_color":"#000000","background_overlay_opacity":{"unit":"px","size":"0.3"},"padding":{"unit":"px","top":"100","right":"0","bottom":"0","left":"0","isLinked":false},"padding_tablet":{"unit":"px","top":"80","right":"30","bottom":"0","left":"30","isLinked":false},"padding_mobile":{"unit":"px","top":"65","right":"30","bottom":"0","left":"30","isLinked":false}},"elements":[{"id":"6d55","settings":{"_column_size":50,"_inline_size":"52.895","content_position":"center","margin_tablet":{"unit":"%","top":"0","right":"10","bottom":"0","left":"0","isLinked":false},"margin_mobile":{"unit":"px","top":"0","right":"0","bottom":"0","left":"0","isLinked":true},"padding_mobile":{"unit":"px","top":"0","right":"0","bottom":"0","left":"0","isLinked":true}},"elements":[{"id":"6f5e","settings":{"title":"New year\u2019s \nspecial prices","align":"left","title_color":"#ffffff","typography_typography":"custom","typography_font_size":{"unit":"px","size":"70"},"typography_font_family":"Roboto","typography_text_transform":"uppercase","align_mobile":"center","typography_font_size_tablet":{"unit":"px","size":"42"},"typography_font_size_mobile":{"unit":"px","size":"38"},"typography_line_height_mobile":{"unit":"em","size":"1.2"}},"elements":[],"isInner":false,"widgetType":"heading","elType":"widget"},{"id":"3f3f","settings":{"title":"This amazing property for pre-sale prices!","align":"left","title_color":"#ffffff","typography_typography":"custom","typography_font_size":{"unit":"px","size":"30"},"typography_font_family":"Roboto","typography_font_weight":"600","_padding":{"unit":"px","top":"10","right":"0","bottom":"30","left":"0","isLinked":false},"header_size":"h5","align_mobile":"center","typography_font_size_mobile":{"unit":"px","size":"25"},"typography_line_height_tablet":{"unit":"em","size":1.2},"_padding_tablet":{"unit":"px","top":"0","right":"0","bottom":"20","left":"0","isLinked":false}},"elements":[],"isInner":false,"widgetType":"heading","elType":"widget"},{"id":"500c","settings":{"text":"Request showing","typography_typography":"custom","typography_font_size":{"unit":"px","size":"25"},"typography_font_family":"Roboto","typography_letter_spacing":{"unit":"px","size":"2"},"background_color":"#00ce8d","button_hover_border_color":"#ffffff","hover_animation":"grow","border_border":"solid","border_color":"#00ce8d","border_radius":{"unit":"px","top":"0","right":"0","bottom":"0","left":"0","isLinked":true},"text_padding":{"unit":"px","top":"20","right":"35","bottom":"20","left":"35","isLinked":false},"_padding":{"unit":"px","top":"0","right":"0","bottom":"50","left":"0","isLinked":false},"align_mobile":"center","typography_font_size_tablet":{"unit":"px","size":"20"},"typography_font_size_mobile":{"unit":"px","size":"18"},"_padding_mobile":{"unit":"px","top":"0","right":"0","bottom":"30","left":"0","isLinked":false}},"elements":[],"isInner":false,"widgetType":"button","elType":"widget"}],"isInner":false,"elType":"column"},{"id":"105b","settings":{"_column_size":50,"_inline_size":"47.105","content_position":"bottom"},"elements":[{"id":"236a","settings":{"image":{"id":836,"url":"http:\/\/localhost\/checkupdate\/wp-content\/uploads\/2018\/03\/z.png"},"opacity":{"unit":"px","size":"0.95"},"_margin_tablet":{"unit":"px","top":"-29","right":"-29","bottom":"0","left":"-29","isLinked":false},"_margin_mobile":{"unit":"px","top":"0","right":"0","bottom":"0","left":"0","isLinked":true}},"elements":[],"isInner":false,"widgetType":"image","elType":"widget"}],"isInner":false,"elType":"column"}],"isInner":false,"elType":"section"}],"page_settings":{"hide_title":"yes"}}