{"version":"0.4","title":"Ski Resort \u2013 Homepage","type":"page","content":[{"id":"129d","settings":{"content_width":{"unit":"px","size":"1300"},"structure":"20","background_background":"classic","background_image":{"id":979,"url":"http:\/\/localhost\/checkupdate\/wp-content\/uploads\/2018\/03\/1-3.png"},"background_size":"cover","background_overlay_background":"classic","background_overlay_color":"#000000","margin_mobile":{"unit":"px","top":"0","right":0,"bottom":"0","left":0,"isLinked":false},"padding":{"unit":"px","top":"200","right":"0","bottom":"200","left":"0","isLinked":false},"padding_tablet":{"unit":"px","top":"100","right":"30","bottom":"100","left":"30","isLinked":false},"padding_mobile":{"unit":"px","top":"30","right":"0","bottom":"30","left":"0","isLinked":false},"section_custom_css_pro":"","custom_css_pro":""},"elements":[{"id":"4161","settings":{"_column_size":50,"margin":{"unit":"px","top":"0","right":"80","bottom":"0","left":"0","isLinked":false},"margin_mobile":{"unit":"px","top":"0","right":"0","bottom":"0","left":"0","isLinked":true},"padding_tablet":{"unit":"px","top":"0","right":"0","bottom":"0","left":"0","isLinked":true},"padding_mobile":{"unit":"px","top":"20","right":"20","bottom":"50","left":"20","isLinked":false},"section_custom_css_pro":"","custom_css_pro":"","_inline_size_tablet":50},"elements":[{"id":"796b","settings":{"title":"Luxury Ski Resort At The Alps","header_size":"h1","align_mobile":"center","title_color":"#ffffff","typography_typography":"custom","typography_font_size":{"unit":"px","size":"90"},"typography_font_size_tablet":{"unit":"px","size":"60"},"typography_font_family":"Rozha One","typography_line_height_tablet":{"unit":"em","size":""},"typography_line_height_mobile":{"unit":"em","size":""},"typography_letter_spacing":{"unit":"px","size":"-1"},"_padding_tablet":{"unit":"px","top":"0","right":"0","bottom":"0","left":"0","isLinked":false},"section_custom_css_pro":"","custom_css_pro":"","typography_font_size_mobile":{"unit":"px","size":"44"},"typography_font_weight":"100"},"elements":[],"isInner":false,"widgetType":"heading","elType":"widget"},{"id":"7cc8","settings":{"weight":{"unit":"px","size":"6"},"color":"#f90784","width":{"unit":"%","size":"10"},"align":"left","align_mobile":"center","section_custom_css_pro":"","custom_css_pro":"","width_tablet":{"unit":"%","size":21}},"elements":[],"isInner":false,"widgetType":"divider","elType":"widget"}],"isInner":false,"elType":"column"},{"id":"1d74","settings":{"_column_size":50,"_inline_size":"35.616","background_background":"classic","background_color":"rgba(22,23,44,0.64)","margin":{"unit":"px","top":"0","right":"0","bottom":"40","left":"40","isLinked":false},"margin_tablet":{"unit":"px","top":"0","right":"0","bottom":"0","left":"0","isLinked":true},"padding":{"unit":"px","top":"50","right":"50","bottom":"50","left":"50","isLinked":true},"padding_tablet":{"unit":"px","top":"20","right":"20","bottom":"20","left":"20","isLinked":true},"section_custom_css_pro":"","custom_css_pro":"","margin_mobile":{"unit":"px","top":"-23","right":"20","bottom":"0","left":"20","isLinked":false},"padding_mobile":{"unit":"px","top":"40","right":"30","bottom":"40","left":"30","isLinked":false},"_inline_size_tablet":50},"elements":[{"id":"1486","settings":{"editor":"<p>fill in your details and one of our representatives will be happy to assist you shortly<\/p>","align":"center","text_color":"#ffffff","typography_typography":"custom","typography_font_size":{"unit":"px","size":"20"},"typography_font_size_tablet":{"unit":"px","size":"14"},"typography_font_family":"Rozha One","typography_line_height_tablet":{"unit":"em","size":1.4},"typography_line_height_mobile":{"unit":"em","size":""},"_padding":{"unit":"px","top":"0","right":"0","bottom":"0","left":"0","isLinked":true},"_padding_tablet":{"unit":"px","top":"0","right":"0","bottom":"0","left":"0","isLinked":false},"section_custom_css_pro":"","custom_css_pro":"","typography_font_size_mobile":{"unit":"px","size":"17"},"typography_font_weight":"100"},"elements":[],"isInner":false,"widgetType":"text-editor","elType":"widget"},{"id":"4147","elType":"widget","settings":{"form_name":"New Form","form_fields":[{"field_type":"text","field_label":"Name","placeholder":"Name","width":"100","required":"","field_options":"","inline_list":"","rows":4,"recaptcha_size":"normal","recaptcha_style":"light","css_classes":"","_id":"j5viztu","form_fields_tabs":"","form_fields_content_tab":"","width_tablet":"","width_mobile":"","form_fields_advanced_tab":"","shortcode":"","field_value":"","file_sizes":"","file_types":"","allow_multiple_upload":"","max_files":"","acceptance_text":"","checked_by_default":"","field_min":"","field_max":"","min_date":"","max_date":"","use_native_date":"","use_native_time":"","allow_multiple":"","select_size":"","field_html":""},{"field_type":"text","field_label":"Phone","placeholder":"Phone","width":"100","required":"","field_options":"","inline_list":"","rows":4,"recaptcha_size":"normal","recaptcha_style":"light","css_classes":"","_id":"utfnhcw","form_fields_tabs":"","form_fields_content_tab":"","width_tablet":"","width_mobile":"","form_fields_advanced_tab":"","shortcode":"","field_value":"","file_sizes":"","file_types":"","allow_multiple_upload":"","max_files":"","acceptance_text":"","checked_by_default":"","field_min":"","field_max":"","min_date":"","max_date":"","use_native_date":"","use_native_time":"","allow_multiple":"","select_size":"","field_html":""},{"field_type":"text","field_label":"Email","placeholder":"Email","width":"100","required":"","field_options":"","inline_list":"","rows":4,"recaptcha_size":"normal","recaptcha_style":"light","css_classes":"","_id":"uj2vga6","form_fields_tabs":"","form_fields_content_tab":"","width_tablet":"","width_mobile":"","form_fields_advanced_tab":"","shortcode":"","field_value":"","file_sizes":"","file_types":"","allow_multiple_upload":"","max_files":"","acceptance_text":"","checked_by_default":"","field_min":"","field_max":"","min_date":"","max_date":"","use_native_date":"","use_native_time":"","allow_multiple":"","select_size":"","field_html":""}],"input_size":"md","show_labels":"","button_text":"contact me","button_size":"lg","button_align_tablet":"stretch","button_align_mobile":"stretch","email_to":"kingyes1@gmail.com","email_subject":"New message from \"Elementor\"","email_from":"email@demo.elementor.com","email_from_name":"Elementor","success_message":"The message was sent successfully!","error_message":"There's something wrong... Please fill in the required fields.","required_field_message":"Required","invalid_message":"There's something wrong... The form is invalid.","column_gap":{"unit":"px","size":"10"},"row_gap":{"unit":"px","size":"20"},"label_typography_line_height_tablet":{"unit":"em","size":""},"label_typography_line_height_mobile":{"unit":"em","size":""},"field_typography_typography":"custom","field_typography_font_size_tablet":{"unit":"px","size":"14"},"field_typography_line_height_tablet":{"unit":"em","size":0.1},"field_typography_line_height_mobile":{"unit":"em","size":""},"field_border_radius":{"unit":"px","top":"50","right":"50","bottom":"50","left":"50","isLinked":true},"button_typography_typography":"custom","button_typography_font_size_tablet":{"unit":"px","size":"12"},"button_typography_font_family":"Poppins","button_typography_font_weight":"bold","button_typography_text_transform":"uppercase","button_typography_line_height":{"unit":"em","size":"1.5"},"button_typography_line_height_tablet":{"unit":"em","size":0.8},"button_typography_line_height_mobile":{"unit":"em","size":""},"button_typography_letter_spacing":{"unit":"px","size":2.2},"button_background_color":"#f90784","button_border_radius":{"unit":"px","top":"0","right":"0","bottom":"0","left":"0","isLinked":true},"section_custom_css_pro":"","custom_css_pro":"","submit_actions":[],"email_content":"[all-fields]","email_to_2":"no-reply@elementor.com","email_subject_2":"New message from \"Elementor\"","email_content_2":"[all-fields]","email_from_2":"email@demo.elementor.com","email_from_name_2":"Elementor","email_reply_to_2":"no-reply@elementor.com","button_border_border":"solid","button_border_width":{"unit":"px","top":"3","right":"3","bottom":"3","left":"3","isLinked":true},"button_border_color":"#f90784","button_text_padding":{"unit":"px","top":"15","right":"15","bottom":"15","left":"15","isLinked":true},"button_hover_color":"#f90784","button_background_hover_color":"#ffffff"},"elements":[],"widgetType":"form"}],"isInner":false,"elType":"column"}],"isInner":false,"elType":"section"},{"id":"135b","settings":{"content_width":{"unit":"px","size":"1300"},"structure":"30","margin_mobile":{"unit":"px","top":"0","right":0,"bottom":"0","left":0,"isLinked":true},"padding":{"unit":"px","top":"100","right":"0","bottom":"100","left":"0","isLinked":false},"padding_tablet":{"unit":"px","top":"60","right":"30","bottom":"40","left":"30","isLinked":false},"padding_mobile":{"unit":"px","top":"50","right":"50","bottom":"50","left":"50","isLinked":true},"section_custom_css_pro":"","custom_css_pro":""},"elements":[{"id":"1ce0","settings":{"_column_size":33,"_inline_size":null,"background_background":"classic","background_image":{"id":980,"url":"http:\/\/localhost\/checkupdate\/wp-content\/uploads\/2018\/03\/1.-1-1.png"},"background_repeat":"no-repeat","margin":{"unit":"px","top":"0","right":"60","bottom":"0","left":"0","isLinked":false},"margin_tablet":{"unit":"px","top":"0","right":"200","bottom":"0","left":"0","isLinked":false},"margin_mobile":{"unit":"px","top":"0","right":"0","bottom":"0","left":"0","isLinked":true},"padding_mobile":{"unit":"px","top":"0","right":"0","bottom":"50","left":"0","isLinked":false},"screen_sm":"custom","section_custom_css_pro":"","custom_css_pro":""},"elements":[{"id":"7312","settings":{"title":"Great <br>\nHospitality","title_color":"#16172c","typography_typography":"custom","typography_font_size":{"unit":"px","size":"22"},"typography_font_size_tablet":{"unit":"px","size":"18"},"typography_font_family":"Poppins","typography_font_weight":"600","typography_line_height_tablet":{"unit":"em","size":""},"typography_line_height_mobile":{"unit":"em","size":""},"_margin":{"unit":"px","top":"20","right":"0","bottom":"0","left":"0","isLinked":false},"_margin_tablet":{"unit":"px","top":"25","right":"0","bottom":"0","left":"0","isLinked":false},"_padding":{"unit":"px","top":"0","right":"0","bottom":"0","left":"120","isLinked":false},"_padding_tablet":{"unit":"px","top":"0","right":"0","bottom":"0","left":"100","isLinked":false},"section_custom_css_pro":"","custom_css_pro":""},"elements":[],"isInner":false,"widgetType":"heading","elType":"widget"},{"id":"2ae3","settings":{"editor":"<p>\u00a0Lorem ipsum dolor sit amet, consectetur adipiscing elit. Ut elit tellus, luctus nec ullamcorper mattis, pulvinar dapibus leo.<\/p>","text_color":"#16172c","typography_typography":"custom","typography_font_size_tablet":{"unit":"px","size":"12"},"typography_font_family":"Poppins","typography_line_height_tablet":{"unit":"em","size":"1.6"},"typography_line_height_mobile":{"unit":"em","size":""},"_margin":{"unit":"px","top":"50","right":"0","bottom":"0","left":"0","isLinked":false},"_padding":{"unit":"px","top":"0","right":"0","bottom":"0","left":"0","isLinked":false},"section_custom_css_pro":"","custom_css_pro":""},"elements":[],"isInner":false,"widgetType":"text-editor","elType":"widget"}],"isInner":false,"elType":"column"},{"id":"123f","settings":{"_column_size":33,"_inline_size":null,"background_background":"classic","background_image":{"id":981,"url":"http:\/\/localhost\/checkupdate\/wp-content\/uploads\/2018\/03\/2.-1-1.png"},"background_repeat":"no-repeat","margin":{"unit":"px","top":"0","right":"30","bottom":"0","left":"30","isLinked":false},"margin_tablet":{"unit":"px","top":"0","right":"10","bottom":"10","left":"0","isLinked":false},"padding_mobile":{"unit":"px","top":"0","right":"0","bottom":"50","left":"0","isLinked":false},"section_custom_css_pro":"","custom_css_pro":""},"elements":[{"id":"3b99","settings":{"title":"Ski  <br>\nLessons ","title_color":"#16172c","typography_typography":"custom","typography_font_size":{"unit":"px","size":"22"},"typography_font_size_tablet":{"unit":"px","size":"18"},"typography_font_family":"Poppins","typography_font_weight":"600","typography_line_height_tablet":{"unit":"em","size":""},"typography_line_height_mobile":{"unit":"em","size":""},"_margin":{"unit":"px","top":"20","right":"0","bottom":"0","left":"0","isLinked":false},"_margin_tablet":{"unit":"px","top":"25","right":"0","bottom":"0","left":"0","isLinked":false},"_padding":{"unit":"px","top":"0","right":"0","bottom":"0","left":"120","isLinked":false},"_padding_tablet":{"unit":"px","top":"0","right":"0","bottom":"0","left":"100","isLinked":false},"section_custom_css_pro":"","custom_css_pro":""},"elements":[],"isInner":false,"widgetType":"heading","elType":"widget"},{"id":"2e5e","settings":{"editor":"<p>In sollicitudin mattis ligula quis elementum. Phasellus venenatis ex eget lobortis eleifend. Suspendisse potenti. Sed vehicula.<\/p>","text_color":"#16172c","typography_typography":"custom","typography_font_size_tablet":{"unit":"px","size":"12"},"typography_font_family":"Poppins","typography_line_height_tablet":{"unit":"em","size":"1.6"},"typography_line_height_mobile":{"unit":"em","size":""},"_margin":{"unit":"px","top":"50","right":"0","bottom":"0","left":"0","isLinked":false},"_padding":{"unit":"px","top":"0","right":"0","bottom":"0","left":"0","isLinked":false},"section_custom_css_pro":"","custom_css_pro":""},"elements":[],"isInner":false,"widgetType":"text-editor","elType":"widget"}],"isInner":false,"elType":"column"},{"id":"526a","settings":{"_column_size":33,"_inline_size":null,"background_background":"classic","background_image":{"id":982,"url":"http:\/\/localhost\/checkupdate\/wp-content\/uploads\/2018\/03\/3.-1-1.png"},"background_repeat":"no-repeat","margin":{"unit":"px","top":"0","right":"0","bottom":"0","left":"60","isLinked":false},"margin_tablet":{"unit":"px","top":"0","right":"0","bottom":"0","left":"20","isLinked":false},"padding":{"unit":"px","top":"0","right":"0","bottom":"0","left":"0","isLinked":true},"section_custom_css_pro":"","custom_css_pro":""},"elements":[{"id":"270c","settings":{"title":"Equipment <br>\nRental\n","title_color":"#16172c","typography_typography":"custom","typography_font_size":{"unit":"px","size":"22"},"typography_font_size_tablet":{"unit":"px","size":"18"},"typography_font_family":"Poppins","typography_font_weight":"600","typography_line_height_tablet":{"unit":"em","size":""},"typography_line_height_mobile":{"unit":"em","size":""},"_margin":{"unit":"px","top":"20","right":"0","bottom":"0","left":"0","isLinked":false},"_margin_tablet":{"unit":"px","top":"25","right":"0","bottom":"0","left":"0","isLinked":false},"_padding":{"unit":"px","top":"0","right":"0","bottom":"0","left":"120","isLinked":false},"_padding_tablet":{"unit":"px","top":"0","right":"0","bottom":"0","left":"100","isLinked":false},"section_custom_css_pro":"","custom_css_pro":""},"elements":[],"isInner":false,"widgetType":"heading","elType":"widget"},{"id":"7855","settings":{"editor":"<p>Suspendisse nec tristique nisi. Vestibulum ante ipsum primis in faucibus orci luctus posuere cubilia Curae; Vivamus \u00a0 facilisis nec ex.<\/p>","text_color":"#16172c","typography_typography":"custom","typography_font_size_tablet":{"unit":"px","size":"12"},"typography_font_family":"Poppins","typography_line_height_tablet":{"unit":"em","size":"1.6"},"typography_line_height_mobile":{"unit":"em","size":""},"_margin":{"unit":"px","top":"60","right":"0","bottom":"0","left":"0","isLinked":false},"_padding":{"unit":"px","top":"0","right":"0","bottom":"0","left":"0","isLinked":false},"section_custom_css_pro":"","custom_css_pro":""},"elements":[],"isInner":false,"widgetType":"text-editor","elType":"widget"}],"isInner":false,"elType":"column"}],"isInner":false,"elType":"section"},{"id":"6b0e","settings":{"layout":"full_width","gap":"wider","structure":"20","margin":{"unit":"px","top":"0","right":0,"bottom":"0","left":0,"isLinked":false},"margin_tablet":{"unit":"px","top":"0","right":0,"bottom":"0","left":0,"isLinked":true},"margin_mobile":{"unit":"px","top":"0","right":0,"bottom":"0","left":0,"isLinked":true},"padding":{"unit":"px","top":"0","right":"0","bottom":"0","left":"0","isLinked":false},"padding_tablet":{"unit":"px","top":"0","right":"0","bottom":"0","left":"0","isLinked":true},"padding_mobile":{"unit":"px","top":"0","right":"0","bottom":"0","left":"0","isLinked":true},"section_custom_css_pro":"","custom_css_pro":"","reverse_order_mobile":"reverse-mobile"},"elements":[{"id":"a37","settings":{"_column_size":50,"_inline_size":null,"background_background":"classic","background_image":{"id":983,"url":"http:\/\/localhost\/checkupdate\/wp-content\/uploads\/2018\/03\/2-2-1.png"},"background_position":"center center","background_size":"cover","margin":{"unit":"px","top":"0","right":"5","bottom":"0","left":"0","isLinked":false},"margin_mobile":{"unit":"px","top":"0","right":"0","bottom":"0","left":"0","isLinked":true},"padding":{"unit":"px","top":"100","right":"500","bottom":"300","left":"50","isLinked":false},"padding_tablet":{"unit":"px","top":"100","right":"0","bottom":"100","left":"30","isLinked":false},"padding_mobile":{"unit":"px","top":"50","right":"0","bottom":"150","left":"20","isLinked":false},"section_custom_css_pro":"","custom_css_pro":"","animation":"fadeInLeft"},"elements":[{"id":"27f8","settings":{"title":"Special Offer","align":"center","align_tablet":"left","title_color":"#f90784","typography_typography":"custom","typography_font_size":{"unit":"px","size":"38"},"typography_font_size_tablet":{"unit":"px","size":"25"},"typography_font_family":"Rozha One","typography_line_height_tablet":{"unit":"em","size":""},"typography_line_height_mobile":{"unit":"em","size":""},"section_custom_css_pro":"","custom_css_pro":"","typography_font_weight":"100"},"elements":[],"isInner":false,"widgetType":"heading","elType":"widget"},{"id":"44d1","settings":{"editor":"<p>Save 15% on your next vacation<\/p>","align":"center","align_tablet":"left","text_color":"#16172c","typography_typography":"custom","typography_font_size":{"unit":"px","size":"16"},"typography_font_size_tablet":{"unit":"px","size":"13"},"typography_font_family":"Poppins","typography_line_height_tablet":{"unit":"em","size":""},"typography_line_height_mobile":{"unit":"em","size":""},"_margin":{"unit":"px","top":"0","right":"0","bottom":"0","left":"0","isLinked":false},"section_custom_css_pro":"","custom_css_pro":""},"elements":[],"isInner":false,"widgetType":"text-editor","elType":"widget"},{"id":"2b36","settings":{"text":"view offer","align":"center","align_tablet":"left","typography_typography":"custom","typography_font_size":{"unit":"px","size":"14"},"typography_font_size_tablet":{"unit":"px","size":"12"},"typography_font_family":"Poppins","typography_font_weight":"600","typography_text_transform":"uppercase","typography_line_height_tablet":{"unit":"em","size":""},"typography_line_height_mobile":{"unit":"em","size":""},"typography_letter_spacing":{"unit":"px","size":"3"},"background_color":"#f90784","border_radius":{"unit":"px","top":"0","right":"0","bottom":"0","left":"0","isLinked":true},"text_padding":{"unit":"px","top":"12","right":"30","bottom":"12","left":"30","isLinked":false},"section_hover":"","section_custom_css_pro":"","custom_css_pro":"","hover_color":"#f90784","button_background_hover_color":"rgba(0,0,0,0)","button_hover_border_color":"#f90784","border_border":"solid","border_color":"#f90784","border_width":{"unit":"px","top":"2","right":"2","bottom":"2","left":"2","isLinked":true}},"elements":[],"isInner":false,"widgetType":"button","elType":"widget"}],"isInner":false,"elType":"column"},{"id":"3d09","settings":{"_column_size":50,"_inline_size":null,"background_background":"classic","background_image":{"id":984,"url":"http:\/\/localhost\/checkupdate\/wp-content\/uploads\/2018\/03\/3-2-3.png"},"background_position":"center center","background_size":"cover","margin":{"unit":"px","top":"0","right":"0","bottom":"0","left":"5","isLinked":false},"margin_mobile":{"unit":"px","top":"0","right":"0","bottom":"0","left":"0","isLinked":true},"padding":{"unit":"px","top":"100","right":"100","bottom":"100","left":"100","isLinked":true},"padding_mobile":{"unit":"px","top":"100","right":"50","bottom":"100","left":"50","isLinked":false},"section_custom_css_pro":"","custom_css_pro":"","animation":"fadeInRight"},"elements":[{"id":"7e10","settings":{"margin":{"unit":"px","top":"-50","right":0,"bottom":"0","left":0,"isLinked":false},"section_custom_css_pro":"","custom_css_pro":"","margin_mobile":{"unit":"px","top":"0","right":0,"bottom":"0","left":0,"isLinked":true},"padding_mobile":{"unit":"px","top":"0","right":"0","bottom":"0","left":"0","isLinked":true}},"elements":[{"id":"12d3","settings":{"_column_size":100,"_inline_size":null,"background_background":"classic","background_color":"rgba(255,255,255,0.75)","margin":{"unit":"px","top":"0","right":"90","bottom":"0","left":"90","isLinked":false},"margin_tablet":{"unit":"px","top":"0","right":"0","bottom":"0","left":"0","isLinked":true},"margin_mobile":{"unit":"px","top":"0","right":"0","bottom":"0","left":"0","isLinked":true},"padding_tablet":{"unit":"px","top":"30","right":"30","bottom":"30","left":"30","isLinked":true},"padding_mobile":{"unit":"px","top":"20","right":"20","bottom":"20","left":"20","isLinked":true},"section_custom_css_pro":"","custom_css_pro":"","padding":{"unit":"px","top":"20","right":"20","bottom":"20","left":"20","isLinked":true}},"elements":[{"id":"4ba4","settings":{"title":"Romantic Vacation","align":"center","title_color":"#f90784","typography_typography":"custom","typography_font_size":{"unit":"px","size":"38"},"typography_font_size_tablet":{"unit":"px","size":"25"},"typography_font_family":"Rozha One","typography_line_height_tablet":{"unit":"em","size":""},"typography_line_height_mobile":{"unit":"em","size":""},"section_custom_css_pro":"","custom_css_pro":"","typography_font_weight":"100","header_size":"h3"},"elements":[],"isInner":false,"widgetType":"heading","elType":"widget"},{"id":"5d0d","settings":{"editor":"<p>Top rated honeymoon suites and many romantic treats<\/p>","align":"center","text_color":"#16172c","typography_typography":"custom","typography_font_size":{"unit":"px","size":"16"},"typography_font_size_tablet":{"unit":"px","size":"13"},"typography_font_family":"Poppins","typography_line_height_tablet":{"unit":"em","size":"1.8"},"typography_line_height_mobile":{"unit":"em","size":""},"_margin":{"unit":"px","top":"-10","right":"0","bottom":"0","left":"0","isLinked":false},"section_custom_css_pro":"","custom_css_pro":"","typography_font_size_mobile":{"unit":"px","size":"14"}},"elements":[],"isInner":false,"widgetType":"text-editor","elType":"widget"},{"id":"44c2","settings":{"icon":"fa fa-heart","align_tablet":"center","align_mobile":"center","primary_color":"#f90784","size":{"unit":"px","size":"20"},"section_custom_css_pro":"","custom_css_pro":""},"elements":[],"isInner":false,"widgetType":"icon","elType":"widget"}],"isInner":true,"elType":"column"}],"isInner":true,"elType":"section"}],"isInner":false,"elType":"column"}],"isInner":false,"elType":"section"},{"id":"237d","settings":{"layout":"full_width","gap":"wider","structure":"20","margin":{"unit":"px","top":"10","right":0,"bottom":"10","left":0,"isLinked":true},"margin_mobile":{"unit":"px","top":"0","right":0,"bottom":"0","left":0,"isLinked":true},"padding":{"unit":"px","top":"0","right":"0","bottom":"0","left":"0","isLinked":false},"padding_mobile":{"unit":"px","top":"0","right":"0","bottom":"0","left":"0","isLinked":true},"section_custom_css_pro":"","custom_css_pro":""},"elements":[{"id":"7f28","settings":{"_column_size":50,"_inline_size":null,"background_background":"classic","background_image":{"id":985,"url":"http:\/\/localhost\/checkupdate\/wp-content\/uploads\/2018\/03\/4-3-1.png"},"background_position":"center center","background_size":"cover","margin":{"unit":"px","top":"0","right":"5","bottom":"0","left":"0","isLinked":false},"margin_mobile":{"unit":"px","top":"0","right":"0","bottom":"0","left":"0","isLinked":true},"padding":{"unit":"px","top":"100","right":"100","bottom":"100","left":"100","isLinked":true},"padding_mobile":{"unit":"px","top":"100","right":"50","bottom":"100","left":"50","isLinked":false},"section_custom_css_pro":"","custom_css_pro":"","animation":"fadeInLeft"},"elements":[{"id":"94b","settings":{"margin":{"unit":"px","top":"-50","right":0,"bottom":"0","left":0,"isLinked":false},"margin_tablet":{"unit":"px","top":"0","right":0,"bottom":"0","left":0,"isLinked":true},"padding_tablet":{"unit":"px","top":"0","right":"0","bottom":"0","left":"0","isLinked":true},"section_custom_css_pro":"","custom_css_pro":"","margin_mobile":{"unit":"px","top":"0","right":0,"bottom":"0","left":0,"isLinked":true},"padding_mobile":{"unit":"px","top":"0","right":"0","bottom":"0","left":"0","isLinked":true}},"elements":[{"id":"2a1a","settings":{"_column_size":100,"_inline_size":null,"background_background":"classic","background_color":"rgba(255,255,255,0.74)","margin":{"unit":"px","top":"0","right":"90","bottom":"0","left":"90","isLinked":false},"margin_tablet":{"unit":"px","top":"0","right":"0","bottom":"0","left":"0","isLinked":true},"margin_mobile":{"unit":"px","top":"0","right":"0","bottom":"0","left":"0","isLinked":true},"padding_tablet":{"unit":"px","top":"30","right":"30","bottom":"30","left":"30","isLinked":true},"padding_mobile":{"unit":"px","top":"20","right":"20","bottom":"20","left":"20","isLinked":true},"section_custom_css_pro":"","custom_css_pro":"","padding":{"unit":"px","top":"20","right":"20","bottom":"20","left":"20","isLinked":true}},"elements":[{"id":"92f","settings":{"title":"Family Time","align":"center","title_color":"#f90784","typography_typography":"custom","typography_font_size":{"unit":"px","size":"38"},"typography_font_size_tablet":{"unit":"px","size":"25"},"typography_font_family":"Rozha One","typography_line_height_tablet":{"unit":"em","size":""},"typography_line_height_mobile":{"unit":"em","size":""},"section_custom_css_pro":"","custom_css_pro":"","typography_font_weight":"100","header_size":"h3"},"elements":[],"isInner":false,"widgetType":"heading","elType":"widget"},{"id":"6b3c","settings":{"editor":"<p>Endless fun activities for all ages for the perfect vacation<\/p>","align":"center","text_color":"#16172c","typography_typography":"custom","typography_font_size":{"unit":"px","size":"16"},"typography_font_size_tablet":{"unit":"px","size":"13"},"typography_font_family":"Poppins","typography_line_height_tablet":{"unit":"em","size":"1.8"},"typography_line_height_mobile":{"unit":"em","size":""},"_margin":{"unit":"px","top":"-10","right":"0","bottom":"0","left":"0","isLinked":false},"section_custom_css_pro":"","custom_css_pro":"","typography_font_size_mobile":{"unit":"px","size":"14"}},"elements":[],"isInner":false,"widgetType":"text-editor","elType":"widget"},{"id":"20c5","settings":{"align_tablet":"center","align_mobile":"center","primary_color":"#f90784","size":{"unit":"px","size":"20"},"section_custom_css_pro":"","custom_css_pro":""},"elements":[],"isInner":false,"widgetType":"icon","elType":"widget"}],"isInner":true,"elType":"column"}],"isInner":true,"elType":"section"}],"isInner":false,"elType":"column"},{"id":"65d4","settings":{"_column_size":50,"_inline_size":null,"background_background":"classic","background_image":{"id":988,"url":"http:\/\/localhost\/checkupdate\/wp-content\/uploads\/2018\/03\/5-2-2.png"},"background_position":"center center","background_size":"cover","margin":{"unit":"px","top":"0","right":"0","bottom":"0","left":"5","isLinked":false},"margin_mobile":{"unit":"px","top":"0","right":"0","bottom":"0","left":"0","isLinked":true},"padding":{"unit":"px","top":"100","right":"500","bottom":"300","left":"50","isLinked":false},"padding_tablet":{"unit":"px","top":"100","right":"0","bottom":"100","left":"30","isLinked":false},"padding_mobile":{"unit":"px","top":"50","right":"0","bottom":"150","left":"20","isLinked":false},"section_custom_css_pro":"","custom_css_pro":"","animation":"fadeInRight"},"elements":[{"id":"441","settings":{"title":"Go Pro!","align":"center","align_tablet":"left","title_color":"#f90784","typography_typography":"custom","typography_font_size":{"unit":"px","size":"38"},"typography_font_size_tablet":{"unit":"px","size":"25"},"typography_font_family":"Rozha One","typography_line_height_tablet":{"unit":"em","size":""},"typography_line_height_mobile":{"unit":"em","size":""},"section_custom_css_pro":"","custom_css_pro":"","typography_font_weight":"100","header_size":"h3"},"elements":[],"isInner":false,"widgetType":"heading","elType":"widget"},{"id":"4de6","settings":{"editor":"<p>6 professional training sessions\u00a0<\/p>","align":"center","align_tablet":"left","text_color":"#16172c","typography_typography":"custom","typography_font_size":{"unit":"px","size":"16"},"typography_font_size_tablet":{"unit":"px","size":"13"},"typography_font_family":"Poppins","typography_line_height_tablet":{"unit":"em","size":"1.8"},"typography_line_height_mobile":{"unit":"em","size":""},"_margin":{"unit":"px","top":"-10","right":"0","bottom":"0","left":"0","isLinked":false},"_padding_tablet":{"unit":"px","top":"0","right":"150","bottom":"0","left":"0","isLinked":false},"section_custom_css_pro":"","custom_css_pro":""},"elements":[],"isInner":false,"widgetType":"text-editor","elType":"widget"},{"id":"6f27","settings":{"text":"view offer","align":"center","align_tablet":"left","typography_typography":"custom","typography_font_size":{"unit":"px","size":"14"},"typography_font_size_tablet":{"unit":"px","size":"12"},"typography_font_family":"Poppins","typography_font_weight":"600","typography_text_transform":"uppercase","typography_line_height_tablet":{"unit":"em","size":""},"typography_line_height_mobile":{"unit":"em","size":""},"typography_letter_spacing":{"unit":"px","size":"3"},"background_color":"#f90784","border_radius":{"unit":"px","top":"0","right":"0","bottom":"0","left":"0","isLinked":true},"text_padding":{"unit":"px","top":"12","right":"30","bottom":"12","left":"30","isLinked":false},"section_hover":"","section_custom_css_pro":"","custom_css_pro":"","hover_color":"#f90784","button_background_hover_color":"rgba(0,0,0,0)","button_hover_border_color":"#f90784","border_border":"solid","border_color":"#f90784","border_width":{"unit":"px","top":"2","right":"2","bottom":"2","left":"2","isLinked":true}},"elements":[],"isInner":false,"widgetType":"button","elType":"widget"}],"isInner":false,"elType":"column"}],"isInner":false,"elType":"section"},{"id":"b40","settings":{"content_width":{"unit":"px","size":"1300"},"padding":{"unit":"px","top":"120","right":"0","bottom":"70","left":"0","isLinked":false},"padding_tablet":{"unit":"px","top":"60","right":"0","bottom":"60","left":"0","isLinked":false},"padding_mobile":{"unit":"px","top":"50","right":"10","bottom":"10","left":"10","isLinked":false},"section_custom_css_pro":"","custom_css_pro":"","gap":"no"},"elements":[{"id":"56c3","settings":{"_column_size":100,"_inline_size":null,"section_custom_css_pro":"","custom_css_pro":""},"elements":[{"id":"6272","settings":{"title":"Hospitality facilities","align":"center","title_color":"#16172c","typography_typography":"custom","typography_font_size":{"unit":"px","size":"50"},"typography_font_size_tablet":{"unit":"px","size":"40"},"typography_font_size_mobile":{"unit":"px","size":"30"},"typography_font_family":"Rozha One","typography_text_transform":"capitalize","typography_line_height_tablet":{"unit":"em","size":""},"typography_line_height_mobile":{"unit":"em","size":""},"typography_letter_spacing":{"unit":"px","size":"-1"},"typography_letter_spacing_mobile":{"unit":"px","size":-1.1},"_padding":{"unit":"px","top":"0","right":"0","bottom":"0","left":"0","isLinked":true},"_padding_mobile":{"unit":"px","top":"0","right":"0","bottom":"40","left":"0","isLinked":false},"section_custom_css_pro":"","custom_css_pro":"","typography_font_weight":"100","_margin":{"unit":"px","top":"0","right":"0","bottom":"0","left":"0","isLinked":true},"_padding_tablet":{"unit":"px","top":"0","right":"0","bottom":"0","left":"0","isLinked":false}},"elements":[],"isInner":false,"widgetType":"heading","elType":"widget"}],"isInner":false,"elType":"column"}],"isInner":false,"elType":"section"},{"id":"65ed","settings":{"content_width":{"unit":"px","size":"1300"},"structure":"40","padding":{"unit":"px","top":"0","right":"0","bottom":"100","left":"0","isLinked":false},"gap":"no","padding_tablet":{"unit":"px","top":"0","right":"30","bottom":"100","left":"30","isLinked":false}},"elements":[{"id":"1c1f","settings":{"_column_size":25,"_inline_size":null,"margin":{"unit":"px","top":"0","right":"20","bottom":"0","left":"0","isLinked":false},"margin_tablet":{"unit":"px","top":"0","right":"15","bottom":"0","left":"0","isLinked":false},"_inline_size_tablet":50,"animation":"fadeInLeft"},"elements":[{"id":"7a79","settings":{"image":{"id":989,"url":"http:\/\/localhost\/checkupdate\/wp-content\/uploads\/2018\/03\/6-3-1.png"},"align_tablet":"center","align_mobile":"center","caption_typography_line_height_tablet":{"unit":"em","size":""},"caption_typography_line_height_mobile":{"unit":"em","size":""},"section_custom_css_pro":"","custom_css_pro":""},"elements":[],"isInner":false,"widgetType":"image","elType":"widget"},{"id":"33be","settings":{"icon":"","title_text_a":"Spa","description_text_a":"Lorem ipsum dolor sit amet consectetur adipiscing elit dolor","background_a_background":"classic","background_a_color":"#ffffff","title_text_b":"Treatments menu","description_text_b":"","button_text":"Click Here","background_b_background":"classic","background_b_color":"#f90784","height":{"unit":"px","size":200},"padding_a":{"unit":"px","top":"30","right":"30","bottom":"30","left":"30","isLinked":true},"title_color_a":"#16172c","title_typography_a_typography":"custom","title_typography_a_font_size":{"unit":"px","size":30},"title_typography_a_font_family":"Rozha One","title_typography_a_font_weight":"100","description_color_a":"#16172c","description_typography_a_typography":"custom","description_typography_a_font_size":{"unit":"px","size":16},"description_typography_a_font_family":"Poppins","title_typography_b_typography":"custom","title_typography_b_font_size":{"unit":"px","size":30},"title_typography_b_font_family":"Rozha One","title_typography_b_font_weight":"100","button_typography_typography":"custom","button_typography_font_family":"Poppins","button_background_color":"#16172c","button_border_color":"#16172c","button_hover_text_color":"#16172c","button_hover_background_color":"rgba(0,0,0,0)","button_hover_border_color":"#16172c","button_border_width":{"unit":"px","size":3},"button_border_radius":{"unit":"px","size":0},"_margin":{"unit":"px","top":"-100","right":"20","bottom":"20","left":"20","isLinked":false},"_box_shadow_box_shadow_type":"yes","_box_shadow_box_shadow":{"horizontal":0,"vertical":0,"blur":20,"spread":0,"color":"rgba(0,0,0,0.15)"},"title_typography_a_font_size_tablet":{"unit":"px","size":30},"description_typography_a_font_size_tablet":{"unit":"px","size":16},"description_typography_a_font_size_mobile":{"unit":"px","size":14},"_margin_tablet":{"unit":"px","top":"-100","right":"40","bottom":"40","left":"40","isLinked":false},"image":{"id":"704","url":"http:\/\/localhost\/checkupdate\/wp-content\/uploads\/2018\/03\/placeholder-1.png"}},"elements":[],"isInner":false,"widgetType":"flip-box","elType":"widget"}],"isInner":false,"elType":"column"},{"id":"4dca","settings":{"_column_size":25,"_inline_size":null,"margin":{"unit":"px","top":"0","right":"10","bottom":"0","left":"10","isLinked":false},"margin_tablet":{"unit":"px","top":"0","right":"0","bottom":"0","left":"15","isLinked":false},"margin_mobile":{"unit":"px","top":"30","right":"4","bottom":"0","left":"4","isLinked":false},"_inline_size_tablet":50,"animation":"fadeInLeft"},"elements":[{"id":"1b6c","settings":{"image":{"id":990,"url":"http:\/\/localhost\/checkupdate\/wp-content\/uploads\/2018\/03\/7-1-2.png"},"align_tablet":"center","align_mobile":"center","caption_typography_line_height_tablet":{"unit":"em","size":""},"caption_typography_line_height_mobile":{"unit":"em","size":""},"_margin_tablet":{"unit":"px","top":"0","right":"0","bottom":"0","left":"0","isLinked":true},"_padding_tablet":{"unit":"px","top":"0","right":"0","bottom":"0","left":"0","isLinked":true},"section_custom_css_pro":"","custom_css_pro":""},"elements":[],"isInner":false,"widgetType":"image","elType":"widget"},{"id":"4535","settings":{"icon":"","title_text_a":"Restaurant","description_text_a":"Lorem ipsum dolor sit amet consectetur adipiscing elit dolor","background_a_background":"classic","background_a_color":"#ffffff","title_text_b":"Restaurant menu","description_text_b":"","button_text":"Click Here","background_b_background":"classic","background_b_color":"#f90784","height":{"unit":"px","size":200},"padding_a":{"unit":"px","top":"30","right":"30","bottom":"30","left":"30","isLinked":true},"title_color_a":"#16172c","title_typography_a_typography":"custom","title_typography_a_font_size":{"unit":"px","size":30},"title_typography_a_font_family":"Rozha One","title_typography_a_font_weight":"100","description_color_a":"#16172c","description_typography_a_typography":"custom","description_typography_a_font_size":{"unit":"px","size":16},"description_typography_a_font_family":"Poppins","title_typography_b_typography":"custom","title_typography_b_font_size":{"unit":"px","size":30},"title_typography_b_font_family":"Rozha One","title_typography_b_font_weight":"100","button_typography_typography":"custom","button_typography_font_family":"Poppins","button_background_color":"#16172c","button_border_color":"#16172c","button_hover_text_color":"#16172c","button_hover_background_color":"rgba(0,0,0,0)","button_hover_border_color":"#16172c","button_border_width":{"unit":"px","size":3},"button_border_radius":{"unit":"px","size":0},"_margin":{"unit":"px","top":"-100","right":"20","bottom":"20","left":"20","isLinked":false},"_box_shadow_box_shadow_type":"yes","_box_shadow_box_shadow":{"horizontal":0,"vertical":0,"blur":20,"spread":0,"color":"rgba(0,0,0,0.15)"},"description_typography_a_font_size_mobile":{"unit":"px","size":14},"_margin_tablet":{"unit":"px","top":"-100","right":"40","bottom":"40","left":"40","isLinked":false},"image":{"id":"704","url":"http:\/\/localhost\/checkupdate\/wp-content\/uploads\/2018\/03\/placeholder-1.png"}},"elements":[],"isInner":false,"widgetType":"flip-box","elType":"widget"}],"isInner":false,"elType":"column"},{"id":"7fb1","settings":{"_column_size":25,"_inline_size":null,"margin":{"unit":"px","top":"0","right":"10","bottom":"0","left":"10","isLinked":false},"margin_tablet":{"unit":"px","top":"0","right":"15","bottom":"0","left":"0","isLinked":false},"margin_mobile":{"unit":"px","top":"30","right":"4","bottom":"30","left":"4","isLinked":false},"_inline_size_tablet":50,"animation":"fadeInRight"},"elements":[{"id":"5b3b","settings":{"image":{"id":991,"url":"http:\/\/localhost\/checkupdate\/wp-content\/uploads\/2018\/03\/8-2-1.png"},"align_tablet":"center","align_mobile":"center","caption_typography_line_height_tablet":{"unit":"em","size":""},"caption_typography_line_height_mobile":{"unit":"em","size":""},"_margin_tablet":{"unit":"px","top":"0","right":"0","bottom":"0","left":"0","isLinked":true},"_padding_tablet":{"unit":"px","top":"0","right":"0","bottom":"0","left":"0","isLinked":true},"section_custom_css_pro":"","custom_css_pro":""},"elements":[],"isInner":false,"widgetType":"image","elType":"widget"},{"id":"258","settings":{"icon":"","title_text_a":"Pub","description_text_a":"Lorem ipsum dolor sit amet consectetur adipiscing elit dolor","background_a_background":"classic","background_a_color":"#ffffff","title_text_b":"Pub menu","description_text_b":"","button_text":"Click Here","background_b_background":"classic","background_b_color":"#f90784","height":{"unit":"px","size":200},"padding_a":{"unit":"px","top":"30","right":"30","bottom":"30","left":"30","isLinked":true},"title_color_a":"#16172c","title_typography_a_typography":"custom","title_typography_a_font_size":{"unit":"px","size":30},"title_typography_a_font_family":"Rozha One","title_typography_a_font_weight":"100","description_color_a":"#16172c","description_typography_a_typography":"custom","description_typography_a_font_size":{"unit":"px","size":16},"description_typography_a_font_family":"Poppins","title_typography_b_typography":"custom","title_typography_b_font_size":{"unit":"px","size":30},"title_typography_b_font_family":"Rozha One","title_typography_b_font_weight":"100","button_typography_typography":"custom","button_typography_font_family":"Poppins","button_background_color":"#16172c","button_border_color":"#16172c","button_hover_text_color":"#16172c","button_hover_background_color":"rgba(0,0,0,0)","button_hover_border_color":"#16172c","button_border_width":{"unit":"px","size":3},"button_border_radius":{"unit":"px","size":0},"_margin":{"unit":"px","top":"-100","right":"20","bottom":"20","left":"20","isLinked":false},"_box_shadow_box_shadow_type":"yes","_box_shadow_box_shadow":{"horizontal":0,"vertical":0,"blur":20,"spread":0,"color":"rgba(0,0,0,0.15)"},"description_typography_a_font_size_mobile":{"unit":"px","size":14},"_margin_tablet":{"unit":"px","top":"-100","right":"40","bottom":"40","left":"40","isLinked":false},"image":{"id":"704","url":"http:\/\/localhost\/checkupdate\/wp-content\/uploads\/2018\/03\/placeholder-1.png"}},"elements":[],"isInner":false,"widgetType":"flip-box","elType":"widget"}],"isInner":false,"elType":"column"},{"id":"6c04","settings":{"_column_size":25,"_inline_size":null,"margin":{"unit":"px","top":"0","right":"0","bottom":"0","left":"20","isLinked":false},"margin_tablet":{"unit":"px","top":"0","right":"0","bottom":"0","left":"15","isLinked":false},"_inline_size_tablet":50,"animation":"fadeInRight"},"elements":[{"id":"7c96","settings":{"image":{"id":992,"url":"http:\/\/localhost\/checkupdate\/wp-content\/uploads\/2018\/03\/9-1-2.png"},"align_tablet":"center","align_mobile":"center","caption_typography_line_height_tablet":{"unit":"em","size":""},"caption_typography_line_height_mobile":{"unit":"em","size":""},"section_custom_css_pro":"","custom_css_pro":""},"elements":[],"isInner":false,"widgetType":"image","elType":"widget"},{"id":"7017","settings":{"icon":"","title_text_a":"Gym","description_text_a":"Lorem ipsum dolor sit amet consectetur adipiscing elit dolor","background_a_background":"classic","background_a_color":"#ffffff","title_text_b":"Gym equipment","description_text_b":"","button_text":"Click Here","background_b_background":"classic","background_b_color":"#f90784","height":{"unit":"px","size":200},"padding_a":{"unit":"px","top":"30","right":"30","bottom":"30","left":"30","isLinked":true},"title_color_a":"#16172c","title_typography_a_typography":"custom","title_typography_a_font_size":{"unit":"px","size":30},"title_typography_a_font_family":"Rozha One","title_typography_a_font_weight":"100","description_color_a":"#16172c","description_typography_a_typography":"custom","description_typography_a_font_size":{"unit":"px","size":16},"description_typography_a_font_family":"Poppins","title_typography_b_typography":"custom","title_typography_b_font_size":{"unit":"px","size":30},"title_typography_b_font_family":"Rozha One","title_typography_b_font_weight":"100","button_typography_typography":"custom","button_typography_font_family":"Poppins","button_background_color":"#16172c","button_border_color":"#16172c","button_hover_text_color":"#16172c","button_hover_background_color":"rgba(0,0,0,0)","button_hover_border_color":"#16172c","button_border_width":{"unit":"px","size":3},"button_border_radius":{"unit":"px","size":0},"_margin":{"unit":"px","top":"-100","right":"20","bottom":"20","left":"20","isLinked":false},"_box_shadow_box_shadow_type":"yes","_box_shadow_box_shadow":{"horizontal":0,"vertical":0,"blur":20,"spread":0,"color":"rgba(0,0,0,0.15)"},"description_typography_a_font_size_mobile":{"unit":"px","size":14},"_margin_tablet":{"unit":"px","top":"-100","right":"40","bottom":"40","left":"40","isLinked":false},"image":{"id":"704","url":"http:\/\/localhost\/checkupdate\/wp-content\/uploads\/2018\/03\/placeholder-1.png"}},"elements":[],"isInner":false,"widgetType":"flip-box","elType":"widget"}],"isInner":false,"elType":"column"}],"isInner":false,"elType":"section"},{"id":"73e9","settings":{"content_width":{"unit":"px","size":"1300"},"background_background":"classic","background_color":"#f90784","padding":{"unit":"px","top":"120","right":"0","bottom":"100","left":"0","isLinked":false},"padding_tablet":{"unit":"px","top":"60","right":"0","bottom":"60","left":"0","isLinked":false},"section_custom_css_pro":"","custom_css_pro":""},"elements":[{"id":"4470","settings":{"_column_size":100,"_inline_size":null,"section_custom_css_pro":"","custom_css_pro":""},"elements":[{"id":"4c22","settings":{"title":"What Our guests think","align":"center","title_color":"#ffffff","typography_typography":"custom","typography_font_size":{"unit":"px","size":"50"},"typography_font_size_tablet":{"unit":"px","size":"40"},"typography_font_family":"Rozha One","typography_font_weight":"100","typography_text_transform":"capitalize","typography_line_height_tablet":{"unit":"em","size":""},"typography_line_height_mobile":{"unit":"em","size":""},"typography_letter_spacing":{"unit":"px","size":"-1"},"_padding":{"unit":"px","top":"0","right":"0","bottom":"70","left":"0","isLinked":false},"_padding_tablet":{"unit":"px","top":"0","right":"0","bottom":"50","left":"0","isLinked":false},"section_custom_css_pro":"","custom_css_pro":"","header_size":"h4"},"elements":[],"isInner":false,"widgetType":"heading","elType":"widget"},{"id":"76b3","settings":{"slides":[{"content":"Lorem ipsum dolor sit amet, consectetur adipiscing elit. Ut elit tellus, luctus nec ullamcorper, pulvinar dapibus leo.","name":"Terry Ives","title":"","image":{"id":993,"url":"http:\/\/localhost\/checkupdate\/wp-content\/uploads\/2018\/03\/12-1-1.png"},"_id":"2n0b7hq"},{"content":"In sollicitudin mattis ligula quis elementum. Phasellus venenatis ex eget lobortis eleifend. Suspendisse Sed tincidunt.","name":"Ross Partridge","title":"","image":{"id":"297","url":"http:\/\/localhost\/checkupdate\/wp-content\/uploads\/2018\/03\/11-1-1.png"},"_id":"hnlvx95"},{"content":"Suspendisse Sed tincidunt. In sollicitudin mattis ligula quis elementum. Phasellus venenatis ex eget lobortis eleifend. ","name":"Ted Wheeler","title":"","image":{"id":994,"url":"http:\/\/localhost\/checkupdate\/wp-content\/uploads\/2018\/03\/10-1-1.png"},"_id":"p96gea4"},{"content":"Lorem ipsum dolor sit amet, consectetur adipiscing elit. Ut elit tellus, luctus nec ullamcorper, pulvinar dapibus leo.","image":{"id":995,"url":"http:\/\/localhost\/checkupdate\/wp-content\/uploads\/2018\/03\/44.png"},"name":"karl michael","title":"","_id":"e503qzg"},{"content":"Suspendisse Sed tincidunt. In sollicitudin mattis ligula quis elementum. Phasellus venenatis ex eget lobortis eleifend. ","image":{"id":996,"url":"http:\/\/localhost\/checkupdate\/wp-content\/uploads\/2018\/03\/bridsmade2.jpg"},"name":"michaela Choll","title":"","_id":"ggitw9y"}],"slides_per_view":"3","show_arrows":"","space_between":{"unit":"px","size":50},"content_color":"#ffffff","content_typography_typography":"custom","content_typography_font_size":{"unit":"px","size":16},"content_typography_font_family":"Poppins","content_typography_font_weight":"100","content_typography_font_style":"normal","name_color":"#ffffff","name_typography_typography":"custom","name_typography_font_size":{"unit":"px","size":25},"name_typography_font_family":"Rozha One","name_typography_font_weight":"100","image_size":{"unit":"px","size":80},"pagination_color":"#16172c"},"elements":[],"isInner":false,"widgetType":"testimonial-carousel","elType":"widget"}],"isInner":false,"elType":"column"}],"isInner":false,"elType":"section"},{"id":"3d7a","settings":{"background_background":"classic","background_image":{"id":997,"url":"http:\/\/localhost\/checkupdate\/wp-content\/uploads\/2018\/03\/13-1.png"},"background_size":"cover","background_overlay_background":"classic","background_overlay_color":"#16172c","background_overlay_opacity":{"unit":"px","size":"0.3"},"padding":{"unit":"px","top":"300","right":"0","bottom":"300","left":"0","isLinked":false},"padding_tablet":{"unit":"px","top":"100","right":"0","bottom":"100","left":"0","isLinked":false},"padding_mobile":{"unit":"px","top":"50","right":"0","bottom":"50","left":"0","isLinked":false},"section_custom_css_pro":"","custom_css_pro":""},"elements":[{"id":"65a5","settings":{"_column_size":100,"_inline_size":null,"padding":{"unit":"px","top":"0","right":"140","bottom":"0","left":"140","isLinked":false},"padding_mobile":{"unit":"px","top":"50","right":"50","bottom":"50","left":"50","isLinked":true},"section_custom_css_pro":"","custom_css_pro":""},"elements":[{"id":"86e","settings":{"weight":{"unit":"px","size":"5"},"color":"#ffffff","gap":{"unit":"px","size":"30"},"section_custom_css_pro":"","custom_css_pro":""},"elements":[],"isInner":false,"widgetType":"divider","elType":"widget"},{"id":"4b0f","settings":{"title":"Paradise dosen\u2019t have \nto be tropical","align":"center","title_color":"#ffffff","typography_typography":"custom","typography_font_size":{"unit":"px","size":"80"},"typography_font_size_tablet":{"unit":"px","size":"80"},"typography_font_size_mobile":{"unit":"px","size":"60"},"typography_font_family":"Rozha One","typography_font_weight":"100","typography_text_transform":"capitalize","typography_line_height_tablet":{"unit":"em","size":""},"typography_line_height_mobile":{"unit":"em","size":""},"typography_letter_spacing":{"unit":"px","size":"-2"},"_padding_mobile":{"unit":"px","top":"0","right":"0","bottom":"0","left":"0","isLinked":true},"section_custom_css_pro":"","custom_css_pro":"","header_size":"h4"},"elements":[],"isInner":false,"widgetType":"heading","elType":"widget"},{"id":"379c","settings":{"weight":{"unit":"px","size":"5"},"color":"#ffffff","gap":{"unit":"px","size":"30"},"section_custom_css_pro":"","custom_css_pro":""},"elements":[],"isInner":false,"widgetType":"divider","elType":"widget"}],"isInner":false,"elType":"column"}],"isInner":false,"elType":"section"},{"id":"3721","settings":{"content_position":"middle","background_background":"classic","background_color":"#edf3f9","margin":{"unit":"px","top":"0","right":0,"bottom":"0","left":0,"isLinked":false},"padding":{"unit":"px","top":"50","right":"0","bottom":"50","left":"0","isLinked":false},"padding_tablet":{"unit":"px","top":"30","right":"0","bottom":"30","left":"0","isLinked":false},"section_custom_css_pro":"","custom_css_pro":""},"elements":[{"id":"3188","settings":{"_column_size":100,"_inline_size":null,"section_custom_css_pro":"","custom_css_pro":""},"elements":[{"id":"92b","settings":{"social_icon_list":[{"social":"fa fa-facebook","link":{"url":"","is_external":"true","nofollow":""},"_id":"hm3y18b"},{"social":"fa fa-twitter","link":{"url":"","is_external":"true","nofollow":""},"_id":"jng31iy"},{"social":"fa fa-google-plus","link":{"url":"","is_external":"true","nofollow":""},"_id":"wyr2r1n"},{"social":"fa fa-youtube","link":{"url":"","is_external":"true","nofollow":""},"_id":"xm4f58e"},{"social":"fa fa-tumblr","link":{"url":"","is_external":"true","nofollow":""},"_id":"rfbgfl0"}],"align_tablet":"center","align_mobile":"center","icon_color":"custom","icon_primary_color":"rgba(22,23,44,0)","icon_secondary_color":"#16172c","icon_size_mobile":{"unit":"px","size":"20"},"icon_spacing":{"unit":"px","size":30},"icon_spacing_mobile":{"unit":"px","size":"10"},"section_custom_css_pro":"","custom_css_pro":""},"elements":[],"isInner":false,"widgetType":"social-icons","elType":"widget"}],"isInner":false,"elType":"column"}],"isInner":false,"elType":"section"}]}