{"version":"0.4","title":"Homepage \u2013 Cake Shop","type":"page","content":[{"id":"55c0","settings":{"layout":"full_width","gap":"no","content_position":"middle","background_background":"classic","background_overlay_background":"classic","section_custom_css_pro":"","custom_css_pro":""},"elements":[{"id":"3b43","settings":{"_column_size":100,"_inline_size":null,"section_custom_css_pro":"","custom_css_pro":""},"elements":[{"id":"8f2","settings":{"slides":[{"heading":"Sara\u2019s Goodies","description":"Lorem ipsum dolor sit amet, consectetur adipiscing elit. Vestibulum ultricies sollicitudin ante nec mattis. ","button_text":"","background_color":"#833ca3","slides_repeater":"","background":"","background_image":{"id":285,"url":"http:\/\/localhost\/checkupdate\/wp-content\/uploads\/2018\/03\/2-1.jpg"},"background_size":"cover","background_overlay":"","background_overlay_color":"rgba(0,0,0,0.5)","content":"","link":{"url":"","is_external":"","nofollow":""},"link_click":"slide","style":"","custom_style":"yes","horizontal_position":"","vertical_position":"","text_align":"","content_color":"","_id":"2k3wi62","background_ken_burns":"","zoom_direction":"in"},{"heading":"Special offer every weekday!","description":"","button_text":"View offers","background_color":"#4054b2","slides_repeater":"","background":"","background_image":{"id":286,"url":"http:\/\/localhost\/checkupdate\/wp-content\/uploads\/2018\/03\/3-1.jpg"},"background_size":"cover","background_overlay":"","background_overlay_color":"rgba(0,0,0,0.5)","content":"","link":{"url":"","is_external":"","nofollow":""},"link_click":"slide","style":"","custom_style":"","horizontal_position":"","vertical_position":"","text_align":"","content_color":"","_id":"a4urvg2","background_ken_burns":"","zoom_direction":"in"},{"heading":"Made with love ","description":"Lorem ipsum dolor sit amet, consectetur adipiscing elit. Ut elit tellus, luctus nec ullamcorper mattis, pulvinar dapibus leo.","button_text":"Click Here","background_color":"#1abc9c","slides_repeater":"","background":"","background_image":{"id":287,"url":"http:\/\/localhost\/checkupdate\/wp-content\/uploads\/2018\/03\/1-1-1.jpg"},"background_size":"cover","background_overlay":"","background_overlay_color":"rgba(0,0,0,0.5)","content":"","link":{"url":"","is_external":"","nofollow":""},"link_click":"slide","style":"","custom_style":"","horizontal_position":"","vertical_position":"","text_align":"","content_color":"","_id":"wg5vp7y","background_ken_burns":"","zoom_direction":"in"}],"slides_height":{"unit":"px","size":"700"},"slides_height_tablet":{"unit":"px","size":400},"slides_height_mobile":{"unit":"px","size":400},"navigation":"dots","direction":"ltr","content_max_width":{"unit":"%","size":57},"content_max_width_tablet":{"unit":"%","size":"75"},"content_max_width_mobile":{"unit":"%","size":"95"},"heading_color":"#f991b8","heading_typography_typography":"custom","heading_typography_font_size":{"unit":"px","size":"160"},"heading_typography_font_size_tablet":{"unit":"px","size":"80"},"heading_typography_font_size_mobile":{"unit":"px","size":"50"},"heading_typography_font_family":"Alex Brush","heading_typography_font_weight":"bold","heading_typography_line_height":{"unit":"em","size":0.9},"heading_typography_line_height_tablet":{"unit":"em","size":""},"heading_typography_line_height_mobile":{"unit":"em","size":""},"description_typography_typography":"custom","description_typography_font_size":{"unit":"px","size":"30"},"description_typography_font_size_tablet":{"unit":"px","size":"17"},"description_typography_font_family":"Vidaloka","description_typography_font_weight":"100","description_typography_line_height_tablet":{"unit":"em","size":""},"description_typography_line_height_mobile":{"unit":"em","size":""},"button_color":"#ffffff","button_typography_typography":"custom","button_typography_font_size_mobile":{"unit":"px","size":"12"},"button_typography_font_family":"Roboto","button_typography_font_weight":"bold","button_typography_text_transform":"uppercase","button_typography_line_height_tablet":{"unit":"em","size":""},"button_typography_line_height_mobile":{"unit":"em","size":""},"button_typography_letter_spacing":{"unit":"px","size":5.4},"button_border_radius":{"unit":"px","size":100},"button_text_color":"#f991b8","button_background_color":"rgba(249,145,184,0)","button_border_color":"#f991b8","button_hover_text_color":"#ffffff","button_hover_background_color":"#f991b8","button_hover_border_color":"#f991b8","dots_size":{"unit":"px","size":13},"dots_color":"#f4bfd3","section_custom_css_pro":"","custom_css_pro":""},"elements":[],"isInner":false,"widgetType":"slides","elType":"widget"}],"isInner":false,"elType":"column"}],"isInner":false,"elType":"section"},{"id":"4831","settings":{"content_position":"middle","structure":"20","background_background":"classic","background_image":{"id":290,"url":"http:\/\/localhost\/checkupdate\/wp-content\/uploads\/2018\/03\/6-1.png"},"background_position":"center center","background_size":"cover","padding":{"unit":"px","top":"230","right":"0","bottom":"230","left":"0","isLinked":false},"padding_tablet":{"unit":"px","top":"100","right":"30","bottom":"80","left":"30","isLinked":false},"padding_mobile":{"unit":"px","top":"50","right":"20","bottom":"50","left":"20","isLinked":false},"reverse_order_mobile":"reverse-mobile"},"elements":[{"id":"5b5","settings":{"_column_size":50,"_inline_size":"40.175","padding":{"unit":"px","top":"0","right":"90","bottom":"0","left":"0","isLinked":false},"padding_tablet":{"unit":"px","top":"0","right":"0","bottom":"0","left":"0","isLinked":true}},"elements":[{"id":"32f9","settings":{"title":"The art of baking","align_mobile":"center","title_color":"#363636","typography_typography":"custom","typography_font_size":{"unit":"px","size":"60"},"typography_font_size_tablet":{"unit":"px","size":"45"},"typography_font_size_mobile":{"unit":"px","size":"45"},"typography_font_family":"Alex Brush","typography_font_weight":"bold","typography_line_height_tablet":{"unit":"em","size":""},"typography_line_height_mobile":{"unit":"em","size":""}},"elements":[],"isInner":false,"widgetType":"heading","elType":"widget"},{"id":"423e","settings":{"editor":"<p>Lorem ipsum dolor sit amet, consectetur adipiscing elit. Vestibulum ultricies sollicitudin ante nec mattis. Mauris eget ornare nibh. Nam venenatis porta diam scelerisque suscipit. Donec in vehicula ligula. Etiam efficitur quam ex, at consectetur magna porttitor at. Nullam convallis, eros a vulputate tincidunt, mauris lorem tincidunt sem, sed cursus neque sem a est. Nam malesuada ipsum orci, et congue ligula fringilla vitae. Praesent vitae molestie elit. Phasellus non felis sit amet massa fermentum aliquam.\u00a0<\/p>","align_mobile":"center","typography_typography":"custom","typography_font_size":{"unit":"px","size":"18"},"typography_font_size_tablet":{"unit":"px","size":"15"},"typography_font_family":"Vidaloka","typography_font_weight":"100","typography_line_height_tablet":{"unit":"em","size":""},"typography_line_height_mobile":{"unit":"em","size":""},"typography_font_size_mobile":{"unit":"px","size":"17"}},"elements":[],"isInner":false,"widgetType":"text-editor","elType":"widget"},{"id":"489f","settings":{"title":"Love,","align_mobile":"center","title_color":"#363636","typography_typography":"custom","typography_font_size":{"unit":"px","size":"30"},"typography_font_family":"Alex Brush","typography_font_weight":"bold","typography_line_height_tablet":{"unit":"em","size":""},"typography_line_height_mobile":{"unit":"em","size":""},"header_size":"span"},"elements":[],"isInner":false,"widgetType":"heading","elType":"widget"},{"id":"dec","settings":{"title":"Sara.L","align_mobile":"center","title_color":"#f991b8","typography_typography":"custom","typography_font_size":{"unit":"px","size":"60"},"typography_font_family":"Kristi","typography_line_height_tablet":{"unit":"em","size":""},"typography_line_height_mobile":{"unit":"em","size":""},"header_size":"span"},"elements":[],"isInner":false,"widgetType":"heading","elType":"widget"}],"isInner":false,"elType":"column"},{"id":"1cd8","settings":{"_column_size":50,"_inline_size":"59.825","margin_mobile":{"unit":"px","top":"0","right":"0","bottom":"0","left":"0","isLinked":true},"padding_tablet":{"unit":"px","top":"0","right":"0","bottom":"0","left":"30","isLinked":false},"padding_mobile":{"unit":"px","top":"100","right":"0","bottom":"150","left":"0","isLinked":false}},"elements":[{"id":"444a","settings":{"image":{"id":288,"url":"http:\/\/localhost\/checkupdate\/wp-content\/uploads\/2018\/03\/5-1.jpg"},"align_tablet":"right","align_mobile":"right","space":{"unit":"%","size":69},"image_border_border":"solid","image_border_width":{"unit":"px","top":"15","right":"15","bottom":"15","left":"15","isLinked":true},"image_border_color":"#f4bfd3","caption_typography_line_height_tablet":{"unit":"em","size":""},"caption_typography_line_height_mobile":{"unit":"em","size":""},"_padding_tablet":{"unit":"px","top":"0","right":"0","bottom":"0","left":"0","isLinked":false}},"elements":[],"isInner":false,"widgetType":"image","elType":"widget"},{"id":"4fbb","settings":{"image":{"id":289,"url":"http:\/\/localhost\/checkupdate\/wp-content\/uploads\/2018\/03\/4-1.jpg"},"align":"left","align_tablet":"left","align_mobile":"left","space":{"unit":"%","size":47},"image_border_border":"solid","image_border_width":{"unit":"px","top":"15","right":"15","bottom":"15","left":"15","isLinked":true},"image_border_color":"#f4bfd3","caption_typography_line_height_tablet":{"unit":"em","size":""},"caption_typography_line_height_mobile":{"unit":"em","size":""},"_margin":{"unit":"px","top":"-750","right":"0","bottom":"0","left":"0","isLinked":false},"_margin_tablet":{"unit":"px","top":"-400","right":"0","bottom":"0","left":"0","isLinked":false},"_margin_mobile":{"unit":"px","top":"-300","right":"0","bottom":"0","left":"0","isLinked":false},"_padding_tablet":{"unit":"px","top":"0","right":"0","bottom":"0","left":"0","isLinked":true},"_padding_mobile":{"unit":"px","top":"0","right":"0","bottom":"0","left":"0","isLinked":true}},"elements":[],"isInner":false,"widgetType":"image","elType":"widget"}],"isInner":false,"elType":"column"}],"isInner":false,"elType":"section"},{"id":"6c08","settings":{"padding":{"unit":"px","top":"100","right":"0","bottom":"100","left":"0","isLinked":false},"padding_tablet":{"unit":"px","top":"80","right":"20","bottom":"80","left":"20","isLinked":false}},"elements":[{"id":"1dab","settings":{"_column_size":100,"_inline_size":null},"elements":[{"id":"5b16","settings":{"title":"A wide slections of goodies","align":"center","title_color":"#363636","typography_typography":"custom","typography_font_size":{"unit":"px","size":"60"},"typography_font_size_tablet":{"unit":"px","size":"50"},"typography_font_size_mobile":{"unit":"px","size":"45"},"typography_font_family":"Alex Brush","typography_font_weight":"bold","typography_line_height_tablet":{"unit":"em","size":""},"typography_line_height_mobile":{"unit":"em","size":""},"_padding":{"unit":"px","top":"0","right":"0","bottom":"40","left":"0","isLinked":false},"_padding_mobile":{"unit":"px","top":"0","right":"0","bottom":"0","left":"0","isLinked":true},"header_size":"h3"},"elements":[],"isInner":false,"widgetType":"heading","elType":"widget"},{"id":"4625","settings":{"content_width":{"unit":"px","size":"1300"},"gap":"no","structure":"50","margin_mobile":{"unit":"px","top":"","right":0,"bottom":"","left":0,"isLinked":true},"padding":{"unit":"px","top":"0","right":"0","bottom":"40","left":"0","isLinked":false},"padding_mobile":{"unit":"px","top":"0","right":"0","bottom":"0","left":"0","isLinked":true}},"elements":[{"id":"2e84","settings":{"_column_size":20,"_inline_size":null},"elements":[{"id":"2c97","settings":{"image":{"id":291,"url":"http:\/\/localhost\/checkupdate\/wp-content\/uploads\/2018\/03\/4-1-1.png"},"title_text":"Feels Like Home Cakes","description_text":"","image_size":{"unit":"%","size":"70"},"title_color":"#555555","title_typography_typography":"custom","title_typography_font_size":{"unit":"px","size":"20"},"title_typography_font_size_tablet":{"unit":"px","size":"19"},"title_typography_font_family":"Vidaloka","title_typography_line_height_tablet":{"unit":"em","size":"1.5"},"title_typography_line_height_mobile":{"unit":"em","size":"0"},"description_typography_line_height_tablet":{"unit":"em","size":""},"description_typography_line_height_mobile":{"unit":"em","size":""},"_margin_mobile":{"unit":"px","top":"40","right":"40","bottom":"40","left":"40","isLinked":true}},"elements":[],"isInner":false,"widgetType":"image-box","elType":"widget"}],"isInner":true,"elType":"column"},{"id":"12a2","settings":{"_column_size":20,"_inline_size":null},"elements":[{"id":"366d","settings":{"image":{"id":293,"url":"http:\/\/localhost\/checkupdate\/wp-content\/uploads\/2018\/03\/2-1-1.png"},"title_text":"Indulgence Muffins","description_text":"","image_size":{"unit":"%","size":"70"},"title_color":"#555555","title_typography_typography":"custom","title_typography_font_size":{"unit":"px","size":"20"},"title_typography_font_size_tablet":{"unit":"px","size":"19"},"title_typography_font_family":"Vidaloka","title_typography_line_height_tablet":{"unit":"em","size":"1.5"},"title_typography_line_height_mobile":{"unit":"em","size":"0"},"description_typography_line_height_tablet":{"unit":"em","size":""},"description_typography_line_height_mobile":{"unit":"em","size":""},"_margin_mobile":{"unit":"px","top":"40","right":"40","bottom":"40","left":"40","isLinked":true},"_padding_mobile":{"unit":"px","top":"10","right":"0","bottom":"0","left":"0","isLinked":false}},"elements":[],"isInner":false,"widgetType":"image-box","elType":"widget"}],"isInner":true,"elType":"column"},{"id":"2ef0","settings":{"_column_size":20,"_inline_size":null},"elements":[{"id":"7b33","settings":{"image":{"id":294,"url":"http:\/\/localhost\/checkupdate\/wp-content\/uploads\/2018\/03\/3-1-1.png"},"title_text":"Delicious Minicakes","description_text":"","image_size":{"unit":"%","size":"70"},"title_color":"#555555","title_typography_typography":"custom","title_typography_font_size":{"unit":"px","size":"20"},"title_typography_font_size_tablet":{"unit":"px","size":"19"},"title_typography_font_family":"Vidaloka","title_typography_line_height_tablet":{"unit":"em","size":"1.5"},"title_typography_line_height_mobile":{"unit":"em","size":"0"},"description_typography_line_height_tablet":{"unit":"em","size":""},"description_typography_line_height_mobile":{"unit":"em","size":""},"_margin_mobile":{"unit":"px","top":"10","right":"10","bottom":"10","left":"10","isLinked":true},"_padding_mobile":{"unit":"px","top":"10","right":"0","bottom":"0","left":"0","isLinked":false}},"elements":[],"isInner":false,"widgetType":"image-box","elType":"widget"}],"isInner":true,"elType":"column"},{"id":"36ee","settings":{"_column_size":20,"_inline_size":null},"elements":[{"id":"4c69","settings":{"image":{"id":296,"url":"http:\/\/localhost\/checkupdate\/wp-content\/uploads\/2018\/03\/5-1-1-1.png"},"title_text":"\"I\u2019m So Fancy\" Cakes","description_text":"","image_size":{"unit":"%","size":"70"},"title_color":"#555555","title_typography_typography":"custom","title_typography_font_size":{"unit":"px","size":"20"},"title_typography_font_size_tablet":{"unit":"px","size":"19"},"title_typography_font_family":"Vidaloka","title_typography_line_height_tablet":{"unit":"em","size":"1.6"},"title_typography_line_height_mobile":{"unit":"em","size":"0"},"description_typography_line_height_tablet":{"unit":"em","size":""},"description_typography_line_height_mobile":{"unit":"em","size":""},"_margin_mobile":{"unit":"px","top":"30","right":"30","bottom":"30","left":"30","isLinked":true},"_padding_mobile":{"unit":"px","top":"10","right":"0","bottom":"0","left":"0","isLinked":false}},"elements":[],"isInner":false,"widgetType":"image-box","elType":"widget"}],"isInner":true,"elType":"column"},{"id":"4a1c","settings":{"_column_size":20,"_inline_size":null},"elements":[{"id":"178f","settings":{"image":{"id":298,"url":"http:\/\/localhost\/checkupdate\/wp-content\/uploads\/2018\/03\/6-6-1.png"},"title_text":"Good Old Cookies","description_text":"","image_size":{"unit":"%","size":"70"},"title_color":"#555555","title_typography_typography":"custom","title_typography_font_size":{"unit":"px","size":"20"},"title_typography_font_size_tablet":{"unit":"px","size":"19"},"title_typography_font_family":"Vidaloka","title_typography_line_height_tablet":{"unit":"em","size":"1.5"},"title_typography_line_height_mobile":{"unit":"em","size":"0"},"description_typography_line_height_tablet":{"unit":"em","size":""},"description_typography_line_height_mobile":{"unit":"em","size":""},"_margin_mobile":{"unit":"px","top":"0","right":"0","bottom":"0","left":"0","isLinked":true},"_padding_mobile":{"unit":"px","top":"10","right":"0","bottom":"0","left":"0","isLinked":false}},"elements":[],"isInner":false,"widgetType":"image-box","elType":"widget"}],"isInner":true,"elType":"column"}],"isInner":true,"elType":"section"},{"id":"53fa","settings":{"text":"Visit menu","align":"center","size":"md","button_text_color":"#f991b8","typography_typography":"custom","typography_font_size_tablet":{"unit":"px","size":"14"},"typography_text_transform":"uppercase","typography_line_height_tablet":{"unit":"em","size":""},"typography_line_height_mobile":{"unit":"em","size":""},"typography_letter_spacing":{"unit":"px","size":"3"},"background_color":"rgba(249,145,184,0)","border_border":"solid","border_color":"#f991b8","border_radius":{"unit":"px","top":"50","right":"50","bottom":"50","left":"50","isLinked":true},"section_hover":"","hover_color":"#ffffff","button_background_hover_color":"#f991b8","button_hover_border_color":"#f991b8","_padding_mobile":{"unit":"px","top":"50","right":"0","bottom":"0","left":"0","isLinked":false},"border_width":{"unit":"px","top":"3","right":"3","bottom":"3","left":"3","isLinked":true}},"elements":[],"isInner":false,"widgetType":"button","elType":"widget"}],"isInner":false,"elType":"column"}],"isInner":false,"elType":"section"},{"id":"4277","settings":{"gap":"no","background_background":"classic","background_image":{"id":290,"url":"http:\/\/localhost\/checkupdate\/wp-content\/uploads\/2018\/03\/6-1.png"},"background_position":"center center","padding":{"unit":"px","top":"100","right":"0","bottom":"100","left":"0","isLinked":false},"padding_tablet":{"unit":"px","top":"80","right":"10","bottom":"80","left":"10","isLinked":false},"padding_mobile":{"unit":"px","top":"80","right":"20","bottom":"20","left":"20","isLinked":false}},"elements":[{"id":"1c76","settings":{"_column_size":100,"_inline_size":null},"elements":[{"id":"1fa1","settings":{"title":"Offers of the week","align":"center","title_color":"#363636","typography_typography":"custom","typography_font_size":{"unit":"px","size":"60"},"typography_font_size_tablet":{"unit":"px","size":"50"},"typography_font_size_mobile":{"unit":"px","size":"42"},"typography_font_family":"Alex Brush","typography_font_weight":"bold","typography_line_height_tablet":{"unit":"em","size":""},"typography_line_height_mobile":{"unit":"em","size":"0.5"},"header_size":"h3"},"elements":[],"isInner":false,"widgetType":"heading","elType":"widget"},{"id":"35c6","settings":{"title":"Lorem ipsum dolor sit amet, consectetur adipiscing elit. ","align":"center","title_color":"#f991b8","typography_typography":"custom","typography_font_size":{"unit":"px","size":"20"},"typography_font_size_tablet":{"unit":"px","size":"20"},"typography_font_size_mobile":{"unit":"px","size":"20"},"typography_font_family":"Vidaloka","typography_font_weight":"100","typography_line_height_tablet":{"unit":"em","size":""},"typography_line_height_mobile":{"unit":"em","size":"1.3"},"_padding":{"unit":"px","top":"0","right":"0","bottom":"80","left":"0","isLinked":false},"header_size":"h3","_padding_mobile":{"unit":"px","top":"0","right":"0","bottom":"30","left":"0","isLinked":false}},"elements":[],"isInner":false,"widgetType":"heading","elType":"widget"},{"id":"3311","settings":{"content_width":{"unit":"px","size":"1300"},"gap":"no","structure":"40","padding_mobile":{"unit":"px","top":"0","right":"0","bottom":"80","left":"0","isLinked":false}},"elements":[{"id":"40b4","settings":{"_column_size":25,"_inline_size":null,"margin_mobile":{"unit":"px","top":"0","right":"0","bottom":"0","left":"0","isLinked":true}},"elements":[{"id":"6987","settings":{"image":{"id":299,"url":"http:\/\/localhost\/checkupdate\/wp-content\/uploads\/2018\/03\/7-1-1.jpg"},"align":"left","align_tablet":"center","align_mobile":"center","space":{"unit":"%","size":"90"},"image_border_border":"solid","image_border_width":{"unit":"px","top":"15","right":"15","bottom":"15","left":"15","isLinked":true},"image_border_color":"#f4bfd3","caption_typography_line_height_tablet":{"unit":"em","size":""},"caption_typography_line_height_mobile":{"unit":"em","size":""}},"elements":[],"isInner":false,"widgetType":"image","elType":"widget"}],"isInner":true,"elType":"column"},{"id":"21d9","settings":{"_column_size":25,"_inline_size":24.825,"margin":{"unit":"px","top":"0","right":"15","bottom":"0","left":"10","isLinked":false},"margin_tablet":{"unit":"px","top":"0","right":"10","bottom":"0","left":"10","isLinked":false},"padding":{"unit":"px","top":"0","right":"25","bottom":"0","left":"0","isLinked":false},"padding_tablet":{"unit":"px","top":"0","right":"0","bottom":"0","left":"0","isLinked":true},"padding_mobile":{"unit":"px","top":"50","right":"0","bottom":"0","left":"0","isLinked":false},"content_position":"center"},"elements":[{"id":"14dd","settings":{"image":{"id":301,"url":"http:\/\/localhost\/checkupdate\/wp-content\/uploads\/2018\/03\/16.png"},"align":"left","align_tablet":"left","align_mobile":"center","space":{"unit":"%","size":"40"},"caption_typography_line_height_tablet":{"unit":"em","size":""},"caption_typography_line_height_mobile":{"unit":"em","size":""},"_padding_mobile":{"unit":"px","top":"0","right":"0","bottom":"20","left":"0","isLinked":false}},"elements":[],"isInner":false,"widgetType":"image","elType":"widget"},{"id":"6852","settings":{"title":"Snow white cupcakes","align_mobile":"center","title_color":"#363636","typography_typography":"custom","typography_font_size":{"unit":"px","size":"35"},"typography_font_size_tablet":{"unit":"px","size":"20"},"typography_font_size_mobile":{"unit":"px","size":"35"},"typography_font_family":"Alex Brush","typography_font_weight":"bold","typography_line_height_tablet":{"unit":"em","size":0.1},"typography_line_height_mobile":{"unit":"em","size":"1"}},"elements":[],"isInner":false,"widgetType":"heading","elType":"widget"},{"id":"1723","settings":{"editor":"<p>12 pack for only <span style=\"color: #f991b8;\">$8.90 <\/span><\/p>","align_mobile":"center","typography_typography":"custom","typography_font_size":{"unit":"px","size":"20"},"typography_font_size_tablet":{"unit":"px","size":"14"},"typography_font_size_mobile":{"unit":"px","size":"18"},"typography_font_family":"Vidaloka","typography_font_weight":"100","typography_line_height_tablet":{"unit":"em","size":"1.5"},"typography_line_height_mobile":{"unit":"em","size":""}},"elements":[],"isInner":false,"widgetType":"text-editor","elType":"widget"},{"id":"3420","settings":{"text":"Buy now","align":"left","align_mobile":"center","button_text_color":"#f991b8","typography_typography":"custom","typography_font_size_tablet":{"unit":"px","size":"11"},"typography_text_transform":"uppercase","typography_line_height_tablet":{"unit":"em","size":""},"typography_line_height_mobile":{"unit":"em","size":""},"typography_letter_spacing":{"unit":"px","size":"3"},"background_color":"rgba(249,145,184,0)","border_border":"solid","border_color":"#f991b8","border_radius":{"unit":"px","top":"50","right":"50","bottom":"50","left":"50","isLinked":true},"section_hover":"","hover_color":"#ffffff","button_background_hover_color":"#f991b8","button_hover_border_color":"#f991b8","border_width":{"unit":"px","top":"3","right":"3","bottom":"3","left":"3","isLinked":true}},"elements":[],"isInner":false,"widgetType":"button","elType":"widget"}],"isInner":true,"elType":"column"},{"id":"27f","settings":{"_column_size":25,"_inline_size":25.175,"margin":{"unit":"px","top":"0","right":"0","bottom":"0","left":"0","isLinked":false},"padding":{"unit":"px","top":"0","right":"0","bottom":"0","left":"0","isLinked":false},"padding_mobile":{"unit":"px","top":"50","right":"0","bottom":"0","left":"0","isLinked":false}},"elements":[{"id":"379e","settings":{"image":{"id":302,"url":"http:\/\/localhost\/checkupdate\/wp-content\/uploads\/2018\/03\/8-1.jpg"},"align":"left","align_tablet":"center","align_mobile":"center","space":{"unit":"%","size":"90"},"image_border_border":"solid","image_border_width":{"unit":"px","top":"15","right":"15","bottom":"15","left":"15","isLinked":true},"image_border_color":"#f4bfd3","caption_typography_line_height_tablet":{"unit":"em","size":""},"caption_typography_line_height_mobile":{"unit":"em","size":""}},"elements":[],"isInner":false,"widgetType":"image","elType":"widget"}],"isInner":true,"elType":"column"},{"id":"6738","settings":{"_column_size":25,"_inline_size":null,"margin":{"unit":"px","top":"0","right":"10","bottom":"0","left":"10","isLinked":false},"padding":{"unit":"px","top":"0","right":"0","bottom":"0","left":"0","isLinked":false},"padding_mobile":{"unit":"px","top":"50","right":"0","bottom":"0","left":"0","isLinked":false},"content_position":"center"},"elements":[{"id":"724c","settings":{"image":{"id":301,"url":"http:\/\/localhost\/checkupdate\/wp-content\/uploads\/2018\/03\/16.png"},"align":"left","align_tablet":"left","align_mobile":"center","space":{"unit":"%","size":"40"},"caption_typography_line_height_tablet":{"unit":"em","size":""},"caption_typography_line_height_mobile":{"unit":"em","size":""},"_padding_mobile":{"unit":"px","top":"0","right":"0","bottom":"20","left":"0","isLinked":false}},"elements":[],"isInner":false,"widgetType":"image","elType":"widget"},{"id":"295","settings":{"title":"Tea time tart","align_mobile":"center","title_color":"#363636","typography_typography":"custom","typography_font_size":{"unit":"px","size":"35"},"typography_font_size_tablet":{"unit":"px","size":"20"},"typography_font_size_mobile":{"unit":"px","size":"35"},"typography_font_family":"Alex Brush","typography_font_weight":"bold","typography_line_height_tablet":{"unit":"em","size":"0.1"},"typography_line_height_mobile":{"unit":"em","size":"1"}},"elements":[],"isInner":false,"widgetType":"heading","elType":"widget"},{"id":"2faa","settings":{"editor":"<p>Only <span style=\"color: #f991b8;\">$12.90<\/span><\/p>","align_mobile":"center","typography_typography":"custom","typography_font_size":{"unit":"px","size":"20"},"typography_font_size_tablet":{"unit":"px","size":"14"},"typography_font_size_mobile":{"unit":"px","size":"18"},"typography_font_family":"Vidaloka","typography_font_weight":"100","typography_line_height_tablet":{"unit":"em","size":""},"typography_line_height_mobile":{"unit":"em","size":""}},"elements":[],"isInner":false,"widgetType":"text-editor","elType":"widget"},{"id":"479b","settings":{"text":"Buy now","align":"left","align_mobile":"center","button_text_color":"#f991b8","typography_typography":"custom","typography_font_size_tablet":{"unit":"px","size":"11"},"typography_text_transform":"uppercase","typography_line_height_tablet":{"unit":"em","size":""},"typography_line_height_mobile":{"unit":"em","size":""},"typography_letter_spacing":{"unit":"px","size":"3"},"background_color":"rgba(249,145,184,0)","border_border":"solid","border_color":"#f991b8","border_radius":{"unit":"px","top":"50","right":"50","bottom":"50","left":"50","isLinked":true},"section_hover":"","hover_color":"#ffffff","button_background_hover_color":"#f991b8","button_hover_border_color":"#f991b8","border_width":{"unit":"px","top":"3","right":"3","bottom":"3","left":"3","isLinked":true}},"elements":[],"isInner":false,"widgetType":"button","elType":"widget"}],"isInner":true,"elType":"column"}],"isInner":true,"elType":"section"}],"isInner":false,"elType":"column"}],"isInner":false,"elType":"section"},{"id":"f13","settings":{"background_background":"classic","background_image":{"id":303,"url":"http:\/\/localhost\/checkupdate\/wp-content\/uploads\/2018\/03\/9-1-1.jpg"},"background_overlay_background":"classic","background_overlay_color":"#f991b8","background_overlay_opacity":{"unit":"px","size":"0.9"},"padding":{"unit":"px","top":"100","right":"0","bottom":"100","left":"0","isLinked":false},"padding_tablet":{"unit":"px","top":"50","right":"0","bottom":"80","left":"0","isLinked":false},"padding_mobile":{"unit":"px","top":"50","right":"0","bottom":"50","left":"0","isLinked":false}},"elements":[{"id":"a02","settings":{"_column_size":100,"_inline_size":null,"padding_tablet":{"unit":"px","top":"0","right":"50","bottom":"0","left":"50","isLinked":false},"padding_mobile":{"unit":"px","top":"0","right":"30","bottom":"0","left":"30","isLinked":false}},"elements":[{"id":"3ee4","settings":{"title":"Contact us","align":"center","title_color":"#ffffff","typography_typography":"custom","typography_font_size":{"unit":"px","size":"60"},"typography_font_size_tablet":{"unit":"px","size":"50"},"typography_font_size_mobile":{"unit":"px","size":"45"},"typography_font_family":"Alex Brush","typography_font_weight":"bold","typography_line_height_tablet":{"unit":"em","size":""},"typography_line_height_mobile":{"unit":"em","size":""},"_padding":{"unit":"px","top":"0","right":"0","bottom":"30","left":"0","isLinked":false}},"elements":[],"isInner":false,"widgetType":"heading","elType":"widget"},{"id":"6f4d","elType":"widget","settings":{"form_name":"New Form","form_fields":[{"field_type":"text","field_label":"Name","placeholder":"Name","width":"50","required":"","field_options":"","inline_list":"","rows":4,"recaptcha_size":"normal","recaptcha_style":"light","css_classes":"","_id":"2xn2ube","width_tablet":"","width_mobile":"","form_fields_tabs":"","form_fields_content_tab":"","form_fields_advanced_tab":"","shortcode":"","field_value":"","file_sizes":"","file_types":"","allow_multiple_upload":"","max_files":"","acceptance_text":"","checked_by_default":"","field_min":"","field_max":"","min_date":"","max_date":"","use_native_date":"","use_native_time":"","allow_multiple":"","select_size":"","field_html":""},{"field_type":"email","field_label":"Email","placeholder":"Email","width":"50","required":"","field_options":"","inline_list":"","rows":4,"recaptcha_size":"normal","recaptcha_style":"light","css_classes":"","_id":"ils2a8i","width_tablet":"","width_mobile":"","form_fields_tabs":"","form_fields_content_tab":"","form_fields_advanced_tab":"","shortcode":"","field_value":"","file_sizes":"","file_types":"","allow_multiple_upload":"","max_files":"","acceptance_text":"","checked_by_default":"","field_min":"","field_max":"","min_date":"","max_date":"","use_native_date":"","use_native_time":"","allow_multiple":"","select_size":"","field_html":""},{"field_type":"textarea","field_label":"Message","placeholder":"Message","width":"100","required":"","field_options":"","inline_list":"","rows":"6","recaptcha_size":"normal","recaptcha_style":"light","css_classes":"","_id":"fgp7quu","width_tablet":"","width_mobile":"","form_fields_tabs":"","form_fields_content_tab":"","form_fields_advanced_tab":"","shortcode":"","field_value":"","file_sizes":"","file_types":"","allow_multiple_upload":"","max_files":"","acceptance_text":"","checked_by_default":"","field_min":"","field_max":"","min_date":"","max_date":"","use_native_date":"","use_native_time":"","allow_multiple":"","select_size":"","field_html":""}],"show_labels":"","button_text":"Send","button_align":"center","button_align_tablet":"center","button_align_mobile":"stretch","email_to":"kingyes1@gmail.com","email_subject":"New message from \"Elementor\"","email_from":"email@demo.elementor.com","email_from_name":"Elementor","success_message":"The message was sent successfully!","error_message":"There's something wrong... Please fill in the required fields.","required_field_message":"Required","invalid_message":"There's something wrong... The form is invalid.","label_typography_line_height_tablet":{"unit":"em","size":""},"label_typography_line_height_mobile":{"unit":"em","size":""},"field_text_color":"#ffffff","field_typography_typography":"custom","field_typography_font_size":{"unit":"px","size":"18"},"field_typography_font_family":"Roboto","field_typography_font_weight":"500","field_typography_line_height_tablet":{"unit":"em","size":""},"field_typography_line_height_mobile":{"unit":"em","size":""},"field_background_color":"rgba(255,255,255,0)","field_border_color":"#ffffff","field_border_width":{"unit":"px","top":"2","right":"2","bottom":"2","left":"2","isLinked":true},"field_border_radius":{"unit":"px","top":"0","right":"0","bottom":"0","left":"0","isLinked":true},"button_text_color":"#f991b8","button_typography_typography":"custom","button_typography_font_size":{"unit":"px","size":"20"},"button_typography_text_transform":"uppercase","button_typography_line_height_tablet":{"unit":"em","size":""},"button_typography_line_height_mobile":{"unit":"em","size":""},"button_typography_letter_spacing":{"unit":"px","size":"3"},"button_background_color":"#ffffff","button_border_radius":{"unit":"px","top":"50","right":"50","bottom":"50","left":"50","isLinked":true},"button_text_padding":{"unit":"px","top":"12","right":"40","bottom":"12","left":"40","isLinked":false},"_margin":{"unit":"px","top":"0","right":"100","bottom":"0","left":"100","isLinked":false},"_margin_mobile":{"unit":"px","top":"0","right":"0","bottom":"0","left":"0","isLinked":true},"_padding":{"unit":"px","top":"30","right":"30","bottom":"30","left":"30","isLinked":true},"_padding_mobile":{"unit":"px","top":"15","right":"15","bottom":"15","left":"15","isLinked":true},"_border_border":"solid","_border_width":{"unit":"px","top":"2","right":"2","bottom":"2","left":"2","isLinked":true},"_border_color":"#ffffff","submit_actions":[],"_margin_tablet":{"unit":"px","top":"0","right":"0","bottom":"0","left":"0","isLinked":false},"_padding_tablet":{"unit":"px","top":"10","right":"10","bottom":"10","left":"10","isLinked":true},"email_content":"[all-fields]","email_to_2":"no-reply@elementor.com","email_subject_2":"New message from \"Elementor\"","email_content_2":"[all-fields]","email_from_2":"email@demo.elementor.com","email_from_name_2":"Elementor","email_reply_to_2":"no-reply@elementor.com","button_border_border":"solid","button_border_width":{"unit":"px","top":"3","right":"3","bottom":"3","left":"3","isLinked":true},"button_border_color":"#ffffff","button_hover_color":"#ffffff","button_background_hover_color":"#f991b8","button_hover_border_color":"#ffffff"},"elements":[],"widgetType":"form"}],"isInner":false,"elType":"column"}],"isInner":false,"elType":"section"}]}