{"version":"0.4","title":"Coming Soon 1","type":"page","content":[{"id":"71d3","settings":{"height":"full","content_position":"middle","background_background":"classic","background_image":{"id":912,"url":"http:\/\/localhost\/checkupdate\/wp-content\/uploads\/2018\/03\/7-2.jpg"},"background_position":"center center","background_size":"cover","background_overlay_background":"gradient","background_overlay_color":"#f54fa0","background_overlay_opacity":{"unit":"px","size":0.79},"padding":{"unit":"px","top":"80","right":"40","bottom":"80","left":"40","isLinked":false},"padding_tablet":{"unit":"px","top":"50","right":"25","bottom":"50","left":"25","isLinked":false},"padding_mobile":{"unit":"px","top":"50","right":"15","bottom":"70","left":"15","isLinked":false},"background_overlay_color_b":"#5b7fe9","background_overlay_gradient_angle":{"unit":"deg","size":210}},"elements":[{"id":"3fc2","settings":{"_column_size":100,"_inline_size":null},"elements":[{"id":"7299","settings":{"title":"Almost There... <br>Adding Some Final Touches ","header_size":"h1","align":"center","title_color":"#ffffff","typography_typography":"custom","typography_font_size":{"unit":"px","size":64},"typography_font_size_tablet":{"unit":"px","size":"50"},"typography_font_size_mobile":{"unit":"px","size":"30"},"typography_font_family":"Poppins","typography_font_weight":"600","typography_text_transform":"uppercase","typography_line_height":{"unit":"em","size":"1.2"},"typography_line_height_mobile":{"unit":"em","size":1.5},"typography_letter_spacing_mobile":{"unit":"px","size":0},"_padding":{"unit":"%","top":"","right":"","bottom":"","left":"","isLinked":true},"_padding_mobile":{"unit":"px","top":"0","right":"0","bottom":"0","left":"0","isLinked":true},"section_custom_css_pro":"","custom_css_pro":""},"elements":[],"isInner":false,"widgetType":"heading","elType":"widget"},{"id":"195e","settings":{"space_tablet":{"unit":"px","size":"15"},"space_mobile":{"unit":"px","size":"5"}},"elements":[],"isInner":false,"widgetType":"spacer","elType":"widget"},{"id":"213f","settings":{"due_date":"2017-10-17 02:30","show_days":"true","show_hours":"true","show_minutes":"true","show_seconds":"true","show_labels":"true","label_days":"Days","label_hours":"Hours","label_minutes":"Minutes","label_seconds":"Seconds","container_width":{"unit":"%","size":68},"container_width_tablet":{"unit":"%","size":91},"box_background_color":"rgba(0,0,0,0)","box_spacing_tablet":{"unit":"px","size":"5"},"box_spacing_mobile":{"unit":"px","size":33},"digits_typography_typography":"custom","digits_typography_font_size":{"unit":"px","size":"80"},"digits_typography_font_size_tablet":{"unit":"px","size":"60"},"digits_typography_font_size_mobile":{"unit":"px","size":"30"},"digits_typography_font_family":"Poppins","digits_typography_font_weight":"bold","label_color":"rgba(255,255,255,0.82)","label_typography_typography":"custom","label_typography_font_size":{"unit":"px","size":"17"},"label_typography_font_size_tablet":{"unit":"px","size":"14"},"label_typography_font_size_mobile":{"unit":"px","size":"10"},"label_typography_font_family":"Playfair Display","label_typography_font_weight":"normal","_padding":{"unit":"px","top":"20","right":"0","bottom":"20","left":"0","isLinked":false},"_padding_mobile":{"unit":"px","top":"0","right":"20","bottom":"0","left":"20","isLinked":false},"_border_border":"dotted","_border_width":{"unit":"px","top":"1","right":"0","bottom":"1","left":"0","isLinked":false},"_border_color":"#ffffff","section_custom_css_pro":"","custom_css_pro":""},"elements":[],"isInner":false,"widgetType":"countdown","elType":"widget"},{"id":"640d","settings":{"structure":"30","margin_tablet":{"unit":"px","top":"","right":0,"bottom":"","left":0,"isLinked":true},"padding":{"unit":"px","top":"90","right":"0","bottom":"0","left":"0","isLinked":false},"padding_tablet":{"unit":"px","top":"70","right":"0","bottom":"0","left":"0","isLinked":false},"padding_mobile":{"unit":"px","top":"30","right":"0","bottom":"0","left":"0","isLinked":false}},"elements":[{"id":"6d6a","settings":{"_column_size":33,"_inline_size":null,"padding_tablet":{"unit":"px","top":"0","right":"0","bottom":"0","left":"0","isLinked":false},"padding_mobile":{"unit":"px","top":"0","right":"0","bottom":"30","left":"0","isLinked":false}},"elements":[{"id":"a0c","settings":{"title":"Our vision","header_size":"h3","align":"center","title_color":"#ffffff","typography_typography":"custom","typography_font_size":{"unit":"px","size":"21"},"typography_font_family":"Poppins","typography_font_weight":"600","typography_text_transform":"uppercase","typography_letter_spacing":{"unit":"px","size":1.1},"section_custom_css_pro":"","custom_css_pro":""},"elements":[],"isInner":false,"widgetType":"heading","elType":"widget"},{"id":"1f55","settings":{"editor":"<p>I am text block. Click edit button to change this text. Lorem ipsum dolor sit amet, adipiscing elit.<\/p>","align":"center","text_color":"rgba(255,255,255,0.65)","typography_typography":"custom","typography_font_size":{"unit":"px","size":"16"},"typography_font_size_tablet":{"unit":"px","size":"14"},"typography_font_weight":"100","_margin":{"unit":"px","top":"0","right":"30","bottom":"0","left":"30","isLinked":false},"section_custom_css_pro":"","custom_css_pro":"","typography_font_family":"Playfair Display"},"elements":[],"isInner":false,"widgetType":"text-editor","elType":"widget"}],"isInner":true,"elType":"column"},{"id":"5bd1","settings":{"_column_size":33,"_inline_size":null,"padding_tablet":{"unit":"px","top":"0","right":"0","bottom":"0","left":"0","isLinked":false}},"elements":[{"id":"125b","settings":{"title":"Services","header_size":"h3","align":"center","title_color":"#ffffff","typography_typography":"custom","typography_font_size":{"unit":"px","size":"21"},"typography_font_family":"Poppins","typography_font_weight":"600","typography_text_transform":"uppercase","typography_letter_spacing":{"unit":"px","size":1.1},"section_custom_css_pro":"","custom_css_pro":""},"elements":[],"isInner":false,"widgetType":"heading","elType":"widget"},{"id":"3af8","settings":{"editor":"<p>I am text block. Click edit button to change this text. Lorem ipsum dolor sit amet, adipiscing elit.<\/p>","align":"center","text_color":"rgba(255,255,255,0.65)","typography_typography":"custom","typography_font_size":{"unit":"px","size":"16"},"typography_font_size_tablet":{"unit":"px","size":"14"},"typography_font_weight":"100","_margin":{"unit":"px","top":"0","right":"30","bottom":"0","left":"30","isLinked":false},"section_custom_css_pro":"","custom_css_pro":"","typography_font_family":"Playfair Display"},"elements":[],"isInner":false,"widgetType":"text-editor","elType":"widget"}],"isInner":true,"elType":"column"},{"id":"ea4","settings":{"_column_size":33,"_inline_size":null,"padding_tablet":{"unit":"px","top":"0","right":"0","bottom":"0","left":"0","isLinked":true},"padding_mobile":{"unit":"px","top":"30","right":"0","bottom":"0","left":"0","isLinked":false}},"elements":[{"id":"7636","settings":{"title":"Contact us","header_size":"h3","align":"center","title_color":"#ffffff","typography_typography":"custom","typography_font_size":{"unit":"px","size":"21"},"typography_font_family":"Poppins","typography_font_weight":"600","typography_text_transform":"uppercase","typography_letter_spacing":{"unit":"px","size":1.1},"section_custom_css_pro":"","custom_css_pro":""},"elements":[],"isInner":false,"widgetType":"heading","elType":"widget"},{"id":"7937","settings":{"editor":"<p>I am text block. Click edit button to change this text. Lorem ipsum dolor sit amet, adipiscing elit.<\/p>","align":"center","text_color":"rgba(255,255,255,0.65)","typography_typography":"custom","typography_font_size":{"unit":"px","size":"16"},"typography_font_size_tablet":{"unit":"px","size":"14"},"typography_font_weight":"100","_margin":{"unit":"px","top":"0","right":"30","bottom":"0","left":"30","isLinked":false},"section_custom_css_pro":"","custom_css_pro":"","typography_font_family":"Playfair Display"},"elements":[],"isInner":false,"widgetType":"text-editor","elType":"widget"}],"isInner":true,"elType":"column"}],"isInner":true,"elType":"section"}],"isInner":false,"elType":"column"}],"isInner":false,"elType":"section"}]}