{"version":"0.4","title":"Landing Page \u2013 Real Estate 3","type":"page","content":[{"id":"7fc9","settings":{"content_width":{"unit":"px","size":"900"},"height":"min-height","custom_height":{"unit":"vh","size":"80"},"content_position":"middle","background_background":"classic","background_image":{"id":790,"url":"http:\/\/localhost\/checkupdate\/wp-content\/uploads\/2018\/03\/Group-35-Copy-2.png"},"background_position":"center center","background_size":"cover","padding_tablet":{"unit":"px","top":"100","right":"100","bottom":"100","left":"100","isLinked":false},"padding_mobile":{"unit":"px","top":"65","right":"20","bottom":"65","left":"20","isLinked":false}},"elements":[{"id":"13d0","settings":{"_column_size":100,"_inline_size":null,"background_background":"classic","background_color":"rgba(255,255,255,0.94)","padding":{"unit":"px","top":"100","right":"70","bottom":"100","left":"70","isLinked":false},"padding_tablet":{"unit":"px","top":"70","right":"70","bottom":"70","left":"70","isLinked":true},"padding_mobile":{"unit":"px","top":"50","right":"30","bottom":"50","left":"30","isLinked":false}},"elements":[{"id":"73cd","settings":{"title":"Sunset valley project","align":"center","title_color":"#000000","typography_typography":"custom","typography_font_size":{"unit":"px","size":"59"},"typography_font_family":"Poppins","typography_text_transform":"uppercase","_padding":{"unit":"px","top":"0","right":"0","bottom":"30","left":"0","isLinked":false},"header_size":"h1","typography_font_size_tablet":{"unit":"px","size":"50"},"typography_font_size_mobile":{"unit":"px","size":"45"},"typography_line_height_tablet":{"unit":"em","size":1.2},"_padding_mobile":{"unit":"px","top":"0","right":"0","bottom":"0","left":"0","isLinked":true}},"elements":[],"isInner":false,"widgetType":"heading","elType":"widget"},{"id":"7482","settings":{"editor":"<p class=\"p1\"><span class=\"s1\">The most existing housing project is on its way. Be the first to own this amazing property for pre-sale prices!<\/span><\/p>","align":"center","text_color":"#444444","typography_typography":"custom","typography_font_size":{"unit":"px","size":"23"},"typography_line_height":{"unit":"em","size":"1.6"},"_padding":{"unit":"%","top":"0","right":"5","bottom":"0","left":"5","isLinked":false},"typography_font_size_mobile":{"unit":"px","size":"15"}},"elements":[],"isInner":false,"widgetType":"text-editor","elType":"widget"},{"id":"6793","settings":{"text":"Request showing","align":"center","typography_typography":"custom","typography_font_size":{"unit":"px","size":"20"},"typography_text_transform":"capitalize","typography_letter_spacing":{"unit":"px","size":"1.5"},"background_color":"#62d3e5","border_radius":{"unit":"px","top":"50","right":"50","bottom":"50","left":"50","isLinked":true},"text_padding":{"unit":"px","top":"20","right":"040","bottom":"20","left":"40","isLinked":false},"_padding":{"unit":"px","top":"30","right":"0","bottom":"0","left":"0","isLinked":false},"hover_color":"#62d3e5","button_background_hover_color":"rgba(0,0,0,0)","button_hover_border_color":"#62d3e5","hover_animation":"grow","border_border":"solid","border_color":"#62d3e5","typography_font_size_mobile":{"unit":"px","size":"15"},"_padding_mobile":{"unit":"px","top":"10","right":"0","bottom":"0","left":"0","isLinked":false}},"elements":[],"isInner":false,"widgetType":"button","elType":"widget"}],"isInner":false,"elType":"column"}],"isInner":false,"elType":"section"},{"id":"ce8","settings":{"structure":"30","padding":{"unit":"px","top":"100","right":"0","bottom":"0","left":"0","isLinked":false},"gap":"no","padding_tablet":{"unit":"px","top":"50","right":"25","bottom":"0","left":"25","isLinked":false},"padding_mobile":{"unit":"px","top":"20","right":"20","bottom":"0","left":"20","isLinked":false}},"elements":[{"id":"69ef","settings":{"_column_size":33,"_inline_size":null,"margin":{"unit":"%","top":"0","right":"6","bottom":"0","left":"0","isLinked":false},"margin_mobile":{"unit":"px","top":"0","right":"0","bottom":"0","left":"0","isLinked":true},"padding_mobile":{"unit":"px","top":"0","right":"0","bottom":"20","left":"0","isLinked":false},"screen_sm_width":"50"},"elements":[{"id":"56ce","settings":{"graphic_element":"image","image":{"id":791,"url":"http:\/\/localhost\/checkupdate\/wp-content\/uploads\/2018\/03\/Group-368.png"},"title_text_a":"Community","description_text_a":"Lorem ipsum dolor sit amet consectetur adipiscing elit dolor","background_a_background":"gradient","background_a_color":"#006af4","background_a_color_b":"#bedfe5","background_a_gradient_angle":{"unit":"deg","size":210},"background_a_image":{"id":792,"url":"http:\/\/localhost\/checkupdate\/wp-content\/uploads\/2018\/03\/Group-35-1-1.png"},"title_text_b":"","description_text_b":"","button_text":"","background_b_background":"classic","background_b_image":{"id":792,"url":"http:\/\/localhost\/checkupdate\/wp-content\/uploads\/2018\/03\/Group-35-1-1.png"},"background_b_size":"cover","padding_a":{"unit":"px","top":"40","right":"40","bottom":"40","left":"40","isLinked":true},"image_width":{"unit":"%","size":"25"},"title_spacing_a":{"unit":"px","size":10},"title_color_a":"#ffffff","title_typography_a_typography":"custom","title_typography_a_font_size":{"unit":"px","size":"26"},"title_typography_a_font_family":"Poppins","description_typography_a_typography":"custom","description_typography_a_font_size":{"unit":"px","size":"14"},"flip_3d":"elementor-flip-box--3d","title_typography_a_text_transform":"capitalize","padding_a_tablet":{"unit":"px","top":"17","right":"17","bottom":"17","left":"17","isLinked":true},"padding_a_mobile":{"unit":"px","top":"30","right":"30","bottom":"30","left":"30","isLinked":true},"title_typography_a_font_size_tablet":{"unit":"px","size":"17"},"description_typography_a_font_size_tablet":{"unit":"px","size":"14"}},"elements":[],"isInner":false,"widgetType":"flip-box","elType":"widget"}],"isInner":false,"elType":"column"},{"id":"4f85","settings":{"_column_size":33,"_inline_size":null,"margin":{"unit":"%","top":"0","right":"3","bottom":"0","left":"3","isLinked":false},"margin_mobile":{"unit":"px","top":"0","right":"0","bottom":"0","left":"0","isLinked":true},"padding_mobile":{"unit":"px","top":"0","right":"0","bottom":"20","left":"0","isLinked":false}},"elements":[{"id":"1cfc","settings":{"graphic_element":"image","image":{"id":794,"url":"http:\/\/localhost\/checkupdate\/wp-content\/uploads\/2018\/03\/Group-307.png"},"title_text_a":"Neighbourhood ","description_text_a":"Lorem ipsum dolor sit amet consectetur adipiscing elit dolor","background_a_background":"gradient","background_a_color":"#006af4","background_a_color_b":"#bedfe5","background_a_gradient_angle":{"unit":"deg","size":210},"background_a_image":{"id":792,"url":"http:\/\/localhost\/checkupdate\/wp-content\/uploads\/2018\/03\/Group-35-1-1.png"},"title_text_b":"","description_text_b":"","button_text":"","background_b_background":"classic","background_b_image":{"id":796,"url":"http:\/\/localhost\/checkupdate\/wp-content\/uploads\/2018\/03\/chris-castro-521.png"},"background_b_size":"cover","padding_a":{"unit":"px","top":"40","right":"40","bottom":"40","left":"40","isLinked":true},"image_width":{"unit":"%","size":"17"},"title_spacing_a":{"unit":"px","size":10},"title_color_a":"#ffffff","title_typography_a_typography":"custom","title_typography_a_font_size":{"unit":"px","size":"26"},"title_typography_a_font_family":"Poppins","description_typography_a_typography":"custom","description_typography_a_font_size":{"unit":"px","size":"14"},"flip_3d":"elementor-flip-box--3d","title_typography_a_text_transform":"capitalize","padding_a_tablet":{"unit":"px","top":"17","right":"17","bottom":"17","left":"17","isLinked":true},"padding_a_mobile":{"unit":"px","top":"30","right":"30","bottom":"30","left":"30","isLinked":true},"title_typography_a_font_size_tablet":{"unit":"px","size":"17"}},"elements":[],"isInner":false,"widgetType":"flip-box","elType":"widget"}],"isInner":false,"elType":"column"},{"id":"360b","settings":{"_column_size":33,"_inline_size":null,"margin":{"unit":"%","top":"0","right":"0","bottom":"0","left":"6","isLinked":false},"margin_mobile":{"unit":"px","top":"0","right":"0","bottom":"0","left":"0","isLinked":true},"padding_mobile":{"unit":"px","top":"0","right":"0","bottom":"20","left":"0","isLinked":false}},"elements":[{"id":"11da","settings":{"graphic_element":"image","image":{"id":797,"url":"http:\/\/localhost\/checkupdate\/wp-content\/uploads\/2018\/03\/Group-326.png"},"title_text_a":"Shopping center","description_text_a":"Lorem ipsum dolor sit amet consectetur adipiscing elit dolor","background_a_background":"gradient","background_a_color":"#006af4","background_a_color_b":"#bedfe5","background_a_gradient_angle":{"unit":"deg","size":210},"background_a_image":{"id":792,"url":"http:\/\/localhost\/checkupdate\/wp-content\/uploads\/2018\/03\/Group-35-1-1.png"},"title_text_b":"","description_text_b":"","button_text":"","background_b_background":"classic","background_b_image":{"id":798,"url":"http:\/\/localhost\/checkupdate\/wp-content\/uploads\/2018\/03\/freestocks-org-182582.png"},"background_b_size":"cover","padding_a":{"unit":"px","top":"40","right":"40","bottom":"40","left":"40","isLinked":true},"image_width":{"unit":"%","size":"17"},"title_spacing_a":{"unit":"px","size":10},"title_color_a":"#ffffff","title_typography_a_typography":"custom","title_typography_a_font_size":{"unit":"px","size":"26"},"title_typography_a_font_family":"Poppins","description_typography_a_typography":"custom","description_typography_a_font_size":{"unit":"px","size":"14"},"flip_3d":"elementor-flip-box--3d","title_typography_a_text_transform":"capitalize","padding_a_mobile":{"unit":"px","top":"30","right":"30","bottom":"30","left":"30","isLinked":true},"title_typography_a_font_size_tablet":{"unit":"px","size":"16"},"title_typography_a_line_height_tablet":{"unit":"em","size":1.5}},"elements":[],"isInner":false,"widgetType":"flip-box","elType":"widget"}],"isInner":false,"elType":"column"}],"isInner":false,"elType":"section"},{"id":"5b83","settings":{"structure":"30","padding":{"unit":"px","top":"40","right":"0","bottom":"100","left":"0","isLinked":false},"gap":"no","padding_tablet":{"unit":"px","top":"25","right":"25","bottom":"50","left":"25","isLinked":false},"padding_mobile":{"unit":"px","top":"0","right":"20","bottom":"70","left":"20","isLinked":false}},"elements":[{"id":"71a6","settings":{"_column_size":33,"_inline_size":null,"margin":{"unit":"%","top":"0","right":"6","bottom":"0","left":"0","isLinked":false},"margin_mobile":{"unit":"px","top":"0","right":"0","bottom":"0","left":"0","isLinked":true},"padding_mobile":{"unit":"px","top":"0","right":"0","bottom":"20","left":"0","isLinked":false}},"elements":[{"id":"5f01","settings":{"graphic_element":"image","image":{"id":799,"url":"http:\/\/localhost\/checkupdate\/wp-content\/uploads\/2018\/03\/Group-621.png"},"title_text_a":"Kids education ","description_text_a":"Lorem ipsum dolor sit amet consectetur adipiscing elit dolor","background_a_background":"gradient","background_a_color":"#006af4","background_a_color_b":"#bedfe5","background_a_gradient_angle":{"unit":"deg","size":210},"background_a_image":{"id":792,"url":"http:\/\/localhost\/checkupdate\/wp-content\/uploads\/2018\/03\/Group-35-1-1.png"},"title_text_b":"","description_text_b":"","button_text":"","background_b_background":"classic","background_b_image":{"id":800,"url":"http:\/\/localhost\/checkupdate\/wp-content\/uploads\/2018\/03\/ben-white-128604.png"},"background_b_size":"cover","padding_a":{"unit":"px","top":"40","right":"40","bottom":"40","left":"40","isLinked":true},"image_width":{"unit":"%","size":"15"},"title_spacing_a":{"unit":"px","size":10},"title_color_a":"#ffffff","title_typography_a_typography":"custom","title_typography_a_font_size":{"unit":"px","size":"26"},"title_typography_a_font_family":"Poppins","description_typography_a_typography":"custom","description_typography_a_font_size":{"unit":"px","size":"14"},"flip_3d":"elementor-flip-box--3d","title_typography_a_text_transform":"capitalize","title_typography_a_font_size_tablet":{"unit":"px","size":"17"}},"elements":[],"isInner":false,"widgetType":"flip-box","elType":"widget"}],"isInner":false,"elType":"column"},{"id":"f94","settings":{"_column_size":33,"_inline_size":null,"margin":{"unit":"%","top":"0","right":"3","bottom":"0","left":"3","isLinked":false},"margin_mobile":{"unit":"px","top":"0","right":"0","bottom":"0","left":"0","isLinked":true},"padding_mobile":{"unit":"px","top":"0","right":"0","bottom":"20","left":"0","isLinked":false}},"elements":[{"id":"27e7","settings":{"graphic_element":"image","image":{"id":801,"url":"http:\/\/localhost\/checkupdate\/wp-content\/uploads\/2018\/03\/Group-539.png"},"title_text_a":"Gym","description_text_a":"Lorem ipsum dolor sit amet consectetur adipiscing elit dolor","background_a_background":"gradient","background_a_color":"#006af4","background_a_color_b":"#bedfe5","background_a_gradient_angle":{"unit":"deg","size":210},"background_a_image":{"id":792,"url":"http:\/\/localhost\/checkupdate\/wp-content\/uploads\/2018\/03\/Group-35-1-1.png"},"title_text_b":"","description_text_b":"","button_text":"","background_b_background":"classic","background_b_image":{"id":802,"url":"http:\/\/localhost\/checkupdate\/wp-content\/uploads\/2018\/03\/https-freerangestock.comphotos7873fitness-center.png"},"background_b_size":"cover","padding_a":{"unit":"px","top":"40","right":"40","bottom":"40","left":"40","isLinked":true},"image_width":{"unit":"%","size":"17"},"title_spacing_a":{"unit":"px","size":10},"title_color_a":"#ffffff","title_typography_a_typography":"custom","title_typography_a_font_size":{"unit":"px","size":"26"},"title_typography_a_font_family":"Poppins","description_typography_a_typography":"custom","description_typography_a_font_size":{"unit":"px","size":"14"},"flip_3d":"elementor-flip-box--3d","title_typography_a_text_transform":"capitalize","title_typography_a_font_size_tablet":{"unit":"px","size":"17"}},"elements":[],"isInner":false,"widgetType":"flip-box","elType":"widget"}],"isInner":false,"elType":"column"},{"id":"232","settings":{"_column_size":33,"_inline_size":null,"margin":{"unit":"%","top":"0","right":"0","bottom":"0","left":"6","isLinked":false},"margin_mobile":{"unit":"px","top":"0","right":"0","bottom":"0","left":"0","isLinked":true},"padding_mobile":{"unit":"px","top":"0","right":"0","bottom":"0","left":"0","isLinked":false}},"elements":[{"id":"6a3d","settings":{"graphic_element":"image","image":{"id":803,"url":"http:\/\/localhost\/checkupdate\/wp-content\/uploads\/2018\/03\/Group-91.png"},"title_text_a":"Pool","description_text_a":"Lorem ipsum dolor sit amet consectetur adipiscing elit dolor","background_a_background":"gradient","background_a_color":"#006af4","background_a_color_b":"#bedfe5","background_a_gradient_angle":{"unit":"deg","size":210},"background_a_image":{"id":792,"url":"http:\/\/localhost\/checkupdate\/wp-content\/uploads\/2018\/03\/Group-35-1-1.png"},"title_text_b":"","description_text_b":"","button_text":"","background_b_background":"classic","background_b_image":{"id":805,"url":"http:\/\/localhost\/checkupdate\/wp-content\/uploads\/2018\/03\/stephen-di-donato-50020.png"},"background_b_size":"cover","padding_a":{"unit":"px","top":"40","right":"40","bottom":"40","left":"40","isLinked":true},"image_width":{"unit":"%","size":"17"},"title_spacing_a":{"unit":"px","size":10},"title_color_a":"#ffffff","title_typography_a_typography":"custom","title_typography_a_font_size":{"unit":"px","size":"26"},"title_typography_a_font_family":"Poppins","description_typography_a_typography":"custom","description_typography_a_font_size":{"unit":"px","size":"14"},"flip_3d":"elementor-flip-box--3d","title_typography_a_text_transform":"capitalize","title_typography_a_font_size_tablet":{"unit":"px","size":"17"}},"elements":[],"isInner":false,"widgetType":"flip-box","elType":"widget"}],"isInner":false,"elType":"column"}],"isInner":false,"elType":"section"},{"id":"258a","settings":{"structure":"20","background_background":"classic","background_color":"#f3f4f7","padding":{"unit":"px","top":"100","right":"0","bottom":"100","left":"0","isLinked":false},"gap":"no","padding_tablet":{"unit":"px","top":"60","right":"25","bottom":"60","left":"25","isLinked":false}},"elements":[{"id":"f7e","settings":{"_column_size":50,"_inline_size":null,"margin":{"unit":"%","top":"0","right":"13","bottom":"0","left":"0","isLinked":false},"margin_tablet":{"unit":"%","top":"0","right":"12","bottom":"0","left":"0","isLinked":false},"padding_mobile":{"unit":"px","top":"0","right":"0","bottom":"50","left":"0","isLinked":false}},"elements":[{"id":"1100","settings":{"title":"About the project","align":"left","title_color":"#000000","typography_typography":"custom","typography_font_size":{"unit":"px","size":"35"},"typography_font_family":"Poppins","typography_text_transform":"capitalize","_padding":{"unit":"px","top":"0","right":"0","bottom":"20","left":"0","isLinked":false},"header_size":"h3","align_mobile":"left","typography_font_size_tablet":{"unit":"px","size":"25"},"_padding_tablet":{"unit":"px","top":"0","right":"0","bottom":"0","left":"0","isLinked":true},"_padding_mobile":{"unit":"px","top":"0","right":"0","bottom":"10","left":"0","isLinked":false}},"elements":[],"isInner":false,"widgetType":"heading","elType":"widget"},{"id":"6d39","settings":{"editor":"<p>If you\u2019re a home owner looking to move on, we will come and carry out a free, no-obligation valuation on your property at your earliest convenience. If you choose to use us to market your property.\u00a0<\/p><p>If you\u2019re looking for a home then pop in and see us or Contact Us. We market all our properties on the big property websites and our own site.\u00a0We may have something new on our books that you could see first before we start our marketing. You don\u2019t want to miss out on your perfect home!<\/p>","align":"left","text_color":"#444444","typography_typography":"custom","typography_font_size":{"unit":"px","size":"18"},"typography_line_height":{"unit":"em","size":"1.6"},"_padding":{"unit":"%","top":"","right":"","bottom":"","left":"","isLinked":true},"typography_font_weight":"300","align_mobile":"left","typography_font_size_tablet":{"unit":"px","size":"13"},"typography_font_size_mobile":{"unit":"px","size":"14"},"typography_line_height_tablet":{"unit":"em","size":2.2}},"elements":[],"isInner":false,"widgetType":"text-editor","elType":"widget"}],"isInner":false,"elType":"column"},{"id":"23f5","settings":{"_column_size":50,"_inline_size":null,"margin":{"unit":"%","top":"0","right":"0","bottom":"0","left":"13","isLinked":false},"margin_tablet":{"unit":"%","top":"0","right":"0","bottom":"0","left":"0","isLinked":false}},"elements":[{"id":"2cdf","settings":{"title":"Amenties","align":"left","title_color":"#000000","typography_typography":"custom","typography_font_size":{"unit":"px","size":"35"},"typography_font_family":"Poppins","typography_text_transform":"capitalize","_padding":{"unit":"px","top":"0","right":"0","bottom":"20","left":"0","isLinked":false},"header_size":"h3","align_mobile":"left","typography_font_size_tablet":{"unit":"px","size":"25"},"_padding_tablet":{"unit":"px","top":"0","right":"0","bottom":"0","left":"0","isLinked":true},"_padding_mobile":{"unit":"px","top":"0","right":"0","bottom":"10","left":"0","isLinked":false}},"elements":[],"isInner":false,"widgetType":"heading","elType":"widget"},{"id":"3d2c","settings":{"icon_list":[{"text":"Vestibulum eget nisi sed condimentum mollis","icon":"fa fa-check-circle","_id":"4u2pe86","link":{"url":"","is_external":"","nofollow":""}},{"text":"Morbi consectetur hendrerit ex sit amet sed","icon":"fa fa-check-circle","_id":"d2gmz9t","link":{"url":"","is_external":"","nofollow":""}},{"text":"Morbi consectetur hendrerit ex sit amet ","icon":"fa fa-check-circle","_id":"533b6ze","link":{"url":"","is_external":"","nofollow":""}},{"text":"Nunc et libero eget leo auctor dapibus","icon":"fa fa-check-circle","_id":"4kp8v23","link":{"url":"","is_external":"","nofollow":""}},{"text":"Morbi libero sapien, fringilla sed malesuada","icon":"fa fa-check-circle","_id":"vca224d","link":{"url":"","is_external":"","nofollow":""}},{"text":"Vestibulum eget nisi sed risus condimentum mollis","icon":"fa fa-check-circle","_id":"0wb9xxk","link":{"url":"","is_external":"","nofollow":""}},{"text":"Nunc et libero eget leo auctor dapibus","icon":"fa fa-check-circle","_id":"45w6cui","link":{"url":"","is_external":"","nofollow":""}},{"text":"Aliquam eleifend, orci quis scelerisque scelerisque","icon":"fa fa-check-circle","_id":"exq5drd","link":{"url":"","is_external":"","nofollow":""}}],"space_between":{"unit":"px","size":"13"},"icon_color":"#62d3e5","icon_size":{"unit":"px","size":"20"},"text_indent":{"unit":"px","size":"13"},"text_color":"#444444","icon_typography_typography":"custom","icon_typography_font_size":{"unit":"px","size":"17"},"icon_typography_font_family":"Poppins","icon_typography_font_weight":"100","icon_typography_font_size_tablet":{"unit":"px","size":"13"},"icon_typography_font_size_mobile":{"unit":"px","size":"13"},"icon_typography_line_height_mobile":{"unit":"em","size":"1.6"}},"elements":[],"isInner":false,"widgetType":"icon-list","elType":"widget"}],"isInner":false,"elType":"column"}],"isInner":false,"elType":"section"},{"id":"1056","settings":{"padding":{"unit":"px","top":"100","right":"0","bottom":"100","left":"0","isLinked":false},"gap":"no","padding_tablet":{"unit":"px","top":"60","right":"25","bottom":"50","left":"25","isLinked":false}},"elements":[{"id":"a71","settings":{"_column_size":100},"elements":[{"id":"37fb","settings":{"title":"Live 360\u00b0 tour","align":"center","title_color":"#62d3e5","typography_typography":"custom","typography_font_size":{"unit":"px","size":"60"},"typography_font_family":"Poppins","typography_text_transform":"uppercase","_padding":{"unit":"px","top":"0","right":"0","bottom":"50","left":"0","isLinked":false},"header_size":"h3","typography_font_size_tablet":{"unit":"px","size":"40"},"typography_font_size_mobile":{"unit":"px","size":"35"},"_padding_tablet":{"unit":"px","top":"0","right":"0","bottom":"10","left":"0","isLinked":false}},"elements":[],"isInner":false,"widgetType":"heading","elType":"widget"},{"id":"18","settings":{"link":"https:\/\/www.youtube.com\/watch?v=9uOETcuFjbE","vimeo_link":"https:\/\/vimeo.com\/170933924","show_image_overlay":"yes","image_overlay":{"id":807,"url":"http:\/\/localhost\/checkupdate\/wp-content\/uploads\/2018\/03\/philipp-berndt-173197.png"},"lightbox":"yes","lightbox_color":"#62d3e5","lightbox_content_width":{"unit":"%","size":72},"lightbox_content_animation":"zoomIn","_padding_tablet":{"unit":"px","top":"0","right":"0","bottom":"0","left":"0","isLinked":true}},"elements":[],"isInner":false,"widgetType":"video","elType":"widget"}],"isInner":false,"elType":"column"}],"isInner":false,"elType":"section"},{"id":"3a30","settings":{"structure":"20","background_background":"classic","background_color":"#f3f4f7","padding":{"unit":"px","top":"100","right":"0","bottom":"100","left":"0","isLinked":false},"gap":"no","content_position":"middle","padding_tablet":{"unit":"px","top":"60","right":"25","bottom":"60","left":"25","isLinked":false}},"elements":[{"id":"5cad","settings":{"_column_size":50,"_inline_size":null,"margin":{"unit":"%","top":"0","right":"7","bottom":"0","left":"0","isLinked":false},"margin_tablet":{"unit":"px","top":"0","right":"0","bottom":"0","left":"0","isLinked":true}},"elements":[{"id":"58d7","settings":{"title":"Presentation center","align":"left","title_color":"#000000","typography_typography":"custom","typography_font_size":{"unit":"px","size":"35"},"typography_font_family":"Poppins","typography_text_transform":"capitalize","_padding":{"unit":"px","top":"0","right":"0","bottom":"20","left":"0","isLinked":false},"header_size":"h5","typography_font_size_tablet":{"unit":"px","size":"25"},"_padding_tablet":{"unit":"px","top":"0","right":"0","bottom":"0","left":"0","isLinked":true},"_padding_mobile":{"unit":"px","top":"0","right":"0","bottom":"10","left":"0","isLinked":false}},"elements":[],"isInner":false,"widgetType":"heading","elType":"widget"},{"id":"5c4","settings":{"editor":"<p class=\"p1\"><span class=\"s1\">Nunc et libero eget leo auctor dapibus. Phasellus sagittis vehicula maximus. Vestibulum eget nisi sed risus condimentum mollis. Vestibulum est risus, rhoncus eu diam eget, egestas auctor tortor.<\/span><\/p><p class=\"p1\"><span class=\"s1\"><b>1600 Pacific Ave Venice, CA 90291<\/b><\/span><\/p><p class=\"p1\"><span class=\"s1\">Please call <strong><span style=\"color: #62d3e5;\">1-700-507-573<\/span> <\/strong>or email <\/span><span class=\"s1\" style=\"color: #62d3e5;\">realastate@example.com<\/span> <span class=\"s1\">to book a private appointment.<\/span><\/p>","align":"left","text_color":"#444444","typography_typography":"custom","typography_font_size":{"unit":"px","size":"18"},"typography_line_height":{"unit":"em","size":"1.6"},"_padding":{"unit":"%","top":"","right":"","bottom":"","left":"","isLinked":true},"typography_font_weight":"300","typography_font_size_tablet":{"unit":"px","size":"13"}},"elements":[],"isInner":false,"widgetType":"text-editor","elType":"widget"}],"isInner":false,"elType":"column"},{"id":"2b73","settings":{"_column_size":50,"_inline_size":null,"margin":{"unit":"%","top":"0","right":"0","bottom":"0","left":"7","isLinked":false},"margin_tablet":{"unit":"%","top":"0","right":"0","bottom":"0","left":"15","isLinked":false},"margin_mobile":{"unit":"px","top":"0","right":"0","bottom":"0","left":"0","isLinked":true},"padding_mobile":{"unit":"px","top":"30","right":"0","bottom":"0","left":"0","isLinked":false}},"elements":[{"id":"5be2","settings":{"image":{"id":809,"url":"http:\/\/localhost\/checkupdate\/wp-content\/uploads\/2018\/03\/photo-1430417934865-589b63ad5c00.png"},"_margin_tablet":{"unit":"px","top":"0","right":"0","bottom":"0","left":"0","isLinked":true}},"elements":[],"isInner":false,"widgetType":"image","elType":"widget"}],"isInner":false,"elType":"column"}],"isInner":false,"elType":"section"},{"id":"495c","settings":{"background_background":"classic","background_image":{"id":810,"url":"http:\/\/localhost\/checkupdate\/wp-content\/uploads\/2018\/03\/photo-1445384763658-0400939829cd.png"},"background_position":"center right","background_size":"cover","padding":{"unit":"px","top":"100","right":"0","bottom":"100","left":"0","isLinked":false},"padding_tablet":{"unit":"px","top":"40","right":"0","bottom":"40","left":"0","isLinked":false},"padding_mobile":{"unit":"px","top":"50","right":"20","bottom":"50","left":"20","isLinked":false}},"elements":[{"id":"bcf","settings":{"_column_size":100,"_inline_size":null},"elements":[{"id":"16a9","settings":{"title":"Your future is looking bright!","align":"center","title_color":"#ffffff","typography_typography":"custom","typography_font_size":{"unit":"px","size":"35"},"typography_font_family":"Poppins","typography_text_transform":"uppercase","_padding":{"unit":"px","top":"0","right":"0","bottom":"20","left":"0","isLinked":false},"typography_font_size_tablet":{"unit":"px","size":"25"},"typography_font_size_mobile":{"unit":"px","size":"30"},"typography_line_height_mobile":{"unit":"em","size":1.4},"_padding_tablet":{"unit":"px","top":"0","right":"0","bottom":"10","left":"0","isLinked":false}},"elements":[],"isInner":false,"widgetType":"heading","elType":"widget"},{"id":"542e","settings":{"text":"Request showing","align":"center","typography_typography":"custom","typography_font_size":{"unit":"px","size":"20"},"typography_text_transform":"capitalize","typography_letter_spacing":{"unit":"px","size":"1.5"},"background_color":"#ffffff","border_radius":{"unit":"px","top":"50","right":"50","bottom":"50","left":"50","isLinked":true},"text_padding":{"unit":"px","top":"20","right":"040","bottom":"20","left":"40","isLinked":false},"_padding":{"unit":"px","top":"30","right":"0","bottom":"0","left":"0","isLinked":false},"button_text_color":"#62d3e5","hover_color":"#ffffff","button_background_hover_color":"rgba(0,0,0,0)","button_hover_border_color":"#ffffff","hover_animation":"grow","border_border":"solid","border_color":"#ffffff","typography_font_size_tablet":{"unit":"px","size":"18"},"_padding_tablet":{"unit":"px","top":"0","right":"0","bottom":"0","left":"0","isLinked":true}},"elements":[],"isInner":false,"widgetType":"button","elType":"widget"}],"isInner":false,"elType":"column"}],"isInner":false,"elType":"section"}],"page_settings":{"hide_title":"yes"}}