{"version":"0.4","title":"Christmas \u2013 Car Agency","type":"page","content":[{"id":"1273","settings":{"content_width":{"unit":"px","size":1200},"height":"min-height","custom_height":{"unit":"vh","size":80},"content_position":"middle","background_background":"gradient","background_color":"#f70400","background_color_b":"#1c0d00","background_overlay_background":"classic","background_overlay_image":{"id":1204,"url":"http:\/\/localhost\/checkupdate\/wp-content\/uploads\/2018\/03\/h1.png"},"background_overlay_position":"bottom center","background_overlay_size":"cover","background_overlay_opacity":{"unit":"px","size":1},"background_overlay_repeat":"no-repeat","custom_height_mobile":{"unit":"px","size":554},"padding":{"unit":"px","top":"100","right":"0","bottom":"0","left":"0","isLinked":false},"padding_tablet":{"unit":"px","top":"30","right":"0","bottom":"0","left":"0","isLinked":false},"padding_mobile":{"unit":"px","top":"0","right":"0","bottom":"0","left":"0","isLinked":false}},"elements":[{"id":"7ee2","settings":{"_column_size":100,"margin":{"unit":"px","top":"0","right":"0","bottom":"500","left":"0","isLinked":false},"margin_mobile":{"unit":"px","top":"0","right":"0","bottom":"0","left":"0","isLinked":false},"padding_mobile":{"unit":"px","top":"0","right":"0","bottom":"0","left":"0","isLinked":true}},"elements":[{"id":"356","settings":{"title":"Get the best","header_size":"h3","align":"center","title_color":"rgba(255,255,255,0.83)","typography_typography":"custom","typography_font_size":{"unit":"px","size":20},"typography_font_family":"Montserrat","typography_font_weight":"500","_margin_mobile":{"unit":"px","top":"80","right":"0","bottom":"0","left":"0","isLinked":false},"typography_text_transform":"uppercase","typography_letter_spacing":{"unit":"px","size":8},"typography_font_size_tablet":{"unit":"px","size":16},"typography_font_size_mobile":{"unit":"px","size":14}},"elements":[],"isInner":false,"widgetType":"heading","elType":"widget"},{"id":"4fd7","settings":{"title":"Deals on cars","header_size":"h1","align":"center","title_color":"#ffffff","typography_typography":"custom","typography_font_size":{"unit":"px","size":100},"typography_font_family":"Righteous","typography_font_weight":"400","typography_font_size_mobile":{"unit":"px","size":74},"_margin_mobile":{"unit":"px","top":"0","right":"0","bottom":"0","left":"0","isLinked":true},"_padding_mobile":{"unit":"px","top":"0","right":"0","bottom":"0","left":"0","isLinked":true},"_margin_tablet":{"unit":"px","top":"0","right":"0","bottom":"30","left":"0","isLinked":false},"typography_text_transform":"capitalize","text_shadow_text_shadow_type":"yes","text_shadow_text_shadow":{"horizontal":0,"vertical":0,"blur":5,"color":"rgba(0,0,0,0.2)"},"typography_font_size_tablet":{"unit":"px","size":80},"typography_letter_spacing_mobile":{"unit":"px","size":-1.3}},"elements":[],"isInner":false,"widgetType":"heading","elType":"widget"},{"id":"30c4","settings":{"image":{"id":1202,"url":"http:\/\/localhost\/checkupdate\/wp-content\/uploads\/2018\/03\/h2.png"},"space_mobile":{"unit":"%","size":60}},"elements":[],"isInner":false,"widgetType":"image","elType":"widget"},{"id":"2bad","settings":{"image":{"id":1203,"url":"http:\/\/localhost\/checkupdate\/wp-content\/uploads\/2018\/03\/2-1-3.png"},"image_size":"full","_margin":{"unit":"px","top":"50","right":"0","bottom":"-500","left":"0","isLinked":false},"_margin_mobile":{"unit":"px","top":"80","right":"0","bottom":"0","left":"0","isLinked":false},"space_mobile":{"unit":"%","size":100},"_padding_tablet":{"unit":"px","top":"0","right":"0","bottom":"0","left":"0","isLinked":true},"_margin_tablet":{"unit":"px","top":"50","right":"0","bottom":"-650","left":"0","isLinked":false}},"elements":[],"isInner":false,"widgetType":"image","elType":"widget"}],"isInner":false,"elType":"column"}],"isInner":false,"elType":"section"},{"id":"6492","settings":{"content_position":"middle","padding":{"unit":"px","top":"50","right":"0","bottom":"100","left":"0","isLinked":false},"content_width":{"unit":"px","size":1200},"padding_tablet":{"unit":"px","top":"0","right":"0","bottom":"0","left":"0","isLinked":true}},"elements":[{"id":"5a1d","settings":{"_column_size":100,"padding_tablet":{"unit":"px","top":"0","right":"0","bottom":"0","left":"0","isLinked":false}},"elements":[{"id":"52f4","settings":{"structure":"30","content_width":{"unit":"px","size":1000},"margin_tablet":{"unit":"px","top":"0","right":0,"bottom":"0","left":0,"isLinked":true},"padding_tablet":{"unit":"px","top":"50","right":"10","bottom":"50","left":"10","isLinked":false},"padding_mobile":{"unit":"px","top":"80","right":"40","bottom":"80","left":"40","isLinked":false}},"elements":[{"id":"62cf","settings":{"_column_size":33,"_inline_size":null,"margin":{"unit":"px","top":"0","right":"50","bottom":"0","left":"0","isLinked":false},"margin_mobile":{"unit":"px","top":"0","right":"0","bottom":"0","left":"0","isLinked":true},"padding_mobile":{"unit":"px","top":"0","right":"0","bottom":"25","left":"0","isLinked":false},"margin_tablet":{"unit":"px","top":"0","right":"0","bottom":"0","left":"0","isLinked":false},"border_width":{"unit":"px","top":"0","right":"0","bottom":"5","left":"0","isLinked":false}},"elements":[{"id":"1530","settings":{"image":{"id":1205,"url":"http:\/\/localhost\/checkupdate\/wp-content\/uploads\/2018\/03\/w2-2.png"},"space":{"unit":"%","size":20}},"elements":[],"isInner":false,"widgetType":"image","elType":"widget"},{"id":"55a9","settings":{"title":"Safety","align":"center","title_color":"#3f3f3f","typography_typography":"custom","typography_font_size":{"unit":"px","size":30},"typography_font_family":"Montserrat","_padding":{"unit":"px","top":"0","right":"0","bottom":"0","left":"0","isLinked":true},"typography_font_weight":"700","typography_font_size_tablet":{"unit":"px","size":22},"typography_font_size_mobile":{"unit":"px","size":25}},"elements":[],"isInner":false,"widgetType":"heading","elType":"widget"},{"id":"272e","settings":{"editor":"<p>Lorem ipsum dolor sit amet, consectetur adipiscing elit.\u00a0<\/p>","align":"center","text_color":"#494949","typography_typography":"custom","typography_font_size":{"unit":"px","size":16},"typography_font_family":"Montserrat","typography_font_weight":"200","typography_line_height":{"unit":"em","size":1.8},"_margin":{"unit":"px","top":"0","right":"15","bottom":"0","left":"15","isLinked":false},"typography_font_size_tablet":{"unit":"px","size":14},"typography_font_size_mobile":{"unit":"px","size":16}},"elements":[],"isInner":false,"widgetType":"text-editor","elType":"widget"}],"isInner":true,"elType":"column"},{"id":"5ceb","settings":{"_column_size":33,"_inline_size":null,"margin":{"unit":"px","top":"0","right":"25","bottom":"0","left":"25","isLinked":false},"margin_mobile":{"unit":"px","top":"0","right":"0","bottom":"0","left":"0","isLinked":true},"padding_mobile":{"unit":"px","top":"25","right":"0","bottom":"25","left":"0","isLinked":false},"margin_tablet":{"unit":"px","top":"0","right":"0","bottom":"0","left":"0","isLinked":true}},"elements":[{"id":"545c","settings":{"image":{"id":1206,"url":"http:\/\/localhost\/checkupdate\/wp-content\/uploads\/2018\/03\/w1-2.png"},"space":{"unit":"%","size":20}},"elements":[],"isInner":false,"widgetType":"image","elType":"widget"},{"id":"2365","settings":{"title":"Technology","align":"center","title_color":"#3f3f3f","typography_typography":"custom","typography_font_size":{"unit":"px","size":30},"typography_font_family":"Montserrat","_padding":{"unit":"px","top":"0","right":"0","bottom":"0","left":"0","isLinked":true},"typography_font_weight":"700","typography_font_size_tablet":{"unit":"px","size":22},"typography_font_size_mobile":{"unit":"px","size":25}},"elements":[],"isInner":false,"widgetType":"heading","elType":"widget"},{"id":"83a","settings":{"editor":"<p>Lorem ipsum dolor sit amet, consectetur adipiscing elit.\u00a0<\/p>","align":"center","text_color":"#494949","typography_typography":"custom","typography_font_size":{"unit":"px","size":16},"typography_font_family":"Montserrat","typography_font_weight":"200","typography_line_height":{"unit":"em","size":1.8},"_margin":{"unit":"px","top":"0","right":"15","bottom":"0","left":"15","isLinked":false},"typography_font_size_tablet":{"unit":"px","size":14},"typography_font_size_mobile":{"unit":"px","size":16}},"elements":[],"isInner":false,"widgetType":"text-editor","elType":"widget"}],"isInner":true,"elType":"column"},{"id":"5cc7","settings":{"_column_size":33,"_inline_size":null,"margin":{"unit":"px","top":"0","right":"0","bottom":"0","left":"50","isLinked":false},"margin_mobile":{"unit":"px","top":"0","right":"0","bottom":"0","left":"0","isLinked":true},"padding_mobile":{"unit":"px","top":"0","right":"0","bottom":"0","left":"0","isLinked":true},"margin_tablet":{"unit":"px","top":"0","right":"0","bottom":"0","left":"0","isLinked":true}},"elements":[{"id":"5a48","settings":{"image":{"id":1207,"url":"http:\/\/localhost\/checkupdate\/wp-content\/uploads\/2018\/03\/w3-2.png"},"space":{"unit":"%","size":26}},"elements":[],"isInner":false,"widgetType":"image","elType":"widget"},{"id":"10e1","settings":{"title":"Service","align":"center","title_color":"#3f3f3f","typography_typography":"custom","typography_font_size":{"unit":"px","size":30},"typography_font_family":"Montserrat","_padding":{"unit":"px","top":"0","right":"0","bottom":"0","left":"0","isLinked":true},"typography_font_weight":"700","typography_font_size_tablet":{"unit":"px","size":22},"typography_font_size_mobile":{"unit":"px","size":25}},"elements":[],"isInner":false,"widgetType":"heading","elType":"widget"},{"id":"6e06","settings":{"editor":"<p>Lorem ipsum dolor sit amet, consectetur adipiscing elit.\u00a0<\/p>","align":"center","text_color":"#494949","typography_typography":"custom","typography_font_size":{"unit":"px","size":16},"typography_font_family":"Montserrat","typography_font_weight":"200","typography_line_height":{"unit":"em","size":1.8},"_margin":{"unit":"px","top":"0","right":"15","bottom":"0","left":"15","isLinked":false},"typography_font_size_tablet":{"unit":"px","size":14},"typography_font_size_mobile":{"unit":"px","size":16}},"elements":[],"isInner":false,"widgetType":"text-editor","elType":"widget"}],"isInner":true,"elType":"column"}],"isInner":true,"elType":"section"}],"isInner":false,"elType":"column"}],"isInner":false,"elType":"section"},{"id":"2fd5","settings":{"height":"min-height","custom_height":{"unit":"px","size":600},"content_position":"middle","background_background":"gradient","background_color":"#64c4bf","background_overlay_background":"classic","background_overlay_position":"center center","background_overlay_size":"cover","background_overlay_opacity":{"unit":"px","size":0.3},"padding":{"unit":"px","top":"0","right":"0","bottom":"0","left":"0","isLinked":false},"content_width":{"unit":"px","size":1200},"background_color_b":"#008972","gap":"no","structure":"20","padding_mobile":{"unit":"px","top":"0","right":"0","bottom":"0","left":"0","isLinked":true},"custom_height_tablet":{"unit":"px","size":200},"padding_tablet":{"unit":"px","top":"0","right":"0","bottom":"0","left":"50","isLinked":false},"column_position":"bottom","background_gradient_type":"radial"},"elements":[{"id":"37de","settings":{"_column_size":50,"_inline_size":40.75,"padding_tablet":{"unit":"px","top":"50","right":"0","bottom":"0","left":"0","isLinked":false},"content_position":"top","padding":{"unit":"px","top":"50","right":"0","bottom":"0","left":"0","isLinked":false},"_inline_size_tablet":45,"margin_mobile":{"unit":"px","top":"0","right":"0","bottom":"0","left":"0","isLinked":true},"padding_mobile":{"unit":"px","top":"30","right":"30","bottom":"30","left":"30","isLinked":true}},"elements":[{"id":"7e63","settings":{"title":"Merry Christmas","header_size":"h1","title_color":"#ffffff","typography_typography":"custom","typography_font_size":{"unit":"px","size":90},"typography_font_family":"Righteous","typography_font_weight":"100","_z_index":3,"align_mobile":"center","_padding_tablet":{"unit":"px","top":"50","right":"0","bottom":"0","left":"0","isLinked":false},"typography_font_size_tablet":{"unit":"px","size":60},"typography_line_height_tablet":{"unit":"px","size":66}},"elements":[],"isInner":false,"widgetType":"heading","elType":"widget"},{"id":"2a60","settings":{"editor":"<p>Our ambition is to shape the car industry and help make it more affordable. We recognise that we still have a long way to go to achieve this goal in the current climate.\u00a0<\/p>","text_color":"rgba(255,255,255,0.87)","typography_typography":"custom","typography_font_size":{"unit":"px","size":15},"typography_font_family":"Montserrat","typography_font_weight":"300","typography_line_height":{"unit":"em","size":2},"_z_index":3,"_padding":{"unit":"px","top":"10","right":"0","bottom":"5","left":"0","isLinked":false},"_margin_mobile":{"unit":"px","top":"0","right":"0","bottom":"0","left":"0","isLinked":true},"_padding_mobile":{"unit":"px","top":"0","right":"0","bottom":"0","left":"0","isLinked":true},"align_mobile":"center"},"elements":[],"isInner":false,"widgetType":"text-editor","elType":"widget"},{"id":"7b19","settings":{"text":"Get deal","typography_typography":"custom","typography_font_size":{"unit":"px","size":16},"typography_font_family":"Montserrat","typography_font_weight":"600","background_color":"#ff0000","hover_color":"#ffffff","button_background_hover_color":"#000000","hover_animation":"wobble-horizontal","border_radius":{"unit":"px","top":"0","right":"0","bottom":"0","left":"0","isLinked":true},"text_padding":{"unit":"px","top":"15","right":"35","bottom":"15","left":"35","isLinked":false},"_z_index":3,"_padding_mobile":{"unit":"px","top":"0","right":"0","bottom":"0","left":"0","isLinked":true},"_margin_mobile":{"unit":"px","top":"0","right":"0","bottom":"0","left":"0","isLinked":true},"align_mobile":"center"},"elements":[],"isInner":false,"widgetType":"button","elType":"widget"}],"isInner":false,"elType":"column"},{"id":"c8c","settings":{"_column_size":50,"_inline_size":59.25,"content_position":"bottom","margin":{"unit":"px","top":"-140","right":"0","bottom":"0","left":"0","isLinked":false},"padding_mobile":{"unit":"px","top":"20","right":"0","bottom":"0","left":"0","isLinked":false},"z_index":1,"margin_tablet":{"unit":"px","top":"0","right":"0","bottom":"0","left":"0","isLinked":false},"_inline_size_tablet":55},"elements":[{"id":"1dbf","settings":{"image":{"id":1210,"url":"http:\/\/localhost\/checkupdate\/wp-content\/uploads\/2018\/03\/16-4.png"},"image_size":"full","align":"right","space":{"unit":"%","size":70},"_z_index":1,"space_mobile":{"unit":"%","size":96},"space_tablet":{"unit":"%","size":100},"_margin_tablet":{"unit":"px","top":"-50","right":"-30","bottom":"0","left":"-30","isLinked":false}},"elements":[],"isInner":false,"widgetType":"image","elType":"widget"}],"isInner":false,"elType":"column"}],"isInner":false,"elType":"section"},{"id":"64b6","settings":{"content_width":{"unit":"px","size":1200},"content_position":"middle","background_background":"classic","background_position":"center center","background_size":"cover","margin":{"unit":"px","top":"55","right":0,"bottom":"0","left":0,"isLinked":false},"padding":{"unit":"px","top":"50","right":"0","bottom":"50","left":"0","isLinked":false},"layout":"full_width","padding_mobile":{"unit":"px","top":"50","right":"0","bottom":"0","left":"0","isLinked":false},"padding_tablet":{"unit":"px","top":"30","right":"0","bottom":"30","left":"0","isLinked":false}},"elements":[{"id":"7451","settings":{"_column_size":100,"z_index":3},"elements":[{"id":"73ea","settings":{"title":"What's new","header_size":"h3","align":"center","title_color":"#4b4a45","typography_typography":"custom","typography_font_size":{"unit":"px","size":16},"typography_font_family":"Montserrat","typography_font_weight":"500","typography_text_transform":"uppercase","typography_letter_spacing":{"unit":"px","size":2.1}},"elements":[],"isInner":false,"widgetType":"heading","elType":"widget"},{"id":"56db","settings":{"title":"2018 collection","header_size":"h1","align":"center","title_color":"#ff0000","typography_typography":"custom","typography_font_size":{"unit":"px","size":60},"typography_font_family":"Righteous","typography_font_weight":"400","typography_text_transform":"capitalize"},"elements":[],"isInner":false,"widgetType":"heading","elType":"widget"},{"id":"6578","settings":{"slides":[{"image":{"id":1212,"url":"http:\/\/localhost\/checkupdate\/wp-content\/uploads\/2018\/03\/r1-2.png"},"_id":"597c4b0","type":"image","image_link_to_type":"","image_link_to":{"url":"","is_external":"","nofollow":""},"video":{"url":"","is_external":"","nofollow":""}},{"image":{"id":1213,"url":"http:\/\/localhost\/checkupdate\/wp-content\/uploads\/2018\/03\/r2.png"},"_id":"ac99313","type":"image","image_link_to_type":"","image_link_to":{"url":"","is_external":"","nofollow":""},"video":{"url":"","is_external":"","nofollow":""}},{"image":{"id":1215,"url":"http:\/\/localhost\/checkupdate\/wp-content\/uploads\/2018\/03\/r3.png"},"_id":"b172aa3","type":"image","image_link_to_type":"","image_link_to":{"url":"","is_external":"","nofollow":""},"video":{"url":"","is_external":"","nofollow":""}},{"image":{"id":1217,"url":"http:\/\/localhost\/checkupdate\/wp-content\/uploads\/2018\/03\/r4.png"},"_id":"c5bcb17","type":"image","image_link_to_type":"","image_link_to":{"url":"","is_external":"","nofollow":""},"video":{"url":"","is_external":"","nofollow":""}},{"image":{"id":1219,"url":"http:\/\/localhost\/checkupdate\/wp-content\/uploads\/2018\/03\/r5.png"},"_id":"6cdd3d5","type":"image","image_link_to_type":"","image_link_to":{"url":"","is_external":"","nofollow":""},"video":{"url":"","is_external":"","nofollow":""}}],"width":{"unit":"%","size":84},"space_between":{"unit":"px","size":25},"slide_border_radius":{"unit":"px","size":0},"arrows_size":{"unit":"px","size":26},"arrows_color":"#64c4bf","pagination_size":{"unit":"px","size":5},"pagination_color":"#64c4bf","lightbox_video_width":{"unit":"%","size":50},"slides_per_view":"3","height":{"unit":"px","size":307},"_padding":{"unit":"px","top":"50","right":"0","bottom":"0","left":"0","isLinked":false},"height_mobile":{"unit":"px","size":190},"height_tablet":{"unit":"px","size":167},"width_tablet":{"unit":"px","size":650},"slides_per_view_tablet":"3","slides_per_view_mobile":"1","width_mobile":{"unit":"px","size":315},"image_fit":"contain","pagination":"","_padding_tablet":{"unit":"px","top":"30","right":"0","bottom":"0","left":"0","isLinked":false}},"elements":[],"isInner":false,"widgetType":"media-carousel","elType":"widget"}],"isInner":false,"elType":"column"}],"isInner":false,"elType":"section"},{"id":"48d","settings":{"content_width":{"unit":"px","size":1593},"gap":"no","height":"min-height","content_position":"middle","background_background":"classic","padding":{"unit":"px","top":"0","right":"0","bottom":"0","left":"0","isLinked":false},"background_color":"#ffffff","background_position":"bottom center","background_size":"cover","margin_mobile":{"unit":"px","top":"0","right":0,"bottom":"0","left":0,"isLinked":true},"padding_mobile":{"unit":"px","top":"0","right":"0","bottom":"0","left":"0","isLinked":true},"custom_height":{"unit":"px","size":""}},"elements":[{"id":"6124","settings":{"_column_size":100,"background_background":"classic","background_color":"rgba(0,0,0,0)","background_position":"bottom center","background_repeat":"no-repeat","background_size":"contain","margin":{"unit":"px","top":"0","right":"0","bottom":"0","left":"0","isLinked":true},"padding":{"unit":"px","top":"0","right":"0","bottom":"0","left":"0","isLinked":true}},"elements":[{"id":"5b7","settings":{"slides":[{"content":"Working with you was a great experience. Not only because you supported me in choosing the right car I was looking for, but also because of the great support I received from you after I had made the purchase.","name":"Tommy Rivers","title":"CEO","image":{"id":1221,"url":"http:\/\/localhost\/checkupdate\/wp-content\/uploads\/2018\/03\/123-1.png"},"_id":"czjp5p9"},{"content":"Working with you was a great experience. Not only because you supported me in choosing the right car I was looking for, but also because of the great support I received from you after I had made the purchase.","name":"Lina Dency","title":"CTO","image":{"id":"967","url":"http:\/\/localhost\/checkupdate\/wp-content\/uploads\/2018\/03\/42-1.png"},"_id":"6s2ncg5"},{"content":"Working with you was a great experience. Not only because you supported me in choosing the right car I was looking for, but also because of the great support I received from you after I had made the purchase.","name":"Dan Malkovich","title":"Co founder","image":{"id":1222,"url":"http:\/\/localhost\/checkupdate\/wp-content\/uploads\/2018\/03\/flyleaf-testimonial-2.jpg"},"_id":"0pw0xgd"}],"width":{"unit":"%","size":50},"space_between":{"unit":"px","size":13},"slide_background_color":"rgba(255,255,255,0)","slide_border_color":"#ffffff","slide_border_radius":{"unit":"px","size":0},"content_gap":{"unit":"px","size":30},"content_color":"#494949","content_typography_typography":"custom","content_typography_font_size":{"unit":"px","size":16},"content_typography_font_family":"Montserrat","content_typography_font_weight":"300","content_typography_font_style":"italic","name_color":"#ff0000","name_typography_typography":"custom","name_typography_font_size":{"unit":"px","size":20},"name_typography_font_family":"Righteous","title_color":"rgba(0,0,0,0.31)","title_typography_typography":"custom","title_typography_font_size":{"unit":"px","size":14},"title_typography_font_family":"Montserrat","title_typography_font_weight":"400","title_typography_letter_spacing":{"unit":"px","size":0},"arrows_size":{"unit":"px","size":23},"pagination_size":{"unit":"px","size":6},"pagination_color":"#64c4bf","_padding":{"unit":"px","top":"0","right":"0","bottom":"50","left":"0","isLinked":false},"_background_background":"classic","_background_color":"rgba(255,255,255,0)","arrows_color":"#64c4bf","slides_per_view":"1","pagination":"","width_mobile":{"unit":"px","size":320},"slides_to_scroll":"1","space_between_mobile":{"unit":"px","size":0},"content_gap_mobile":{"unit":"px","size":25},"content_typography_font_size_mobile":{"unit":"px","size":16},"_padding_mobile":{"unit":"px","top":"0","right":"20","bottom":"0","left":"20","isLinked":false},"width_tablet":{"unit":"px","size":542},"show_arrows":"","content_typography_line_height":{"unit":"em","size":1.5}},"elements":[],"isInner":false,"widgetType":"testimonial-carousel","elType":"widget"}],"isInner":false,"elType":"column"}],"isInner":false,"elType":"section"},{"id":"6b90","settings":{"content_width":{"unit":"px","size":1300},"gap":"no","background_background":"classic","background_color":"#f2f2f2","border_width":{"unit":"px","top":"2","right":"0","bottom":"2","left":"0","isLinked":false},"border_color":"#ffd400","padding":{"unit":"px","top":"50","right":"0","bottom":"50","left":"0","isLinked":false}},"elements":[{"id":"4653","settings":{"_column_size":100,"_inline_size":null},"elements":[{"id":"1642","settings":{"slides":[{"image":{"id":1224,"url":"http:\/\/localhost\/checkupdate\/wp-content\/uploads\/2018\/03\/qq1.png"},"_id":"a674352","type":"image","image_link_to_type":"","image_link_to":{"url":"","is_external":"","nofollow":""},"video":{"url":"","is_external":"","nofollow":""}},{"image":{"id":1225,"url":"http:\/\/localhost\/checkupdate\/wp-content\/uploads\/2018\/03\/qq2.png"},"_id":"193a6d5","type":"image","image_link_to_type":"","image_link_to":{"url":"","is_external":"","nofollow":""},"video":{"url":"","is_external":"","nofollow":""}},{"image":{"id":1227,"url":"http:\/\/localhost\/checkupdate\/wp-content\/uploads\/2018\/03\/qq3.png"},"_id":"1609d73","type":"image","image_link_to_type":"","image_link_to":{"url":"","is_external":"","nofollow":""},"video":{"url":"","is_external":"","nofollow":""}},{"image":{"id":1229,"url":"http:\/\/localhost\/checkupdate\/wp-content\/uploads\/2018\/03\/qq4.png"},"_id":"82ee24f","type":"image","image_link_to_type":"","image_link_to":{"url":"","is_external":"","nofollow":""},"video":{"url":"","is_external":"","nofollow":""}},{"image":{"id":1230,"url":"http:\/\/localhost\/checkupdate\/wp-content\/uploads\/2018\/03\/qq5.png"},"_id":"c0349f5","type":"image","image_link_to_type":"","image_link_to":{"url":"","is_external":"","nofollow":""},"video":{"url":"","is_external":"","nofollow":""}}],"slides_per_view":"5","slides_per_view_mobile":"1","height":{"unit":"px","size":100},"height_mobile":{"unit":"px","size":100},"width":{"unit":"%","size":100},"width_mobile":{"unit":"px","size":327},"show_arrows":"","pagination":"","autoplay_speed":2000,"space_between":{"unit":"px","size":50},"_animation":"fadeIn","image_size_size":"thumbnail","image_size_custom_dimension":{"width":"200","height":"80"},"image_fit":"contain","slides_per_view_tablet":"3","height_tablet":{"unit":"px","size":100},"width_tablet":{"unit":"px","size":700},"space_between_tablet":{"unit":"px","size":50},"slide_padding":{"unit":"px","top":"15","right":"15","bottom":"15","left":"15","isLinked":true}},"elements":[],"isInner":false,"widgetType":"media-carousel","elType":"widget"}],"isInner":false,"elType":"column"}],"isInner":false,"elType":"section"},{"id":"2ccb","settings":{"content_width":{"unit":"px","size":1200},"height":"min-height","custom_height":{"unit":"px","size":""},"content_position":"middle","background_background":"classic","background_image":{"id":1233,"url":"http:\/\/localhost\/checkupdate\/wp-content\/uploads\/2018\/03\/treesBG1.png"},"background_position":"center center","background_size":"cover","margin":{"unit":"px","top":"0","right":0,"bottom":"0","left":0,"isLinked":true},"padding":{"unit":"px","top":"80","right":"0","bottom":"80","left":"0","isLinked":false},"background_overlay_background":"gradient","background_overlay_position":"center center","background_overlay_size":"cover","background_overlay_opacity":{"unit":"px","size":0.94},"custom_height_mobile":{"unit":"px","size":556},"padding_mobile":{"unit":"px","top":"30","right":"30","bottom":"30","left":"30","isLinked":false},"background_overlay_color":"#ff0000","background_overlay_color_stop":{"unit":"%","size":39},"background_overlay_color_b":"#600000"},"elements":[{"id":"2b9a","settings":{"_column_size":100,"_inline_size":null,"padding_mobile":{"unit":"px","top":"0","right":"0","bottom":"0","left":"0","isLinked":true}},"elements":[{"id":"5c89","settings":{"title":"BestDeal","title_color":"#ffffff","typography_typography":"custom","typography_font_size":{"unit":"px","size":60},"typography_font_family":"Righteous","align_mobile":"center","typography_font_size_tablet":{"unit":"px","size":55},"align":"center"},"elements":[],"isInner":false,"widgetType":"heading","elType":"widget"},{"id":"548e","settings":{"editor":"<p>Get the best offer today!<\/p>","text_color":"rgba(255,255,255,0.87)","typography_typography":"custom","typography_font_size":{"unit":"px","size":30},"typography_font_family":"Montserrat","typography_font_weight":"300","typography_line_height":{"unit":"em","size":2},"_margin_mobile":{"unit":"px","top":"-15","right":"0","bottom":"0","left":"0","isLinked":false},"align_mobile":"center","align":"center","typography_font_size_mobile":{"unit":"px","size":22}},"elements":[],"isInner":false,"widgetType":"text-editor","elType":"widget"},{"id":"74af","elType":"widget","settings":{"form_name":"New Form","form_fields":[{"field_type":"text","field_label":"Name","placeholder":"Name","width":"40","_id":"aub891u","required":"","field_options":"","inline_list":"","width_tablet":"","width_mobile":"","rows":4,"recaptcha_size":"normal","recaptcha_style":"light","css_classes":"","field_value":"","file_sizes":"","file_types":"","allow_multiple_upload":"","max_files":"","acceptance_text":"","checked_by_default":"","field_min":"","field_max":"","min_date":"","max_date":"","use_native_date":"","use_native_time":"","allow_multiple":"","select_size":"","field_html":""},{"field_type":"text","field_label":"Phone","placeholder":"Phone","width":"40","_id":"0lgkigg","required":"","field_options":"","inline_list":"","width_tablet":"","width_mobile":"","rows":4,"recaptcha_size":"normal","recaptcha_style":"light","css_classes":"","field_value":"","file_sizes":"","file_types":"","allow_multiple_upload":"","max_files":"","acceptance_text":"","checked_by_default":"","field_min":"","field_max":"","min_date":"","max_date":"","use_native_date":"","use_native_time":"","allow_multiple":"","select_size":"","field_html":""}],"show_labels":"","button_text":"Send","button_width":"20","email_to":"no-reply@elementor.com","email_subject":"New message from \"Library\"","email_from":"email@library.elementor.com","email_from_name":"Library","success_message":"The message was sent successfully!","error_message":"There's something wrong... Please fill in the required fields.","required_field_message":"Required","invalid_message":"There's something wrong... The form is invalid.","field_text_color":"#54595f","field_typography_typography":"custom","field_typography_font_family":"Montserrat","field_typography_line_height":{"unit":"em","size":2.5},"field_border_width":{"unit":"px","top":"0","right":"0","bottom":"0","left":"0","isLinked":true},"field_border_radius":{"unit":"px","top":"0","right":"0","bottom":"0","left":"0","isLinked":true},"button_typography_typography":"custom","button_typography_line_height":{"unit":"em","size":"3.2"},"button_background_color":"#ff0000","button_border_radius":{"unit":"px","top":"0","right":"0","bottom":"0","left":"0","isLinked":true},"button_text_padding":{"unit":"px","top":"0","right":"0","bottom":"0","left":"0","isLinked":true},"button_background_hover_color":"#000000","mailpoet3_fields_map":[{"remote_id":"first_name","remote_label":"First Name","remote_type":"text","local_id":"","_id":"ab3dd3d"},{"remote_id":"last_name","remote_label":"Last Name","remote_type":"text","local_id":"","_id":"38d2b7a"},{"remote_id":"email","remote_label":"Email","remote_type":"email","remote_required":true,"local_id":"","_id":"39d70b9"}],"email_content":"[all-fields]","email_to_2":"support@elementor.com","email_subject_2":"New message from \"Elementor\"","email_content_2":"[all-fields]","email_from_2":"email@tuts.elementor.com","email_from_name_2":"Elementor","email_reply_to_2":"support@elementor.com","subscriber_already_exists_message":"Subscriber already exist.","_margin":{"unit":"px","top":"-23","right":"0","bottom":"0","left":"0","isLinked":false},"_padding":{"unit":"px","top":"30","right":"30","bottom":"30","left":"30","isLinked":true},"_background_background":"classic","_background_color":"rgba(255,255,255,0.68)","field_typography_font_size":{"unit":"px","size":16},"field_typography_font_weight":"300","button_typography_font_size":{"unit":"px","size":16},"button_typography_font_family":"Montserrat","field_typography_font_size_tablet":{"unit":"px","size":13},"button_typography_font_size_tablet":{"unit":"px","size":14},"_margin_tablet":{"unit":"px","top":"10","right":"10","bottom":"10","left":"10","isLinked":true},"_margin_mobile":{"unit":"px","top":"0","right":"0","bottom":"0","left":"0","isLinked":true}},"elements":[],"widgetType":"form"},{"id":"30bc","settings":{"align_items":"center","pointer":"none","indicator":"none","dropdown":"mobile","toggle":"","color_menu_item":"#ffffff","color_menu_item_hover":"#000000","menu_typography_typography":"custom","menu_typography_font_size":{"unit":"px","size":12},"menu_typography_font_family":"Montserrat","menu_typography_font_weight":"300","menu_typography_text_transform":"uppercase","menu_space_between":{"unit":"px","size":33}},"elements":[],"isInner":false,"widgetType":"nav-menu","elType":"widget"},{"id":"3845","settings":{"social_icon_list":[{"social":"fa fa-facebook","_id":"bearo86","link":{"url":"","is_external":"true","nofollow":""}},{"social":"fa fa-twitter","_id":"w9vwdjv","link":{"url":"","is_external":"true","nofollow":""}},{"social":"fa fa-google-plus","_id":"rxqch0p","link":{"url":"","is_external":"true","nofollow":""}},{"social":"fa fa-instagram","link":{"url":"","is_external":"true","nofollow":""},"_id":"0s3u35x"},{"social":"fa fa-apple","link":{"url":"","is_external":"true","nofollow":""},"_id":"2240db3"}],"shape":"circle","icon_color":"custom","icon_primary_color":"rgba(255,255,255,0.82)","icon_secondary_color":"rgba(63,0,0,0.86)","icon_size":{"unit":"px","size":15},"icon_padding":{"unit":"em","size":0.9},"icon_spacing":{"unit":"px","size":71},"image_border_width":{"unit":"px","top":"1","right":"1","bottom":"1","left":"1","isLinked":true},"image_border_color":"#00faff","hover_primary_color":"rgba(211,188,108,0)","hover_secondary_color":"#ff0000","hover_animation":"wobble-horizontal","_padding":{"unit":"px","top":"20","right":"20","bottom":"20","left":"20","isLinked":true},"align_mobile":"center","icon_spacing_tablet":{"unit":"px","size":30},"icon_size_mobile":{"unit":"px","size":12},"icon_spacing_mobile":{"unit":"px","size":20}},"elements":[],"isInner":false,"widgetType":"social-icons","elType":"widget"}],"isInner":false,"elType":"column"}],"isInner":false,"elType":"section"}],"page_settings":{"hide_title":"yes"}}