{"version":"0.4","title":"Coming Soon 3","type":"page","content":[{"id":"4fe0","settings":{"content_width":{"unit":"px","size":"680"},"background_background":"classic","background_image":{"id":915,"url":"http:\/\/localhost\/checkupdate\/wp-content\/uploads\/2018\/03\/3-4.jpg"},"background_position":"center center","background_size":"cover","background_overlay_background":"classic","background_overlay_color":"rgba(0,0,0,0.59)","background_overlay_opacity":{"unit":"px","size":0.91},"margin_tablet":{"unit":"px","top":"","right":0,"bottom":"","left":0,"isLinked":true},"padding":{"unit":"px","top":"90","right":"0","bottom":"110","left":"0","isLinked":false},"padding_tablet":{"unit":"px","top":"80","right":"80","bottom":"80","left":"80","isLinked":true},"padding_mobile":{"unit":"px","top":"60","right":"25","bottom":"60","left":"25","isLinked":false}},"elements":[{"id":"49e3","settings":{"_column_size":100,"_inline_size":null},"elements":[{"id":"4fc8","settings":{"title":"Launch time is closer than ever","header_size":"h1","align":"center","align_mobile":"center","title_color":"#ffffff","typography_typography":"custom","typography_font_size":{"unit":"px","size":67},"typography_font_size_tablet":{"unit":"px","size":58},"typography_font_size_mobile":{"unit":"px","size":35},"typography_font_family":"Roboto","typography_font_weight":"100","typography_text_transform":"uppercase","typography_line_height":{"unit":"em","size":1},"typography_letter_spacing":{"unit":"px","size":1.8},"typography_letter_spacing_mobile":{"unit":"px","size":3.3},"section_custom_css_pro":"","custom_css_pro":""},"elements":[],"isInner":false,"widgetType":"heading","elType":"widget"},{"id":"1861","settings":{"space":{"unit":"px","size":"30"},"space_mobile":{"unit":"px","size":"5"}},"elements":[],"isInner":false,"widgetType":"spacer","elType":"widget"},{"id":"1f86","settings":{"title":"lift-off in:","header_size":"h3","align":"center","title_color":"#f54337","typography_typography":"custom","typography_font_size":{"unit":"px","size":"35"},"typography_font_size_mobile":{"unit":"px","size":"20"},"typography_font_family":"Roboto","typography_font_weight":"500","typography_text_transform":"uppercase","_padding":{"unit":"px","top":"20","right":"20","bottom":"20","left":"20","isLinked":true},"_background_background":"classic","_background_color":"#ffffff","section_custom_css_pro":"","custom_css_pro":""},"elements":[],"isInner":false,"widgetType":"heading","elType":"widget"},{"id":"7047","settings":{"due_date":"2017-10-26 03:30","show_days":"true","show_hours":"true","show_minutes":"true","show_seconds":"true","show_labels":"true","label_days":"","label_hours":"","label_minutes":"","label_seconds":"","container_width":{"unit":"%","size":""},"box_background_color":"#f54337","box_spacing":{"unit":"px","size":"0"},"box_spacing_tablet":{"unit":"px","size":"0"},"box_spacing_mobile":{"unit":"px","size":"0"},"box_padding":{"unit":"px","top":"50","right":"35","bottom":"50","left":"35","isLinked":false},"box_padding_tablet":{"unit":"px","top":"30","right":"30","bottom":"30","left":"30","isLinked":true},"box_padding_mobile":{"unit":"px","top":"15","right":"0","bottom":"15","left":"0","isLinked":false},"digits_typography_typography":"custom","digits_typography_font_size_tablet":{"unit":"px","size":"50"},"digits_typography_font_size_mobile":{"unit":"px","size":"31"},"digits_typography_font_family":"Unica One","digits_typography_font_weight":"bold","label_typography_typography":"custom","label_typography_font_size":{"unit":"px","size":"18"},"label_typography_font_size_mobile":{"unit":"px","size":"10"},"label_typography_font_family":"Unica One","label_typography_text_transform":"uppercase","label_typography_line_height_mobile":{"unit":"em","size":1.6},"label_typography_letter_spacing":{"unit":"px","size":"1.8"},"_margin":{"unit":"px","top":"-20","right":"0","bottom":"0","left":"0","isLinked":false},"_padding_mobile":{"unit":"%","top":"","right":"","bottom":"","left":"","isLinked":true},"section_custom_css_pro":"","custom_css_pro":""},"elements":[],"isInner":false,"widgetType":"countdown","elType":"widget"},{"id":"2074","settings":{"space":{"unit":"px","size":"50"},"space_mobile":{"unit":"px","size":"5"}},"elements":[],"isInner":false,"widgetType":"spacer","elType":"widget"},{"id":"599d","settings":{"editor":"<p>Discover the new and awesome features we've cooked up for you. Subscribe to our newsletter and get the latest updates to your email<\/p>","align":"center","text_color":"#ffffff","typography_typography":"custom","typography_font_size":{"unit":"px","size":"19"},"typography_font_size_mobile":{"unit":"px","size":"15"},"typography_line_height":{"unit":"em","size":"1.6"},"section_custom_css_pro":"","custom_css_pro":"","typography_font_family":"Unica One"},"elements":[],"isInner":false,"widgetType":"text-editor","elType":"widget"},{"id":"2e12","elType":"widget","settings":{"form_name":"New Form","form_fields":[{"field_type":"email","field_label":"Your Email","placeholder":"Your Email","width":"75","_id":"c26f1u5","required":"","field_options":"","inline_list":"","rows":4,"recaptcha_size":"normal","recaptcha_style":"light","css_classes":"","width_tablet":"","width_mobile":"","field_value":"","file_sizes":"","file_types":"","allow_multiple_upload":"","max_files":"","acceptance_text":"","checked_by_default":"","field_min":"","field_max":"","min_date":"","max_date":"","use_native_date":"","use_native_time":"","allow_multiple":"","select_size":"","field_html":""}],"input_size":"lg","show_labels":"","button_text":"Send","button_size":"lg","button_width":"25","button_align_tablet":"stretch","button_align_mobile":"stretch","success_message":"The message was sent successfully!","error_message":"There's something wrong... Please fill in the required fields.","required_field_message":"Required","invalid_message":"There's something wrong... The form is invalid.","column_gap":{"unit":"px","size":0},"field_border_width":{"unit":"px","top":"0","right":"0","bottom":"0","left":"0","isLinked":false},"field_border_radius":{"unit":"px","top":"0","right":"0","bottom":"0","left":"0","isLinked":true},"button_typography_typography":"custom","button_typography_font_size":{"unit":"px","size":"16"},"button_typography_font_family":"Roboto","button_typography_text_transform":"uppercase","button_typography_letter_spacing":{"unit":"px","size":3},"button_background_color":"#f54337","button_border_radius":{"unit":"px","top":"0","right":"0","bottom":"0","left":"0","isLinked":true},"button_text_padding":{"unit":"px","top":"0","right":"0","bottom":"0","left":"0","isLinked":true},"section_custom_css_pro":"","custom_css_pro":"","field_typography_typography":"custom","field_typography_font_family":"Unica One","_padding":{"unit":"%","top":"","right":"","bottom":"","left":"","isLinked":true},"email_to":"no-reply@elementor.com","email_subject":"New message from \"Library\"","email_from":"email@library.elementor.com","email_from_name":"Library","email_content":"[all-fields]","email_to_2":"no-reply@elementor.com","email_subject_2":"New message from \"Library\"","email_content_2":"[all-fields]","email_from_2":"email@library.elementor.com","email_from_name_2":"Library","email_reply_to_2":"no-reply@elementor.com"},"elements":[],"widgetType":"form"}],"isInner":false,"elType":"column"}],"isInner":false,"elType":"section"}],"page_settings":{"hide_title":"yes"}}