{"version":"0.4","title":"Landing Page \u2013 Conference 3","type":"page","content":[{"id":"5531","settings":{"content_width":{"unit":"px","size":"670"},"height":"min-height","custom_height":{"unit":"vh","size":"80"},"background_background":"classic","background_image":{"id":587,"url":"http:\/\/localhost\/checkupdate\/wp-content\/uploads\/2018\/03\/https-images.unsplash.com-photo-1430417934865-589b63ad5c00-ixlibrb-0.3.5q80fmjpgcropentropycstinysrgbsf70d8b1dac8676fb3e099684931eddf1.png"},"background_position":"center center","background_size":"cover","shape_divider_bottom_color":"#76768f","shape_divider_bottom_height":{"unit":"px","size":279},"shape_divider_bottom_negative":"yes","padding":{"unit":"px","top":"0","right":"0","bottom":"0","left":"0","isLinked":true},"padding_tablet":{"unit":"px","top":"85","right":"00","bottom":"70","left":"0","isLinked":false},"padding_mobile":{"unit":"px","top":"60","right":"0","bottom":"60","left":"0","isLinked":false}},"elements":[{"id":"3dd8","settings":{"_column_size":100,"_inline_size":null,"padding_tablet":{"unit":"px","top":"40","right":"40","bottom":"40","left":"40","isLinked":true},"padding_mobile":{"unit":"px","top":"20","right":"20","bottom":"20","left":"20","isLinked":true}},"elements":[{"id":"56c0","settings":{"title":"tech-conference live<BR>\nSan Fransisco  \/\/ 2018","align":"center","title_color":"#373750","typography_typography":"custom","typography_font_size":{"unit":"px","size":"64"},"typography_font_family":"Roboto","typography_text_transform":"capitalize","typography_line_height":{"unit":"em","size":"1.2"},"_margin":{"unit":"%","top":"0","right":"0","bottom":"0","left":"0","isLinked":false},"_border_width":{"unit":"px","top":"7","right":"7","bottom":"7","left":"7","isLinked":true},"_border_color":"#373750","typography_font_size_tablet":{"unit":"px","size":"56"},"typography_font_size_mobile":{"unit":"px","size":"29"},"_padding_tablet":{"unit":"px","top":"0","right":"0","bottom":"0","left":"0","isLinked":false}},"elements":[],"isInner":false,"widgetType":"heading","elType":"widget"},{"id":"1ff9","settings":{"title":"Getting you updated with the latest online technologies from the world's leading startup brands","align":"center","title_color":"rgba(55,55,80,0.85)","typography_typography":"custom","typography_font_size":{"unit":"px","size":"23"},"typography_font_family":"Roboto","typography_font_weight":"500","typography_line_height":{"unit":"em","size":"1.4"},"_padding":{"unit":"px","top":"10","right":"0","bottom":"30","left":"0","isLinked":false},"typography_font_size_tablet":{"unit":"px","size":"20"},"typography_font_size_mobile":{"unit":"px","size":"18"},"_padding_mobile":{"unit":"px","top":"10","right":"0","bottom":"20","left":"0","isLinked":false}},"elements":[],"isInner":false,"widgetType":"heading","elType":"widget"},{"id":"3d4a","settings":{"gap":"no","structure":"20","padding_mobile":{"unit":"%","top":"0","right":"5","bottom":"0","left":"5","isLinked":false}},"elements":[{"id":"7d9f","settings":{"_column_size":50,"_inline_size":null,"margin":{"unit":"%","top":"0","right":"5","bottom":"0","left":"0","isLinked":false},"margin_mobile":{"unit":"px","top":"0","right":"0","bottom":"0","left":"0","isLinked":true},"screen_sm_width":"50"},"elements":[{"id":"2b3e","settings":{"text":"Get tickets","align":"right","typography_typography":"custom","typography_font_size":{"unit":"px","size":"20"},"typography_font_weight":"700","typography_letter_spacing":{"unit":"px","size":"2"},"button_text_color":"#373750","background_color":"rgba(0,0,0,0)","hover_color":"#50e3c2","button_background_hover_color":"#373750","button_hover_border_color":"#50e3c2","border_border":"solid","border_width":{"unit":"px","top":"3","right":"3","bottom":"3","left":"3","isLinked":true},"border_radius":{"unit":"px","top":"0","right":"0","bottom":"0","left":"0","isLinked":true},"text_padding":{"unit":"px","top":"15","right":"35","bottom":"15","left":"35","isLinked":false},"align_mobile":"justify"},"elements":[],"isInner":false,"widgetType":"button","elType":"widget"}],"isInner":true,"elType":"column"},{"id":"42b5","settings":{"_column_size":50,"_inline_size":null,"margin":{"unit":"%","top":"0","right":"0","bottom":"0","left":"5","isLinked":false},"margin_mobile":{"unit":"px","top":"20","right":"0","bottom":"0","left":"0","isLinked":false},"screen_sm_width":"50"},"elements":[{"id":"1eec","settings":{"text":"Watch video","align":"left","typography_typography":"custom","typography_font_size":{"unit":"px","size":"20"},"typography_font_weight":"700","typography_letter_spacing":{"unit":"px","size":"2"},"button_text_color":"#ffffff","background_color":"#50e3c2","hover_color":"#50e3c2","button_background_hover_color":"#ffffff","button_hover_border_color":"#50e3c2","border_border":"solid","border_width":{"unit":"px","top":"3","right":"3","bottom":"3","left":"3","isLinked":true},"border_color":"#50e3c2","border_radius":{"unit":"px","top":"0","right":"0","bottom":"0","left":"0","isLinked":true},"text_padding":{"unit":"px","top":"15","right":"35","bottom":"15","left":"35","isLinked":false},"align_mobile":"justify"},"elements":[],"isInner":false,"widgetType":"button","elType":"widget"}],"isInner":true,"elType":"column"}],"isInner":true,"elType":"section"},{"id":"54bb","settings":{"label_days":"Days","label_hours":"Hours","label_minutes":"Minutes","label_seconds":"Seconds","box_background_color":"rgba(118,118,143,0.81)","box_spacing":{"unit":"px","size":"30"},"box_padding":{"unit":"px","top":"30","right":"30","bottom":"30","left":"30","isLinked":true},"digits_typography_typography":"custom","digits_typography_font_size":{"unit":"px","size":"55"},"digits_typography_font_weight":"600","label_color":"#50e3c2","_padding":{"unit":"px","top":"50","right":"0","bottom":"0","left":"0","isLinked":false},"container_width_tablet":{"unit":"%","size":96},"container_width_mobile":{"unit":"%","size":91},"box_spacing_mobile":{"unit":"px","size":"5"},"box_padding_mobile":{"unit":"px","top":"15","right":"0","bottom":"15","left":"0","isLinked":false},"digits_typography_font_size_mobile":{"unit":"px","size":"30"},"digits_typography_line_height_mobile":{"unit":"em","size":"1.2"},"label_typography_typography":"custom","label_typography_font_size_mobile":{"unit":"px","size":"13"},"_padding_mobile":{"unit":"px","top":"50","right":"0","bottom":"0","left":"0","isLinked":false}},"elements":[],"isInner":false,"widgetType":"countdown","elType":"widget"}],"isInner":false,"elType":"column"}],"isInner":false,"elType":"section"},{"id":"2033","settings":{"gap":"no","structure":"20","background_background":"classic","background_color":"#76768f","background_color_stop":{"unit":"%","size":64},"background_color_b":"#62628e","background_gradient_type":"radial","padding":{"unit":"px","top":"70","right":"0","bottom":"70","left":"0","isLinked":false},"content_position":"middle","padding_tablet":{"unit":"px","top":"70","right":"30","bottom":"70","left":"30","isLinked":false},"padding_mobile":{"unit":"px","top":"60","right":"25","bottom":"60","left":"25","isLinked":false}},"elements":[{"id":"5f84","settings":{"_column_size":50,"_inline_size":"56.053","margin":{"unit":"%","top":"0","right":"15","bottom":"0","left":"0","isLinked":false},"margin_mobile":{"unit":"px","top":"0","right":"0","bottom":"0","left":"0","isLinked":true},"margin_tablet":{"unit":"px","top":"0","right":"20","bottom":"0","left":"0","isLinked":false}},"elements":[{"id":"6416","settings":{"title":"About the event ","align":"left","title_color":"#ffffff","typography_typography":"custom","typography_font_size":{"unit":"px","size":"45"},"typography_font_family":"Roboto","typography_font_weight":"700","typography_text_transform":"capitalize","typography_line_height":{"unit":"em","size":"1.4"},"typography_letter_spacing":{"unit":"px","size":"1"},"align_mobile":"center","typography_font_size_tablet":{"unit":"px","size":"35"}},"elements":[],"isInner":false,"widgetType":"heading","elType":"widget"},{"id":"197","settings":{"editor":"<p>With tens of thousands of entrepreneurs and investors, the Tech-Conference Live event is one of the largest conferences in Silicon Valley for starting your startup, learning how to pitch VCs, find engineers and co-founders\u00a0and\u00a0launching your product to the rest of the world.<\/p><p>We explore the ways in which startups and technology driven businesses drive traffic through PR, early adopters and influencers.<\/p>","text_color":"rgba(255,255,255,0.86)","typography_typography":"custom","typography_font_size":{"unit":"px","size":"18"},"typography_font_family":"Roboto","typography_font_weight":"300","typography_line_height":{"unit":"em","size":"1.6"},"align_mobile":"center","typography_font_size_tablet":{"unit":"px","size":"14"},"typography_font_size_mobile":{"unit":"px","size":"15"},"_margin_tablet":{"unit":"px","top":"-10","right":"0","bottom":"0","left":"0","isLinked":false}},"elements":[],"isInner":false,"widgetType":"text-editor","elType":"widget"}],"isInner":false,"elType":"column"},{"id":"2ba2","settings":{"_column_size":50,"_inline_size":"43.947","background_background":"classic","margin":{"unit":"px","top":"0","right":"0","bottom":"0","left":"0","isLinked":false},"margin_mobile":{"unit":"px","top":"30","right":"0","bottom":"0","left":"0","isLinked":false}},"elements":[{"id":"136d","settings":{"image":{"id":588,"url":"http:\/\/localhost\/checkupdate\/wp-content\/uploads\/2018\/03\/https-images.unsplash.comphoto-1452690700222-8a2a1a109f4cixlibrb-0.3.5q80fmjpgcropentropycstinysrgbs34cdcdedcc762dc1a832d7e64c2fd846.png"},"_border_width":{"unit":"px","top":"7","right":"7","bottom":"7","left":"7","isLinked":true},"_border_color":"#373750","_box_shadow_box_shadow_type":"yes","_box_shadow_box_shadow":{"horizontal":0,"vertical":0,"blur":81,"spread":0,"inset":"","color":"rgba(55,55,80,0.46)"},"align":"right"},"elements":[],"isInner":false,"widgetType":"image","elType":"widget"}],"isInner":false,"elType":"column"}],"isInner":false,"elType":"section"},{"id":"6fe4","settings":{"gap":"no","padding":{"unit":"px","top":"100","right":"0","bottom":"100","left":"0","isLinked":false},"padding_tablet":{"unit":"px","top":"70","right":"10","bottom":"50","left":"10","isLinked":false},"padding_mobile":{"unit":"px","top":"60","right":"0","bottom":"20","left":"0","isLinked":false}},"elements":[{"id":"1777","settings":{"_column_size":100,"_inline_size":null},"elements":[{"id":"6ff0","settings":{"title":"Speakers","align":"center","title_color":"#373750","typography_typography":"custom","typography_font_size":{"unit":"px","size":"45"},"typography_font_family":"Roboto","typography_font_weight":"700","typography_text_transform":"capitalize","typography_line_height":{"unit":"em","size":"1.4"},"typography_letter_spacing":{"unit":"px","size":"1"},"_padding":{"unit":"px","top":"0","right":"0","bottom":"50","left":"0","isLinked":false},"typography_font_size_tablet":{"unit":"px","size":"40"},"_padding_tablet":{"unit":"px","top":"0","right":"0","bottom":"20","left":"0","isLinked":false},"_padding_mobile":{"unit":"px","top":"0","right":"0","bottom":"0","left":"0","isLinked":true}},"elements":[],"isInner":false,"widgetType":"heading","elType":"widget"},{"id":"31dd","settings":{"gap":"wider","structure":"40","padding_tablet":{"unit":"px","top":"0","right":"0","bottom":"0","left":"0","isLinked":true}},"elements":[{"id":"c8f","settings":{"_column_size":25,"_inline_size":null,"screen_sm_width":"50"},"elements":[{"id":"7969","settings":{"testimonial_content":"","testimonial_image":{"id":589,"url":"http:\/\/localhost\/checkupdate\/wp-content\/uploads\/2018\/03\/https-www.pexels.comphotoblack-and-white-woman-dark-hair-60682.png"},"testimonial_name":"Emily Hunt","testimonial_job":"Job description","testimonial_image_position":"top","content_content_color":"#373750","content_typography_font_size":{"unit":"px","size":1},"content_typography_font_family":"Roboto","image_size":{"unit":"px","size":"80"},"name_text_color":"#373750","name_typography_typography":"custom","name_typography_font_size":{"unit":"px","size":"20"},"name_typography_font_family":"Roboto","job_text_color":"#50e3c2","job_typography_typography":"custom","job_typography_font_size":{"unit":"px","size":"15"},"job_typography_font_weight":"300","job_typography_line_height":{"unit":"em","size":"1.5"},"name_typography_font_size_tablet":{"unit":"px","size":"18"},"name_typography_font_size_mobile":{"unit":"px","size":"20"},"job_typography_font_size_tablet":{"unit":"px","size":"14"},"job_typography_font_size_mobile":{"unit":"px","size":"15"}},"elements":[],"isInner":false,"widgetType":"testimonial","elType":"widget"},{"id":"5fee","settings":{"editor":"<p>Lorem ipsum dolor sit amet, consectetur adipiscing elit. Donec venenatis velit metus.\u00a0<\/p>","align":"center","text_color":"rgba(118,118,143,0.86)","typography_typography":"custom","typography_font_size":{"unit":"px","size":"14"},"typography_font_family":"Roboto","typography_font_weight":"300","typography_line_height":{"unit":"em","size":"1.6"},"typography_font_size_tablet":{"unit":"px","size":"13"},"typography_font_size_mobile":{"unit":"px","size":"15"},"_margin_tablet":{"unit":"px","top":"-10","right":"0","bottom":"0","left":"0","isLinked":false}},"elements":[],"isInner":false,"widgetType":"text-editor","elType":"widget"}],"isInner":true,"elType":"column"},{"id":"cfa","settings":{"_column_size":25,"_inline_size":null,"margin_mobile":{"unit":"px","top":"-25","right":"0","bottom":"0","left":"0","isLinked":false}},"elements":[{"id":"1b1c","settings":{"testimonial_content":"","testimonial_image":{"id":592,"url":"http:\/\/localhost\/checkupdate\/wp-content\/uploads\/2018\/03\/https-d3iw72m71ie81c.cloudfront.netmale-19.png"},"testimonial_name":"George Philipe","testimonial_job":"Job description","testimonial_image_position":"top","content_content_color":"#373750","content_typography_font_size":{"unit":"px","size":1},"content_typography_font_family":"Roboto","image_size":{"unit":"px","size":"80"},"name_text_color":"#373750","name_typography_typography":"custom","name_typography_font_size":{"unit":"px","size":"20"},"name_typography_font_family":"Roboto","job_text_color":"#50e3c2","job_typography_typography":"custom","job_typography_font_size":{"unit":"px","size":"15"},"job_typography_font_weight":"300","job_typography_line_height":{"unit":"em","size":"1.5"},"name_typography_font_size_tablet":{"unit":"px","size":"18"},"name_typography_font_size_mobile":{"unit":"px","size":"20"},"job_typography_font_size_tablet":{"unit":"px","size":"14"},"job_typography_font_size_mobile":{"unit":"px","size":"15"}},"elements":[],"isInner":false,"widgetType":"testimonial","elType":"widget"},{"id":"4325","settings":{"editor":"<p>Lorem ipsum dolor sit amet, consectetur adipiscing elit. Donec venenatis velit metus.\u00a0<\/p>","align":"center","text_color":"rgba(118,118,143,0.86)","typography_typography":"custom","typography_font_size":{"unit":"px","size":"14"},"typography_font_family":"Roboto","typography_font_weight":"300","typography_line_height":{"unit":"em","size":"1.6"},"typography_font_size_tablet":{"unit":"px","size":"13"},"typography_font_size_mobile":{"unit":"px","size":"15"},"_margin_tablet":{"unit":"px","top":"-10","right":"0","bottom":"0","left":"0","isLinked":false}},"elements":[],"isInner":false,"widgetType":"text-editor","elType":"widget"}],"isInner":true,"elType":"column"},{"id":"6ca1","settings":{"_column_size":25,"_inline_size":null,"margin_mobile":{"unit":"px","top":"-25","right":"0","bottom":"0","left":"0","isLinked":false}},"elements":[{"id":"62ab","settings":{"testimonial_content":"","testimonial_image":{"id":593,"url":"http:\/\/localhost\/checkupdate\/wp-content\/uploads\/2018\/03\/https-www.pexels.comphotoman-in-beanie-holding-his-shoulder-193355-copy.png"},"testimonial_name":"Heinrik Ibsen","testimonial_job":"Job description","testimonial_image_position":"top","content_content_color":"#373750","content_typography_font_size":{"unit":"px","size":1},"content_typography_font_family":"Roboto","image_size":{"unit":"px","size":"80"},"name_text_color":"#373750","name_typography_typography":"custom","name_typography_font_size":{"unit":"px","size":"20"},"name_typography_font_family":"Roboto","job_text_color":"#50e3c2","job_typography_typography":"custom","job_typography_font_size":{"unit":"px","size":"15"},"job_typography_font_weight":"300","job_typography_line_height":{"unit":"em","size":"1.5"},"name_typography_font_size_tablet":{"unit":"px","size":"18"},"name_typography_font_size_mobile":{"unit":"px","size":"20"},"job_typography_font_size_tablet":{"unit":"px","size":"14"},"job_typography_font_size_mobile":{"unit":"px","size":"15"}},"elements":[],"isInner":false,"widgetType":"testimonial","elType":"widget"},{"id":"4d08","settings":{"editor":"<p>Lorem ipsum dolor sit amet, consectetur adipiscing elit. Donec venenatis velit metus.\u00a0<\/p>","align":"center","text_color":"rgba(118,118,143,0.86)","typography_typography":"custom","typography_font_size":{"unit":"px","size":"14"},"typography_font_family":"Roboto","typography_font_weight":"300","typography_line_height":{"unit":"em","size":"1.6"},"typography_font_size_tablet":{"unit":"px","size":"13"},"typography_font_size_mobile":{"unit":"px","size":"15"},"_margin_tablet":{"unit":"px","top":"-10","right":"0","bottom":"0","left":"0","isLinked":false}},"elements":[],"isInner":false,"widgetType":"text-editor","elType":"widget"}],"isInner":true,"elType":"column"},{"id":"31b4","settings":{"_column_size":25,"_inline_size":null,"margin_mobile":{"unit":"px","top":"-25","right":"0","bottom":"0","left":"0","isLinked":false}},"elements":[{"id":"7ec6","settings":{"testimonial_content":"","testimonial_image":{"id":594,"url":"http:\/\/localhost\/checkupdate\/wp-content\/uploads\/2018\/03\/https-www.pexels.comphotoportrait-black-and-white-girl-wondering-28251.png"},"testimonial_name":"Daina Arts","testimonial_job":"Job description","testimonial_image_position":"top","content_content_color":"#373750","content_typography_font_size":{"unit":"px","size":1},"content_typography_font_family":"Roboto","image_size":{"unit":"px","size":"80"},"name_text_color":"#373750","name_typography_typography":"custom","name_typography_font_size":{"unit":"px","size":"20"},"name_typography_font_family":"Roboto","job_text_color":"#50e3c2","job_typography_typography":"custom","job_typography_font_size":{"unit":"px","size":"15"},"job_typography_font_weight":"300","job_typography_line_height":{"unit":"em","size":"1.5"},"name_typography_font_size_tablet":{"unit":"px","size":"18"},"name_typography_font_size_mobile":{"unit":"px","size":"20"},"job_typography_font_size_tablet":{"unit":"px","size":"14"},"job_typography_font_size_mobile":{"unit":"px","size":"15"},"_margin_tablet":{"unit":"px","top":"0","right":"0","bottom":"0","left":"0","isLinked":false}},"elements":[],"isInner":false,"widgetType":"testimonial","elType":"widget"},{"id":"7e87","settings":{"editor":"<p>Lorem ipsum dolor sit amet, consectetur adipiscing elit. Donec venenatis velit metus.\u00a0<\/p>","align":"center","text_color":"rgba(118,118,143,0.86)","typography_typography":"custom","typography_font_size":{"unit":"px","size":"14"},"typography_font_family":"Roboto","typography_font_weight":"300","typography_line_height":{"unit":"em","size":"1.6"},"typography_font_size_tablet":{"unit":"px","size":"13"},"typography_font_size_mobile":{"unit":"px","size":"15"},"_margin_tablet":{"unit":"px","top":"-10","right":"0","bottom":"0","left":"0","isLinked":false}},"elements":[],"isInner":false,"widgetType":"text-editor","elType":"widget"}],"isInner":true,"elType":"column"}],"isInner":true,"elType":"section"},{"id":"2576","settings":{"gap":"wider","structure":"40","margin_tablet":{"unit":"px","top":"0","right":0,"bottom":"0","left":0,"isLinked":false},"padding_tablet":{"unit":"px","top":"0","right":"0","bottom":"0","left":"0","isLinked":false}},"elements":[{"id":"3520","settings":{"_column_size":25,"_inline_size":null,"margin_mobile":{"unit":"px","top":"-25","right":"0","bottom":"0","left":"0","isLinked":false}},"elements":[{"id":"4152","settings":{"testimonial_content":"","testimonial_image":{"id":595,"url":"http:\/\/localhost\/checkupdate\/wp-content\/uploads\/2018\/03\/https-d3iw72m71ie81c.cloudfront.netmale-3.png"},"testimonial_name":"Dan Michaels","testimonial_job":"Job description","testimonial_image_position":"top","content_content_color":"#373750","content_typography_font_size":{"unit":"px","size":1},"content_typography_font_family":"Roboto","image_size":{"unit":"px","size":"80"},"name_text_color":"#373750","name_typography_typography":"custom","name_typography_font_size":{"unit":"px","size":"20"},"name_typography_font_family":"Roboto","job_text_color":"#50e3c2","job_typography_typography":"custom","job_typography_font_size":{"unit":"px","size":"15"},"job_typography_font_weight":"300","job_typography_line_height":{"unit":"em","size":"1.5"},"name_typography_font_size_tablet":{"unit":"px","size":"18"},"name_typography_font_size_mobile":{"unit":"px","size":"20"},"job_typography_font_size_tablet":{"unit":"px","size":"14"},"job_typography_font_size_mobile":{"unit":"px","size":"15"}},"elements":[],"isInner":false,"widgetType":"testimonial","elType":"widget"},{"id":"7c23","settings":{"editor":"<p>Lorem ipsum dolor sit amet, consectetur adipiscing elit. Donec venenatis velit metus.\u00a0<\/p>","align":"center","text_color":"rgba(118,118,143,0.86)","typography_typography":"custom","typography_font_size":{"unit":"px","size":"14"},"typography_font_family":"Roboto","typography_font_weight":"300","typography_line_height":{"unit":"em","size":"1.6"},"typography_font_size_tablet":{"unit":"px","size":"13"},"typography_font_size_mobile":{"unit":"px","size":"15"},"_margin_tablet":{"unit":"px","top":"-10","right":"0","bottom":"0","left":"0","isLinked":false}},"elements":[],"isInner":false,"widgetType":"text-editor","elType":"widget"}],"isInner":true,"elType":"column"},{"id":"377f","settings":{"_column_size":25,"_inline_size":null,"margin_mobile":{"unit":"px","top":"-25","right":"0","bottom":"0","left":"0","isLinked":false}},"elements":[{"id":"ed9","settings":{"testimonial_content":"","testimonial_image":{"id":596,"url":"http:\/\/localhost\/checkupdate\/wp-content\/uploads\/2018\/03\/https-d3iw72m71ie81c.cloudfront.netfemale-12.png"},"testimonial_name":"Irena Pollock","testimonial_job":"Job description","testimonial_image_position":"top","content_content_color":"#373750","content_typography_font_size":{"unit":"px","size":1},"content_typography_font_family":"Roboto","image_size":{"unit":"px","size":"80"},"name_text_color":"#373750","name_typography_typography":"custom","name_typography_font_size":{"unit":"px","size":"20"},"name_typography_font_family":"Roboto","job_text_color":"#50e3c2","job_typography_typography":"custom","job_typography_font_size":{"unit":"px","size":"15"},"job_typography_font_weight":"300","job_typography_line_height":{"unit":"em","size":"1.5"},"name_typography_font_size_tablet":{"unit":"px","size":"18"},"name_typography_font_size_mobile":{"unit":"px","size":"20"},"job_typography_font_size_tablet":{"unit":"px","size":"14"},"job_typography_font_size_mobile":{"unit":"px","size":"15"}},"elements":[],"isInner":false,"widgetType":"testimonial","elType":"widget"},{"id":"209e","settings":{"editor":"<p>Lorem ipsum dolor sit amet, consectetur adipiscing elit. Donec venenatis velit metus.\u00a0<\/p>","align":"center","text_color":"rgba(118,118,143,0.86)","typography_typography":"custom","typography_font_size":{"unit":"px","size":"14"},"typography_font_family":"Roboto","typography_font_weight":"300","typography_line_height":{"unit":"em","size":"1.6"},"typography_font_size_tablet":{"unit":"px","size":"13"},"typography_font_size_mobile":{"unit":"px","size":"15"},"_margin_tablet":{"unit":"px","top":"-10","right":"0","bottom":"0","left":"0","isLinked":false}},"elements":[],"isInner":false,"widgetType":"text-editor","elType":"widget"}],"isInner":true,"elType":"column"},{"id":"28aa","settings":{"_column_size":25,"_inline_size":null,"margin_mobile":{"unit":"px","top":"-25","right":"0","bottom":"0","left":"0","isLinked":false}},"elements":[{"id":"34c","settings":{"testimonial_content":"","testimonial_image":{"id":597,"url":"http:\/\/localhost\/checkupdate\/wp-content\/uploads\/2018\/03\/https-d3iw72m71ie81c.cloudfront.netanders.png"},"testimonial_name":"Charlie Dow","testimonial_job":"Job description","testimonial_image_position":"top","content_content_color":"#373750","content_typography_font_size":{"unit":"px","size":1},"content_typography_font_family":"Roboto","image_size":{"unit":"px","size":"80"},"name_text_color":"#373750","name_typography_typography":"custom","name_typography_font_size":{"unit":"px","size":"20"},"name_typography_font_family":"Roboto","job_text_color":"#50e3c2","job_typography_typography":"custom","job_typography_font_size":{"unit":"px","size":"15"},"job_typography_font_weight":"300","job_typography_line_height":{"unit":"em","size":"1.5"},"name_typography_font_size_tablet":{"unit":"px","size":"18"},"name_typography_font_size_mobile":{"unit":"px","size":"20"},"job_typography_font_size_tablet":{"unit":"px","size":"14"},"job_typography_font_size_mobile":{"unit":"px","size":"15"}},"elements":[],"isInner":false,"widgetType":"testimonial","elType":"widget"},{"id":"3f95","settings":{"editor":"<p>Lorem ipsum dolor sit amet, consectetur adipiscing elit. Donec venenatis velit metus.\u00a0<\/p>","align":"center","text_color":"rgba(118,118,143,0.86)","typography_typography":"custom","typography_font_size":{"unit":"px","size":"14"},"typography_font_family":"Roboto","typography_font_weight":"300","typography_line_height":{"unit":"em","size":"1.6"},"typography_font_size_tablet":{"unit":"px","size":"13"},"typography_font_size_mobile":{"unit":"px","size":"15"},"_margin_tablet":{"unit":"px","top":"-10","right":"0","bottom":"0","left":"0","isLinked":false}},"elements":[],"isInner":false,"widgetType":"text-editor","elType":"widget"}],"isInner":true,"elType":"column"},{"id":"4011","settings":{"_column_size":25,"_inline_size":null,"margin_mobile":{"unit":"px","top":"-25","right":"0","bottom":"0","left":"0","isLinked":false}},"elements":[{"id":"4c9b","settings":{"testimonial_content":"","testimonial_image":{"id":598,"url":"http:\/\/localhost\/checkupdate\/wp-content\/uploads\/2018\/03\/2xshrd9vneu-brooke-cagle.png"},"testimonial_name":"Christina Ricky","testimonial_job":"Job description","testimonial_image_position":"top","content_content_color":"#373750","content_typography_font_size":{"unit":"px","size":1},"content_typography_font_family":"Roboto","image_size":{"unit":"px","size":"80"},"name_text_color":"#373750","name_typography_typography":"custom","name_typography_font_size":{"unit":"px","size":"20"},"name_typography_font_family":"Roboto","job_text_color":"#50e3c2","job_typography_typography":"custom","job_typography_font_size":{"unit":"px","size":"15"},"job_typography_font_weight":"300","job_typography_line_height":{"unit":"em","size":"1.2"},"name_typography_font_size_tablet":{"unit":"px","size":"18"},"name_typography_font_size_mobile":{"unit":"px","size":"20"},"job_typography_font_size_tablet":{"unit":"px","size":"14"},"job_typography_font_size_mobile":{"unit":"px","size":"15"}},"elements":[],"isInner":false,"widgetType":"testimonial","elType":"widget"},{"id":"838","settings":{"editor":"<p>Lorem ipsum dolor sit amet, consectetur adipiscing elit. Donec venenatis velit metus.\u00a0<\/p>","align":"center","text_color":"rgba(118,118,143,0.86)","typography_typography":"custom","typography_font_size":{"unit":"px","size":"14"},"typography_font_family":"Roboto","typography_font_weight":"300","typography_line_height":{"unit":"em","size":"1.6"},"typography_font_size_tablet":{"unit":"px","size":"13"},"typography_font_size_mobile":{"unit":"px","size":"15"},"_margin_tablet":{"unit":"px","top":"-10","right":"0","bottom":"0","left":"0","isLinked":false}},"elements":[],"isInner":false,"widgetType":"text-editor","elType":"widget"}],"isInner":true,"elType":"column"}],"isInner":true,"elType":"section"}],"isInner":false,"elType":"column"}],"isInner":false,"elType":"section"},{"id":"4f81","settings":{"background_background":"classic","background_color":"#e8edf1","padding":{"unit":"px","top":"100","right":"0","bottom":"150","left":"0","isLinked":false},"padding_tablet":{"unit":"px","top":"70","right":"0","bottom":"60","left":"0","isLinked":false},"padding_mobile":{"unit":"px","top":"60","right":"0","bottom":"40","left":"0","isLinked":false}},"elements":[{"id":"6f68","settings":{"_column_size":100,"_inline_size":null},"elements":[{"id":"4c4d","settings":{"title":"Schedule ","align":"center","title_color":"#373750","typography_typography":"custom","typography_font_size":{"unit":"px","size":"45"},"typography_font_family":"Roboto","typography_font_weight":"700","typography_text_transform":"capitalize","typography_line_height":{"unit":"em","size":"1.4"},"typography_letter_spacing":{"unit":"px","size":"1"},"typography_font_size_tablet":{"unit":"px","size":"40"}},"elements":[],"isInner":false,"widgetType":"heading","elType":"widget"},{"id":"2302","settings":{"title":"We know how valuable your time is, so we scheduled the entire event around mingling and socializing.","align":"center","title_color":"rgba(55,55,80,0.87)","typography_typography":"custom","typography_font_size":{"unit":"px","size":"22"},"typography_font_family":"Roboto","typography_font_weight":"300","typography_line_height":{"unit":"em","size":"1.6"},"_padding":{"unit":"%","top":"0","right":"18","bottom":"0","left":"18","isLinked":false},"typography_font_size_tablet":{"unit":"px","size":"18"},"typography_font_size_mobile":{"unit":"px","size":"15"},"_margin_tablet":{"unit":"px","top":"-10","right":"0","bottom":"0","left":"0","isLinked":false},"_padding_tablet":{"unit":"px","top":"0","right":"100","bottom":"0","left":"100","isLinked":false},"_padding_mobile":{"unit":"px","top":"10","right":"10","bottom":"10","left":"10","isLinked":true}},"elements":[],"isInner":false,"widgetType":"heading","elType":"widget"},{"id":"128b","settings":{"structure":"20","padding":{"unit":"px","top":"80","right":"0","bottom":"0","left":"0","isLinked":false},"padding_tablet":{"unit":"px","top":"0","right":"20","bottom":"0","left":"20","isLinked":false}},"elements":[{"id":"6d4e","settings":{"_column_size":50,"_inline_size":null,"margin":{"unit":"%","top":"0","right":"10","bottom":"0","left":"0","isLinked":false},"margin_tablet":{"unit":"%","top":"0","right":"7","bottom":"0","left":"0","isLinked":false},"margin_mobile":{"unit":"px","top":"0","right":"0","bottom":"0","left":"0","isLinked":true}},"elements":[{"id":"3413","settings":{"title":"Day #1","align":"left","title_color":"#50e3c2","typography_typography":"custom","typography_font_size":{"unit":"px","size":"35"},"typography_font_family":"Roboto","typography_font_weight":"700","typography_text_transform":"capitalize","typography_line_height":{"unit":"em","size":"1"},"typography_letter_spacing":{"unit":"px","size":"1"},"align_mobile":"center","typography_font_size_tablet":{"unit":"px","size":"30"},"typography_font_size_mobile":{"unit":"px","size":"25"}},"elements":[],"isInner":false,"widgetType":"heading","elType":"widget"},{"id":"2650","settings":{"weight":{"unit":"px","size":"3"},"color":"#50e3c2","gap":{"unit":"px","size":"0"}},"elements":[],"isInner":false,"widgetType":"divider","elType":"widget"},{"id":"6049","settings":{"price_list":[{"title":"Conference Registration","item_description":"","price":"9 AM","link":{"url":"#","is_external":"","nofollow":""},"_id":"kkr1y0u","image":{"url":"","id":""}},{"title":"Exhibitor Move-in","item_description":"","price":"9:30 AM","link":{"url":"#","is_external":"","nofollow":""},"_id":"o2a6oaj","image":{"url":"","id":""}},{"title":"Development Program","item_description":"","price":"11 AM","link":{"url":"#","is_external":"","nofollow":""},"_id":"zyq85o0","image":{"url":"","id":""}},{"title":"First-Timer\u2019s Networking","item_description":"","price":"1 AM","link":{"url":"#","is_external":"","nofollow":""},"_id":"a8ylnxg","image":{"url":"","id":""}},{"title":"Co\tExpo Hall","item_description":"","price":"3 AM","link":{"url":"#","is_external":"","nofollow":""},"_id":"oq8elnw","image":{"url":"","id":""}},{"title":"Concurrent Sessions","item_description":"","price":"5 AM","link":{"url":"#","is_external":"","nofollow":""},"_id":"2no4ovw","image":{"url":"","id":""}}],"heading_color":"#373750","heading_typography_typography":"custom","heading_typography_font_size":{"unit":"px","size":"20"},"heading_typography_font_family":"Roboto","_padding":{"unit":"px","top":"20","right":"0","bottom":"0","left":"0","isLinked":false},"heading_typography_font_size_tablet":{"unit":"px","size":"16"}},"elements":[],"isInner":false,"widgetType":"price-list","elType":"widget"}],"isInner":true,"elType":"column"},{"id":"105a","settings":{"_column_size":50,"_inline_size":null,"margin":{"unit":"%","top":"0","right":"0","bottom":"0","left":"10","isLinked":false},"margin_tablet":{"unit":"%","top":"0","right":"0","bottom":"0","left":"7","isLinked":false},"margin_mobile":{"unit":"px","top":"50","right":"0","bottom":"0","left":"0","isLinked":false}},"elements":[{"id":"7e6f","settings":{"title":"Day #2","align":"left","title_color":"#50e3c2","typography_typography":"custom","typography_font_size":{"unit":"px","size":"35"},"typography_font_family":"Roboto","typography_font_weight":"700","typography_text_transform":"capitalize","typography_line_height":{"unit":"em","size":"1"},"typography_letter_spacing":{"unit":"px","size":"1"},"align_mobile":"center","typography_font_size_tablet":{"unit":"px","size":"30"}},"elements":[],"isInner":false,"widgetType":"heading","elType":"widget"},{"id":"577c","settings":{"weight":{"unit":"px","size":"3"},"color":"#50e3c2","gap":{"unit":"px","size":"0"}},"elements":[],"isInner":false,"widgetType":"divider","elType":"widget"},{"id":"3805","settings":{"price_list":[{"title":"Conference Registration","item_description":"","price":"9 AM","link":{"url":"#","is_external":"","nofollow":""},"_id":"kkr1y0u","image":{"url":"","id":""}},{"title":"Fellows\/Mentors Reception","item_description":"","price":"9:30 AM","link":{"url":"#","is_external":"","nofollow":""},"_id":"o2a6oaj","image":{"url":"","id":""}},{"title":"Plenary Luncheon","item_description":"","price":"11 AM","link":{"url":"#","is_external":"","nofollow":""},"_id":"zyq85o0","image":{"url":"","id":""}},{"title":"Technology Fair","item_description":"","price":"1 AM","link":{"url":"#","is_external":"","nofollow":""},"_id":"a8ylnxg","image":{"url":"","id":""}},{"title":"AIEA Committee Meetings","item_description":"","price":"3 AM","link":{"url":"#","is_external":"","nofollow":""},"_id":"oq8elnw","image":{"url":"","id":""}},{"title":"Conference Closing","item_description":"","price":"5 AM","link":{"url":"#","is_external":"","nofollow":""},"_id":"2no4ovw","image":{"url":"","id":""}}],"heading_color":"#373750","heading_typography_typography":"custom","heading_typography_font_size":{"unit":"px","size":"20"},"heading_typography_font_family":"Roboto","_padding":{"unit":"px","top":"20","right":"0","bottom":"0","left":"0","isLinked":false},"heading_typography_font_size_tablet":{"unit":"px","size":"16"}},"elements":[],"isInner":false,"widgetType":"price-list","elType":"widget"}],"isInner":true,"elType":"column"}],"isInner":true,"elType":"section"}],"isInner":false,"elType":"column"}],"isInner":false,"elType":"section"},{"id":"17ac","settings":{"padding":{"unit":"px","top":"100","right":"0","bottom":"150","left":"0","isLinked":false},"padding_tablet":{"unit":"px","top":"70","right":"0","bottom":"70","left":"0","isLinked":false},"padding_mobile":{"unit":"px","top":"60","right":"25","bottom":"60","left":"25","isLinked":false}},"elements":[{"id":"615f","settings":{"_column_size":100,"_inline_size":null},"elements":[{"id":"5826","settings":{"title":"Save your spot","align":"center","title_color":"#373750","typography_typography":"custom","typography_font_size":{"unit":"px","size":"45"},"typography_font_family":"Roboto","typography_font_weight":"700","typography_text_transform":"capitalize","typography_line_height":{"unit":"em","size":"1.4"},"typography_letter_spacing":{"unit":"px","size":"1"},"typography_font_size_tablet":{"unit":"px","size":"40"},"typography_font_size_mobile":{"unit":"px","size":"37"}},"elements":[],"isInner":false,"widgetType":"heading","elType":"widget"},{"id":"4c67","settings":{"title":"Don't miss out! Tickets are selling like pop-tarts.","align":"center","title_color":"rgba(55,55,80,0.88)","typography_typography":"custom","typography_font_size":{"unit":"px","size":"22"},"typography_font_family":"Roboto","typography_font_weight":"300","typography_line_height":{"unit":"em","size":"1.6"},"_padding":{"unit":"px","top":"0","right":"0","bottom":"70","left":"0","isLinked":false},"typography_font_size_tablet":{"unit":"px","size":"18"},"typography_font_size_mobile":{"unit":"px","size":"16"},"_margin_tablet":{"unit":"px","top":"-10","right":"0","bottom":"0","left":"0","isLinked":false},"_padding_tablet":{"unit":"px","top":"0","right":"0","bottom":"40","left":"0","isLinked":false}},"elements":[],"isInner":false,"widgetType":"heading","elType":"widget"},{"id":"45fe","settings":{"gap":"no","structure":"30","padding_tablet":{"unit":"px","top":"0","right":"25","bottom":"0","left":"25","isLinked":false},"padding_mobile":{"unit":"px","top":"0","right":"0","bottom":"0","left":"0","isLinked":true}},"elements":[{"id":"62bd","settings":{"_column_size":33,"_inline_size":null,"margin":{"unit":"%","top":"0","right":"6","bottom":"0","left":"0","isLinked":false},"margin_mobile":{"unit":"px","top":"0","right":"0","bottom":"0","left":"0","isLinked":false}},"elements":[{"id":"1a14","settings":{"heading":"Day #1","sub_heading":"","price":"150","period":"","features_list":[{"item_text":"Lorem ipsum dolor sit amet, consectetur eli venenatis velit metus. Morbi non augue non sapien volutpat","item_icon":"","_id":"f0s1uz0","item_icon_color":""}],"button_text":"Register","footer_additional_info":"","show_ribbon":"","ribbon_title":"Popular","header_bg_color":"#76768f","heading_color":"#50e3c2","heading_typography_typography":"custom","heading_typography_font_size":{"unit":"px","size":"27"},"heading_typography_font_family":"Roboto","heading_typography_font_weight":"500","pricing_element_bg_color":"#ffffff","price_color":"#373750","price_typography_typography":"custom","price_typography_font_size":{"unit":"px","size":"60"},"price_typography_font_family":"Roboto","currency_size":{"unit":"px","size":100},"features_list_bg_color":"#ffffff","features_list_color":"#373750","features_list_typography_typography":"custom","features_list_typography_font_size":{"unit":"px","size":"18"},"features_list_typography_font_family":"Roboto","features_list_typography_font_weight":"300","features_list_typography_line_height":{"unit":"em","size":"1.6"},"item_width":{"unit":"px","size":"80"},"list_divider":"","footer_bg_color":"#ffffff","footer_padding":{"unit":"px","top":"40","right":"0","bottom":"50","left":"0","isLinked":false},"button_typography_typography":"custom","button_typography_font_size":{"unit":"px","size":"20"},"button_typography_font_family":"Roboto","button_typography_font_weight":"bold","button_typography_letter_spacing":{"unit":"px","size":"2"},"button_background_color":"#50e3c2","button_border_radius":{"unit":"px","top":"0","right":"0","bottom":"0","left":"0","isLinked":true},"button_text_padding":{"unit":"px","top":"17","right":"35","bottom":"17","left":"35","isLinked":false},"_box_shadow_box_shadow_type":"yes","_box_shadow_box_shadow":{"horizontal":"0","vertical":1,"blur":"3","spread":0,"inset":"","color":"rgba(0,0,0,0.5)"},"heading_typography_font_size_tablet":{"unit":"px","size":"20"},"pricing_element_padding_tablet":{"unit":"px","top":"30","right":"0","bottom":"20","left":"0","isLinked":false},"price_typography_font_size_tablet":{"unit":"px","size":"45"},"features_list_typography_font_size_tablet":{"unit":"px","size":"14"},"footer_padding_tablet":{"unit":"px","top":"30","right":"0","bottom":"30","left":"0","isLinked":false},"button_typography_font_size_tablet":{"unit":"px","size":"16"},"button_background_hover_color":"#76768f"},"elements":[],"isInner":false,"widgetType":"price-table","elType":"widget"}],"isInner":true,"elType":"column"},{"id":"4803","settings":{"_column_size":33,"_inline_size":null,"margin":{"unit":"%","top":"0","right":"3","bottom":"0","left":"3","isLinked":false},"margin_mobile":{"unit":"px","top":"40","right":"0","bottom":"40","left":"0","isLinked":false}},"elements":[{"id":"50b2","settings":{"heading":"Day #2","sub_heading":"","price":"180","period":"","features_list":[{"item_text":"Duis quis eros ut orci lacinia dapibus. Donec tempor at tellus vitae molestie. Phasellus lorem pharetra eu.","item_icon":"","_id":"f0s1uz0","item_icon_color":""}],"button_text":"Register","footer_additional_info":"","show_ribbon":"","ribbon_title":"Popular","header_bg_color":"#76768f","heading_color":"#50e3c2","heading_typography_typography":"custom","heading_typography_font_size":{"unit":"px","size":"27"},"heading_typography_font_family":"Roboto","heading_typography_font_weight":"500","pricing_element_bg_color":"#ffffff","price_color":"#373750","price_typography_typography":"custom","price_typography_font_size":{"unit":"px","size":"60"},"price_typography_font_family":"Roboto","currency_size":{"unit":"px","size":100},"features_list_bg_color":"#ffffff","features_list_color":"#373750","features_list_typography_typography":"custom","features_list_typography_font_size":{"unit":"px","size":"18"},"features_list_typography_font_family":"Roboto","features_list_typography_font_weight":"300","features_list_typography_line_height":{"unit":"em","size":"1.6"},"item_width":{"unit":"px","size":"80"},"list_divider":"","footer_bg_color":"#ffffff","footer_padding":{"unit":"px","top":"40","right":"0","bottom":"50","left":"0","isLinked":false},"button_typography_typography":"custom","button_typography_font_size":{"unit":"px","size":"20"},"button_typography_font_family":"Roboto","button_typography_font_weight":"bold","button_typography_letter_spacing":{"unit":"px","size":"2"},"button_background_color":"#50e3c2","button_border_radius":{"unit":"px","top":"0","right":"0","bottom":"0","left":"0","isLinked":true},"button_text_padding":{"unit":"px","top":"17","right":"35","bottom":"17","left":"35","isLinked":false},"_box_shadow_box_shadow_type":"yes","_box_shadow_box_shadow":{"horizontal":"0","vertical":1,"blur":"3","spread":0,"inset":"","color":"rgba(0,0,0,0.5)"},"heading_typography_font_size_tablet":{"unit":"px","size":"20"},"pricing_element_padding_tablet":{"unit":"px","top":"30","right":"0","bottom":"20","left":"0","isLinked":false},"price_typography_font_size_tablet":{"unit":"px","size":"45"},"features_list_typography_font_size_tablet":{"unit":"px","size":"14"},"footer_padding_tablet":{"unit":"px","top":"30","right":"0","bottom":"30","left":"0","isLinked":false},"button_typography_font_size_tablet":{"unit":"px","size":"16"},"button_background_hover_color":"#76768f"},"elements":[],"isInner":false,"widgetType":"price-table","elType":"widget"}],"isInner":true,"elType":"column"},{"id":"6db9","settings":{"_column_size":33,"_inline_size":null,"margin":{"unit":"%","top":"0","right":"0","bottom":"0","left":"6","isLinked":false},"margin_mobile":{"unit":"px","top":"0","right":"0","bottom":"0","left":"0","isLinked":true}},"elements":[{"id":"4380","settings":{"heading":"Full event","sub_heading":"","price":"240","period":"","features_list":[{"item_text":"Lorem ipsum dolor sit amet, ut orci lacinia dapibus. Donec tempor at tellus vitae molestie phasellus cursus ","item_icon":"","_id":"f0s1uz0","item_icon_color":""}],"button_text":"Register","footer_additional_info":"","show_ribbon":"","ribbon_title":"Popular","header_bg_color":"#76768f","heading_color":"#50e3c2","heading_typography_typography":"custom","heading_typography_font_size":{"unit":"px","size":"27"},"heading_typography_font_family":"Roboto","heading_typography_font_weight":"500","pricing_element_bg_color":"#ffffff","price_color":"#373750","price_typography_typography":"custom","price_typography_font_size":{"unit":"px","size":"60"},"price_typography_font_family":"Roboto","currency_size":{"unit":"px","size":100},"features_list_bg_color":"#ffffff","features_list_color":"#373750","features_list_typography_typography":"custom","features_list_typography_font_size":{"unit":"px","size":"18"},"features_list_typography_font_family":"Roboto","features_list_typography_font_weight":"300","features_list_typography_line_height":{"unit":"em","size":"1.6"},"item_width":{"unit":"px","size":"80"},"list_divider":"","footer_bg_color":"#ffffff","footer_padding":{"unit":"px","top":"40","right":"0","bottom":"50","left":"0","isLinked":false},"button_typography_typography":"custom","button_typography_font_size":{"unit":"px","size":"20"},"button_typography_font_family":"Roboto","button_typography_font_weight":"bold","button_typography_letter_spacing":{"unit":"px","size":"2"},"button_background_color":"#50e3c2","button_border_radius":{"unit":"px","top":"0","right":"0","bottom":"0","left":"0","isLinked":true},"button_text_padding":{"unit":"px","top":"17","right":"35","bottom":"17","left":"35","isLinked":false},"_box_shadow_box_shadow_type":"yes","_box_shadow_box_shadow":{"horizontal":"0","vertical":1,"blur":"3","spread":0,"inset":"","color":"rgba(0,0,0,0.5)"},"heading_typography_font_size_tablet":{"unit":"px","size":"20"},"pricing_element_padding_tablet":{"unit":"px","top":"30","right":"0","bottom":"20","left":"0","isLinked":false},"price_typography_font_size_tablet":{"unit":"px","size":"45"},"features_list_typography_font_size_tablet":{"unit":"px","size":"14"},"footer_padding_tablet":{"unit":"px","top":"30","right":"0","bottom":"30","left":"0","isLinked":false},"button_typography_font_size_tablet":{"unit":"px","size":"16"},"button_background_hover_color":"#76768f"},"elements":[],"isInner":false,"widgetType":"price-table","elType":"widget"}],"isInner":true,"elType":"column"}],"isInner":true,"elType":"section"}],"isInner":false,"elType":"column"}],"isInner":false,"elType":"section"},{"id":"298","settings":{"content_width":{"unit":"px","size":"650"},"background_background":"classic","background_image":{"id":600,"url":"http:\/\/localhost\/checkupdate\/wp-content\/uploads\/2018\/03\/fzqq7vcu8di-denys-nevozhai.png"},"background_size":"cover","padding":{"unit":"px","top":"100","right":"0","bottom":"70","left":"0","isLinked":false},"padding_mobile":{"unit":"px","top":"60","right":"20","bottom":"60","left":"20","isLinked":false},"padding_tablet":{"unit":"px","top":"80","right":"80","bottom":"80","left":"80","isLinked":false}},"elements":[{"id":"347b","settings":{"_column_size":100,"_inline_size":null},"elements":[{"id":"2c75","settings":{"icon":"fa fa-quote-left","primary_color":"#50e3c2","size":{"unit":"px","size":"40"}},"elements":[],"isInner":false,"widgetType":"icon","elType":"widget"},{"id":"440a","settings":{"testimonial_content":"I really loved the fact that all the insights I had missed in the previous year was delivered right on the spot in the various shows and by the professional speakers.","testimonial_image":{"id":599,"url":"http:\/\/localhost\/checkupdate\/wp-content\/uploads\/2018\/03\/pd471dqzeo-chuttersnap.png"},"testimonial_name":"Paul Dean","testimonial_job":"Job description","testimonial_image_position":"top","content_content_color":"#ffffff","content_typography_typography":"custom","content_typography_font_size":{"unit":"px","size":"20"},"content_typography_font_family":"Roboto","content_typography_font_weight":"300","content_typography_line_height":{"unit":"em","size":"1.6"},"image_size":{"unit":"px","size":"100"},"image_border_border":"solid","image_border_width":{"unit":"px","top":"5","right":"5","bottom":"5","left":"5","isLinked":true},"image_border_color":"rgba(255,255,255,0.91)","name_text_color":"#ffffff","name_typography_typography":"custom","name_typography_font_size":{"unit":"px","size":"25"},"name_typography_font_family":"Roboto","name_typography_font_weight":"500","job_text_color":"#50e3c2","job_typography_typography":"custom","job_typography_font_size":{"unit":"px","size":"20"},"job_typography_font_weight":"300","job_typography_line_height":{"unit":"em","size":"1.2"},"_padding":{"unit":"px","top":"20","right":"0","bottom":"20","left":"0","isLinked":false},"content_typography_font_size_tablet":{"unit":"px","size":"18"},"content_typography_font_size_mobile":{"unit":"px","size":"16"},"name_typography_font_size_tablet":{"unit":"px","size":"22"},"job_typography_font_size_tablet":{"unit":"px","size":"14"},"content_typography_line_height_mobile":{"unit":"em","size":"1.6"}},"elements":[],"isInner":false,"widgetType":"testimonial","elType":"widget"}],"isInner":false,"elType":"column"}],"isInner":false,"elType":"section"}]}