{"version":"0.4","title":"Snowboard Site \u2013 Homepage","type":"page","content":[{"id":"2146","settings":{"height":"min-height","custom_height":{"unit":"vh","size":85},"structure":"20","background_background":"classic","background_image":{"id":1089,"url":"http:\/\/localhost\/checkupdate\/wp-content\/uploads\/2018\/03\/BG24.png"},"background_position":"bottom center","background_size":"cover","background_overlay_color":"rgba(0,0,0,0)","background_overlay_color_b":"#ffffff","background_overlay_gradient_angle":{"unit":"deg","size":130},"background_overlay_opacity":{"unit":"px","size":1},"shape_divider_bottom_color":"#151515","shape_divider_bottom_width":{"unit":"%","size":164},"shape_divider_bottom_height":{"unit":"px","size":24},"shape_divider_bottom_negative":"yes","custom_height_mobile":{"unit":"vh","size":100},"margin_mobile":{"unit":"px","top":"0","right":0,"bottom":"0","left":0,"isLinked":true},"padding_mobile":{"unit":"px","top":"0","right":"0","bottom":"0","left":"0","isLinked":true},"background_overlay_color_stop":{"unit":"%","size":67}},"elements":[{"id":"17a5","settings":{"_column_size":50,"_inline_size":38.75,"margin_mobile":{"unit":"px","top":"0","right":"0","bottom":"0","left":"0","isLinked":false},"padding_mobile":{"unit":"px","top":"0","right":"0","bottom":"0","left":"0","isLinked":false}},"elements":[],"isInner":false,"elType":"column"},{"id":"921","settings":{"_column_size":50,"_inline_size":68.346,"padding":{"unit":"px","top":"0","right":"0","bottom":"0","left":"50","isLinked":false},"margin_mobile":{"unit":"px","top":"0","right":"0","bottom":"100","left":"0","isLinked":false},"padding_mobile":{"unit":"px","top":"40","right":"0","bottom":"0","left":"0","isLinked":false},"_inline_size_tablet":100},"elements":[{"id":"77a","settings":{"title":"wipeOUT<span3><\/span3>","title_color":"#000000","typography_typography":"custom","typography_font_size":{"unit":"px","size":148},"typography_font_family":"Catamaran","typography_font_weight":"900","typography_letter_spacing":{"unit":"px","size":-5.5},"_margin":{"unit":"px","top":"330","right":"0","bottom":"0","left":"0","isLinked":false},"align":"left","_padding":{"unit":"px","top":"200","right":"0","bottom":"0","left":"0","isLinked":false},"_z_index":0,"_background_background":"classic","_background_color":"rgba(255,255,255,0)","typography_font_style":"italic","align_mobile":"center","typography_font_size_mobile":{"unit":"px","size":63},"_margin_mobile":{"unit":"px","top":"130","right":"0","bottom":"0","left":"0","isLinked":false},"_padding_mobile":{"unit":"px","top":"100","right":"0","bottom":"0","left":"0","isLinked":false},"align_tablet":"center","typography_font_size_tablet":{"unit":"px","size":123},"_margin_tablet":{"unit":"px","top":"120","right":"0","bottom":"0","left":"0","isLinked":false}},"elements":[],"isInner":false,"widgetType":"heading","elType":"widget"},{"id":"b2b","settings":{"image":{"id":1088,"url":"http:\/\/localhost\/checkupdate\/wp-content\/uploads\/2018\/03\/Snow.png"},"image_size":"full","align":"right","_margin":{"unit":"px","top":"-310","right":"0","bottom":"0","left":"0","isLinked":false},"opacity":{"unit":"px","size":0.86},"align_mobile":"center","_margin_mobile":{"unit":"px","top":"-130","right":"0","bottom":"0","left":"0","isLinked":false},"_padding_mobile":{"unit":"px","top":"0","right":"0","bottom":"0","left":"0","isLinked":false},"_margin_tablet":{"unit":"px","top":"-270","right":"0","bottom":"0","left":"0","isLinked":false}},"elements":[],"isInner":false,"widgetType":"image","elType":"widget"},{"id":"b88","settings":{"title":"Noise around us has become a bit of a mantra around here. So for 018 we\u2019ve again applied what we\u2019ve learnt in the past to push the needle forward in our own unique way!","align":"left","title_color":"#000000","typography_typography":"custom","typography_font_size":{"unit":"px","size":17},"typography_font_family":"Catamaran","typography_font_weight":"300","typography_line_height":{"unit":"em","size":1.7},"typography_letter_spacing":{"unit":"px","size":0.5},"text_shadow_text_shadow":{"horizontal":1,"vertical":0,"blur":0,"color":"#ffffff"},"_margin":{"unit":"px","top":"40","right":"0","bottom":"80","left":"0","isLinked":false},"_padding":{"unit":"px","top":"0","right":"240","bottom":"0","left":"25","isLinked":false},"_background_background":"gradient","_background_color":"rgba(255,255,255,0.81)","_background_color_stop":{"unit":"%","size":37},"_background_color_b":"rgba(242,242,242,0)","_background_color_b_stop":{"unit":"%","size":67},"_background_gradient_type":"radial","_border_border":"solid","_border_width":{"unit":"px","top":"0","right":"0","bottom":"0","left":"4","isLinked":false},"_border_color":"#db1529","_border_radius":{"unit":"px","top":"0","right":"0","bottom":"0","left":"0","isLinked":false},"typography_font_size_mobile":{"unit":"px","size":16},"_margin_mobile":{"unit":"px","top":"150","right":"20","bottom":"0","left":"20","isLinked":false},"_padding_mobile":{"unit":"px","top":"0","right":"15","bottom":"0","left":"15","isLinked":false},"align_mobile":"left","align_tablet":"left","_margin_tablet":{"unit":"px","top":"0","right":"0","bottom":"80","left":"130","isLinked":false},"header_size":"p"},"elements":[],"isInner":false,"widgetType":"heading","elType":"widget"}],"isInner":false,"elType":"column"}],"isInner":false,"elType":"section"},{"id":"34a3","settings":{"height":"min-height","custom_height":{"unit":"px","size":670},"background_background":"classic","background_color":"#151515","margin":{"unit":"px","top":"1","right":0,"bottom":"0","left":0,"isLinked":false},"padding":{"unit":"px","top":"0","right":"0","bottom":"108","left":"0","isLinked":false},"background_overlay_background":"classic","background_overlay_image":{"id":1088,"url":"http:\/\/localhost\/checkupdate\/wp-content\/uploads\/2018\/03\/Snow.png"},"background_overlay_size":"cover","background_overlay_opacity":{"unit":"px","size":0.28},"background_color_b":"#1e1e1e","margin_mobile":{"unit":"px","top":"0","right":0,"bottom":"0","left":0,"isLinked":false},"padding_mobile":{"unit":"px","top":"0","right":"0","bottom":"50","left":"0","isLinked":false}},"elements":[{"id":"bd2","settings":{"_column_size":100,"margin_mobile":{"unit":"px","top":"0","right":"0","bottom":"0","left":"0","isLinked":true},"padding_mobile":{"unit":"px","top":"0","right":"0","bottom":"0","left":"0","isLinked":true},"padding_tablet":{"unit":"px","top":"0","right":"0","bottom":"0","left":"0","isLinked":true}},"elements":[{"id":"2f07","settings":{"title":"featured <span1 style=color:#4b6f93;>resorts<\/span1>","typography_typography":"custom","typography_font_size":{"unit":"px","size":54},"typography_font_family":"Catamaran","typography_font_weight":"900","typography_text_transform":"uppercase","typography_font_style":"italic","typography_letter_spacing":{"unit":"px","size":-2.5},"align":"center","title_color":"#f9f6ed","_margin":{"unit":"px","top":"140","right":"0","bottom":"0","left":"0","isLinked":false},"typography_font_size_mobile":{"unit":"px","size":34},"_margin_mobile":{"unit":"px","top":"60","right":"0","bottom":"0","left":"0","isLinked":false},"_padding_mobile":{"unit":"px","top":"0","right":"0","bottom":"0","left":"0","isLinked":true},"typography_font_size_tablet":{"unit":"px","size":44},"_margin_tablet":{"unit":"px","top":"100","right":"0","bottom":"0","left":"0","isLinked":false},"header_size":"h3"},"elements":[],"isInner":false,"widgetType":"heading","elType":"widget"},{"id":"5834","settings":{"title":"Serving up tips, tricks, guides and inspiration for your next outdoor adventure - we've got you covered.\n","align":"center","title_color":"#ffffff","typography_typography":"custom","typography_font_size":{"unit":"px","size":17},"typography_font_family":"Catamaran","typography_font_weight":"300","typography_line_height":{"unit":"em","size":1.7},"typography_letter_spacing":{"unit":"px","size":0.5},"text_shadow_text_shadow":{"horizontal":1,"vertical":0,"blur":0,"color":"#ffffff"},"_margin":{"unit":"px","top":"30","right":"0","bottom":"0","left":"0","isLinked":false},"_padding":{"unit":"px","top":"0","right":"180","bottom":"0","left":"180","isLinked":false},"_background_color":"rgba(255,255,255,0.81)","_background_color_stop":{"unit":"%","size":37},"_background_color_b":"rgba(242,242,242,0)","_background_color_b_stop":{"unit":"%","size":67},"_background_gradient_type":"radial","typography_font_size_mobile":{"unit":"px","size":16},"typography_line_height_mobile":{"unit":"px","size":22},"_margin_mobile":{"unit":"px","top":"0","right":"0","bottom":"0","left":"0","isLinked":true},"_padding_mobile":{"unit":"px","top":"0","right":"20","bottom":"0","left":"20","isLinked":false},"header_size":"p"},"elements":[],"isInner":false,"widgetType":"heading","elType":"widget"},{"id":"165d","settings":{"slides":[{"image":{"id":1092,"url":"http:\/\/localhost\/checkupdate\/wp-content\/uploads\/2018\/03\/johannes-waibel-4298.png"},"_id":"0h84y07","type":"image","image_link_to_type":"file","image_link_to":{"url":"","is_external":"","nofollow":""},"video":{"url":"","is_external":"","nofollow":""}},{"image":{"id":1093,"url":"http:\/\/localhost\/checkupdate\/wp-content\/uploads\/2018\/03\/lukas-neasi-65748.png"},"_id":"7et6fjl","type":"image","image_link_to_type":"file","image_link_to":{"url":"","is_external":"","nofollow":""},"video":{"url":"","is_external":"","nofollow":""}},{"image":{"id":1094,"url":"http:\/\/localhost\/checkupdate\/wp-content\/uploads\/2018\/03\/markos-mant-228858.png"},"_id":"wiglfsd","type":"image","image_link_to_type":"file","image_link_to":{"url":"","is_external":"","nofollow":""},"video":{"url":"","is_external":"","nofollow":""}},{"image":{"id":1095,"url":"http:\/\/localhost\/checkupdate\/wp-content\/uploads\/2018\/03\/mattias-olsson-160612.png"},"_id":"so3n2jg","type":"image","image_link_to_type":"file","image_link_to":{"url":"","is_external":"","nofollow":""},"video":{"url":"","is_external":"","nofollow":""}},{"image":{"id":1096,"url":"http:\/\/localhost\/checkupdate\/wp-content\/uploads\/2018\/03\/tomas-kodydek-7492.png"},"_id":"a2t5cnv","type":"image","image_link_to_type":"file","image_link_to":{"url":"","is_external":"","nofollow":""},"video":{"url":"","is_external":"","nofollow":""}}],"slides_per_view":"3","height":{"unit":"px","size":453},"width":{"unit":"%","size":90},"overlay":"icon","space_between":{"unit":"px","size":46},"slide_background_color":"#c6c6c6","slide_border_radius":{"unit":"px","size":5},"arrows_size":{"unit":"px","size":27},"arrows_color":"#db1529","pagination_size":{"unit":"px","size":7},"pagination_color":"#db1529","_margin":{"unit":"px","top":"80","right":"0","bottom":"0","left":"0","isLinked":false},"_padding":{"unit":"px","top":"20","right":"0","bottom":"0","left":"0","isLinked":false},"overlay_background_color":"rgba(255,255,255,0.82)","overlay_color":"#db1529","caption_typography_typography":"custom","caption_typography_font_size":{"unit":"px","size":24},"caption_typography_font_family":"Catamaran","caption_typography_font_weight":"500","caption_typography_letter_spacing":{"unit":"px","size":0.4},"_box_shadow_box_shadow":{"horizontal":0,"vertical":0,"blur":0,"spread":0,"color":"rgba(0,0,0,0.5)"},"space_between_mobile":{"unit":"px","size":16},"caption_typography_font_size_mobile":{"unit":"px","size":22},"_margin_mobile":{"unit":"px","top":"30","right":"0","bottom":"0","left":"0","isLinked":false},"height_mobile":{"unit":"px","size":405},"width_mobile":{"unit":"px","size":267},"slides_per_view_tablet":"2","width_tablet":{"unit":"px","size":668},"space_between_tablet":{"unit":"px","size":30},"_padding_tablet":{"unit":"px","top":"0","right":"0","bottom":"0","left":"0","isLinked":true}},"elements":[],"isInner":false,"widgetType":"media-carousel","elType":"widget"}],"isInner":false,"elType":"column"}],"isInner":false,"elType":"section"},{"id":"432a","settings":{"height":"min-height","custom_height":{"unit":"px","size":607},"structure":"20","margin":{"unit":"px","top":"","right":0,"bottom":"","left":0,"isLinked":true},"padding":{"unit":"px","top":"130","right":"0","bottom":"130","left":"0","isLinked":false},"background_background":"classic","background_image":{"id":1097,"url":"http:\/\/localhost\/checkupdate\/wp-content\/uploads\/2018\/03\/4-7.png"},"background_position":"bottom right","background_size":"cover","background_overlay_color":"#ffffff","background_overlay_color_stop":{"unit":"%","size":66},"background_overlay_color_b":"#ffffff","background_overlay_gradient_type":"radial","background_overlay_opacity":{"unit":"px","size":0.13},"margin_mobile":{"unit":"px","top":"0","right":0,"bottom":"0","left":0,"isLinked":false},"padding_mobile":{"unit":"px","top":"0","right":"0","bottom":"0","left":"0","isLinked":false},"reverse_order_mobile":"reverse-mobile","custom_height_tablet":{"unit":"px","size":281},"margin_tablet":{"unit":"px","top":"","right":0,"bottom":"","left":0,"isLinked":true},"padding_tablet":{"unit":"px","top":"40","right":"0","bottom":"40","left":"0","isLinked":false}},"elements":[{"id":"79cc","settings":{"_column_size":50,"_inline_size":51.667,"margin_mobile":{"unit":"px","top":"0","right":0,"bottom":"40","left":0,"isLinked":false},"margin_tablet":{"unit":"px","top":"00","right":"0","bottom":"0","left":"0","isLinked":false},"padding_tablet":{"unit":"px","top":"40","right":"40","bottom":"40","left":"40","isLinked":true}},"elements":[{"id":"43a0","settings":{"title":"Secret Season","title_color":"#db1529","typography_typography":"custom","typography_font_size":{"unit":"px","size":21},"typography_font_family":"Catamaran","typography_font_weight":"400","typography_text_transform":"capitalize","typography_letter_spacing":{"unit":"px","size":0.4},"_margin":{"unit":"px","top":"0","right":"0","bottom":"0","left":"0","isLinked":false},"align_mobile":"center","typography_font_size_mobile":{"unit":"px","size":18},"_margin_mobile":{"unit":"px","top":"400","right":"0","bottom":"0","left":"0","isLinked":false},"_padding_mobile":{"unit":"px","top":"0","right":"0","bottom":"0","left":"0","isLinked":false},"header_size":"h4"},"elements":[],"isInner":false,"widgetType":"heading","elType":"widget"},{"id":"3b59","settings":{"title":"Outdoor <span1 style=color:#4b6f93;>skiing<\/span1> lodge !","typography_typography":"custom","typography_font_size":{"unit":"px","size":57},"typography_font_family":"Catamaran","typography_font_weight":"900","typography_text_transform":"uppercase","typography_font_style":"italic","typography_letter_spacing":{"unit":"px","size":-2.5},"title_color":"#151515","_margin":{"unit":"px","top":"-10","right":"0","bottom":"0","left":"0","isLinked":false},"align_mobile":"center","typography_font_size_mobile":{"unit":"px","size":34},"typography_font_size_tablet":{"unit":"px","size":44},"header_size":"h3","align":"left"},"elements":[],"isInner":false,"widgetType":"heading","elType":"widget"},{"id":"131e","settings":{"title":"Insiders know that spring is the best time to bring your family to Snow Mountain. With unlimited sunshine, great snow conditions, and plenty of family-friendly activities to enjoy at both base areas, spring is the best-kept secret of the season. But hurry...with deals this good they won't stay a secret for long!","align":"left","title_color":"#000000","typography_typography":"custom","typography_font_size":{"unit":"px","size":17},"typography_font_family":"Catamaran","typography_font_weight":"300","typography_line_height":{"unit":"em","size":1.7},"typography_letter_spacing":{"unit":"px","size":0.6},"text_shadow_text_shadow":{"horizontal":1,"vertical":0,"blur":0,"color":"#ffffff"},"_margin":{"unit":"px","top":"40","right":"0","bottom":"0","left":"0","isLinked":false},"_padding":{"unit":"px","top":"0","right":"0","bottom":"0","left":"0","isLinked":false},"_background_color":"rgba(255,255,255,0.81)","_background_color_stop":{"unit":"%","size":37},"_background_color_b":"rgba(242,242,242,0)","_background_color_b_stop":{"unit":"%","size":67},"_background_gradient_type":"radial","align_mobile":"center","typography_font_size_mobile":{"unit":"px","size":16},"_margin_mobile":{"unit":"px","top":"1","right":"1","bottom":"1","left":"1","isLinked":true},"header_size":"p"},"elements":[],"isInner":false,"widgetType":"heading","elType":"widget"},{"id":"77ff","settings":{"text":"read more","align":"left","typography_typography":"custom","typography_font_size":{"unit":"px","size":18},"typography_font_family":"Catamaran","typography_font_weight":"600","typography_text_transform":"uppercase","typography_font_style":"italic","typography_letter_spacing":{"unit":"px","size":0},"background_color":"#db1529","hover_animation":"grow","border_radius":{"unit":"px","top":"4","right":"4","bottom":"4","left":"4","isLinked":true},"text_padding":{"unit":"px","top":"18","right":"45","bottom":"18","left":"45","isLinked":false},"_margin":{"unit":"px","top":"40","right":"0","bottom":"0","left":"0","isLinked":false},"align_mobile":"center"},"elements":[],"isInner":false,"widgetType":"button","elType":"widget"}],"isInner":false,"elType":"column"},{"id":"3415","settings":{"_column_size":50,"_inline_size":40.25},"elements":[],"isInner":false,"elType":"column"}],"isInner":false,"elType":"section"},{"id":"d82","settings":{"structure":"20","background_background":"classic","background_color":"#151515","padding":{"unit":"px","top":"130","right":"0","bottom":"0","left":"0","isLinked":false},"padding_mobile":{"unit":"px","top":"0","right":"0","bottom":"0","left":"0","isLinked":false},"padding_tablet":{"unit":"px","top":"40","right":"40","bottom":"40","left":"40","isLinked":false}},"elements":[{"id":"66b8","settings":{"_column_size":50,"_inline_size":29.583,"content_position":"center","border_border":"solid","border_width":{"unit":"px","top":"0","right":"0","bottom":"0","left":"0","isLinked":false},"border_color":"#db1529"},"elements":[{"id":"151b","settings":{"testimonial_content":"","testimonial_image":{"id":1099,"url":"http:\/\/localhost\/checkupdate\/wp-content\/uploads\/2018\/03\/profile2.png"},"testimonial_name":"DOMINIC VERDANA","testimonial_job":"owner","testimonial_image_position":"top","content_typography_typography":"custom","content_typography_font_family":"Catamaran","image_size":{"unit":"px","size":124},"name_text_color":"#ffffff","name_typography_typography":"custom","name_typography_font_size":{"unit":"px","size":19},"name_typography_font_family":"Catamaran","name_typography_font_weight":"600","name_typography_text_transform":"uppercase","name_typography_letter_spacing":{"unit":"px","size":0},"job_text_color":"#898989","job_typography_typography":"custom","job_typography_font_size":{"unit":"px","size":15},"job_typography_font_family":"Catamaran","job_typography_font_weight":"200","job_typography_text_transform":"uppercase","job_typography_line_height":{"unit":"em","size":0.8},"job_typography_letter_spacing":{"unit":"px","size":0.4},"_padding":{"unit":"px","top":"0","right":"0","bottom":"0","left":"0","isLinked":true},"_margin":{"unit":"px","top":"40","right":"0","bottom":"40","left":"0","isLinked":false}},"elements":[],"isInner":false,"widgetType":"testimonial","elType":"widget"}],"isInner":false,"elType":"column"},{"id":"50cd","settings":{"_column_size":50,"_inline_size":70.417,"content_position":"center","border_width":{"unit":"px","top":"0","right":"0","bottom":"0","left":"3","isLinked":false},"border_color":"#db1529","border_radius":{"unit":"px","top":"0","right":"0","bottom":"0","left":"0","isLinked":false},"margin":{"unit":"px","top":"0","right":"0","bottom":"0","left":"0","isLinked":false},"padding":{"unit":"px","top":"0","right":"00","bottom":"0","left":"0","isLinked":false},"margin_mobile":{"unit":"px","top":"0","right":"20","bottom":"0","left":"20","isLinked":false},"padding_mobile":{"unit":"px","top":"0","right":"0","bottom":"0","left":"0","isLinked":false}},"elements":[{"id":"3664","settings":{"border_border":"solid","border_width":{"unit":"px","top":"0","right":"0","bottom":"0","left":"3","isLinked":false},"border_color":"#db1529","padding":{"unit":"px","top":"0","right":"120","bottom":"0","left":"20","isLinked":false},"margin_mobile":{"unit":"px","top":"0","right":0,"bottom":"0","left":0,"isLinked":true},"padding_mobile":{"unit":"px","top":"0","right":"0","bottom":"0","left":"0","isLinked":true},"padding_tablet":{"unit":"px","top":"0","right":"0","bottom":"0","left":"15","isLinked":false}},"elements":[{"id":"67f7","settings":{"_column_size":100,"_inline_size":null,"padding_mobile":{"unit":"px","top":"0","right":"15","bottom":"0","left":"15","isLinked":false}},"elements":[{"id":"7c91","settings":{"title":"about <span1 style=color:#4b6f93;>us<\/span1>","typography_typography":"custom","typography_font_size":{"unit":"px","size":54},"typography_font_family":"Catamaran","typography_font_weight":"900","typography_text_transform":"uppercase","typography_font_style":"italic","typography_letter_spacing":{"unit":"px","size":-2.5},"title_color":"#ffffff","_margin":{"unit":"px","top":"-14","right":"0","bottom":"0","left":"0","isLinked":false},"custom_css":"span1{\n    color:#4b6f93;\n}","align":"left","align_mobile":"center","typography_font_size_mobile":{"unit":"px","size":34},"_margin_mobile":{"unit":"px","top":"0","right":"0","bottom":"0","left":"0","isLinked":false},"_padding_mobile":{"unit":"px","top":"0","right":"0","bottom":"0","left":"0","isLinked":false},"typography_font_size_tablet":{"unit":"px","size":44},"header_size":"h3"},"elements":[],"isInner":false,"widgetType":"heading","elType":"widget"},{"id":"67f6","settings":{"title":"Insiders know that spring is the best time to bring your family to Snow Mountain. With unlimited sunshine, great snow conditions, and plenty of family-friendly activities to enjoy at both base areas, spring is the best-kept secret of the season. But hurry...with deals this good they won't stay a secret for long!","align":"left","title_color":"#ffffff","typography_typography":"custom","typography_font_size":{"unit":"px","size":17},"typography_font_family":"Catamaran","typography_font_weight":"300","typography_line_height":{"unit":"em","size":1.7},"typography_letter_spacing":{"unit":"px","size":0.5},"text_shadow_text_shadow":{"horizontal":1,"vertical":0,"blur":0,"color":"#ffffff"},"_margin":{"unit":"px","top":"0","right":"0","bottom":"0","left":"0","isLinked":false},"_padding":{"unit":"px","top":"0","right":"0","bottom":"0","left":"0","isLinked":false},"_background_color":"rgba(255,255,255,0.81)","_background_color_stop":{"unit":"%","size":37},"_background_color_b":"rgba(242,242,242,0)","_background_color_b_stop":{"unit":"%","size":67},"_background_gradient_type":"radial","align_mobile":"center","typography_font_size_mobile":{"unit":"px","size":16},"_margin_mobile":{"unit":"px","top":"0","right":"0","bottom":"0","left":"0","isLinked":true},"_padding_mobile":{"unit":"px","top":"0","right":"0","bottom":"0","left":"0","isLinked":true},"header_size":"p"},"elements":[],"isInner":false,"widgetType":"heading","elType":"widget"}],"isInner":true,"elType":"column"}],"isInner":true,"elType":"section"}],"isInner":false,"elType":"column"}],"isInner":false,"elType":"section"},{"id":"7b0b","settings":{"height":"min-height","custom_height":{"unit":"px","size":""},"structure":"40","background_background":"classic","background_overlay_background":"classic","background_overlay_position":"center center","background_overlay_opacity":{"unit":"px","size":0.05},"background_color":"#151515","padding":{"unit":"px","top":"100","right":"0","bottom":"130","left":"0","isLinked":false},"margin_mobile":{"unit":"px","top":"0","right":0,"bottom":"0","left":0,"isLinked":false},"padding_mobile":{"unit":"px","top":"20","right":"0","bottom":"40","left":"0","isLinked":false},"padding_tablet":{"unit":"px","top":"30","right":"020","bottom":"80","left":"30","isLinked":false}},"elements":[{"id":"54d0","settings":{"_column_size":25,"_inline_size":null,"_inline_size_mobile":50,"_inline_size_tablet":25,"margin_tablet":{"unit":"px","top":"0","right":"0","bottom":"0","left":"0","isLinked":true},"padding_tablet":{"unit":"px","top":"10","right":"10","bottom":"10","left":"10","isLinked":true}},"elements":[{"id":"c93","settings":{"icon":"fa fa-globe","title_text":"985","description_text":"CLUB MEMBERS","position":"left","primary_color":"#db1529","icon_space":{"unit":"px","size":14},"icon_size":{"unit":"px","size":45},"hover_animation":"grow","content_vertical_alignment":"middle","title_bottom_space":{"unit":"px","size":6},"title_color":"#ffffff","title_typography_typography":"custom","title_typography_font_size":{"unit":"px","size":40},"title_typography_font_family":"Catamaran","title_typography_font_weight":"100","title_typography_line_height":{"unit":"em","size":0.8},"description_color":"#4b6f93","description_typography_typography":"custom","description_typography_font_size":{"unit":"px","size":13},"description_typography_font_family":"Catamaran","description_typography_font_weight":"500","_padding":{"unit":"px","top":"0","right":"0","bottom":"0","left":"0","isLinked":false},"title_typography_font_style":"normal","description_typography_font_style":"normal","description_typography_letter_spacing":{"unit":"px","size":0.5},"_padding_mobile":{"unit":"px","top":"20","right":"0","bottom":"20","left":"0","isLinked":false},"title_typography_font_size_mobile":{"unit":"px","size":34},"text_align_tablet":"left","text_align_mobile":"center","icon_space_tablet":{"unit":"px","size":8},"icon_size_tablet":{"unit":"px","size":30},"title_typography_font_size_tablet":{"unit":"px","size":30},"description_typography_font_size_tablet":{"unit":"px","size":13}},"elements":[],"isInner":false,"widgetType":"icon-box","elType":"widget"}],"isInner":false,"elType":"column"},{"id":"7fce","settings":{"_column_size":25,"_inline_size":null,"_inline_size_mobile":50,"_inline_size_tablet":25,"margin_tablet":{"unit":"px","top":"0","right":"0","bottom":"0","left":"0","isLinked":true},"padding_tablet":{"unit":"px","top":"10","right":"10","bottom":"10","left":"10","isLinked":true}},"elements":[{"id":"2cc9","settings":{"icon":"fa fa-snowflake-o","title_text":"40","description_text":"KM TRACKS","position":"left","primary_color":"#db1529","icon_space":{"unit":"px","size":14},"icon_size":{"unit":"px","size":45},"hover_animation":"grow","content_vertical_alignment":"middle","title_bottom_space":{"unit":"px","size":6},"title_color":"#ffffff","title_typography_typography":"custom","title_typography_font_size":{"unit":"px","size":40},"title_typography_font_family":"Catamaran","title_typography_font_weight":"100","title_typography_line_height":{"unit":"em","size":0.8},"description_color":"#4b6f93","description_typography_typography":"custom","description_typography_font_size":{"unit":"px","size":13},"description_typography_font_family":"Catamaran","description_typography_font_weight":"500","_padding":{"unit":"px","top":"0","right":"0","bottom":"0","left":"0","isLinked":false},"title_typography_font_style":"normal","description_typography_font_style":"normal","description_typography_letter_spacing":{"unit":"px","size":0.5},"_margin":{"unit":"px","top":"0","right":"0","bottom":"0","left":"0","isLinked":false},"_padding_mobile":{"unit":"px","top":"20","right":"0","bottom":"20","left":"0","isLinked":false},"title_typography_font_size_mobile":{"unit":"px","size":34},"icon_space_tablet":{"unit":"px","size":8},"icon_size_tablet":{"unit":"px","size":30},"text_align_tablet":"left","title_typography_font_size_tablet":{"unit":"px","size":30},"description_typography_font_size_tablet":{"unit":"px","size":13},"text_align_mobile":"center"},"elements":[],"isInner":false,"widgetType":"icon-box","elType":"widget"}],"isInner":false,"elType":"column"},{"id":"6dfc","settings":{"_column_size":25,"_inline_size":null,"_inline_size_mobile":50,"_inline_size_tablet":25,"margin_tablet":{"unit":"px","top":"0","right":"0","bottom":"0","left":"0","isLinked":false},"padding_tablet":{"unit":"px","top":"10","right":"10","bottom":"10","left":"10","isLinked":true}},"elements":[{"id":"5eef","settings":{"icon":"fa fa-street-view","title_text":"125","description_text":"INSTRUCTORS","position":"left","primary_color":"#db1529","icon_space":{"unit":"px","size":14},"icon_size":{"unit":"px","size":45},"hover_animation":"grow","content_vertical_alignment":"middle","title_bottom_space":{"unit":"px","size":6},"title_color":"#ffffff","title_typography_typography":"custom","title_typography_font_size":{"unit":"px","size":40},"title_typography_font_family":"Catamaran","title_typography_font_weight":"100","title_typography_line_height":{"unit":"em","size":0.8},"description_color":"#4b6f93","description_typography_typography":"custom","description_typography_font_size":{"unit":"px","size":13},"description_typography_font_family":"Catamaran","description_typography_font_weight":"500","_padding":{"unit":"px","top":"0","right":"0","bottom":"0","left":"0","isLinked":false},"title_typography_font_style":"normal","description_typography_font_style":"normal","description_typography_letter_spacing":{"unit":"px","size":0.5},"_padding_mobile":{"unit":"px","top":"20","right":"0","bottom":"20","left":"0","isLinked":false},"title_typography_font_size_mobile":{"unit":"px","size":34},"_margin_tablet":{"unit":"px","top":"0","right":"0","bottom":"0","left":"0","isLinked":false},"icon_space_tablet":{"unit":"px","size":8},"icon_size_tablet":{"unit":"px","size":30},"text_align_tablet":"left","title_typography_font_size_tablet":{"unit":"px","size":30},"description_typography_font_size_tablet":{"unit":"px","size":13},"text_align_mobile":"center"},"elements":[],"isInner":false,"widgetType":"icon-box","elType":"widget"}],"isInner":false,"elType":"column"},{"id":"4ada","settings":{"_column_size":25,"_inline_size":null,"_inline_size_mobile":50,"_inline_size_tablet":25,"margin_tablet":{"unit":"px","top":"0","right":"0","bottom":"0","left":"0","isLinked":false},"padding_tablet":{"unit":"px","top":"10","right":"10","bottom":"10","left":"10","isLinked":true}},"elements":[{"id":"4c85","settings":{"icon":"fa fa-thermometer-0","title_text":"30","description_text":"below Celsius","position":"left","primary_color":"#db1529","icon_space":{"unit":"px","size":14},"icon_size":{"unit":"px","size":45},"hover_animation":"grow","content_vertical_alignment":"middle","title_bottom_space":{"unit":"px","size":6},"title_color":"#ffffff","title_typography_typography":"custom","title_typography_font_size":{"unit":"px","size":40},"title_typography_font_family":"Catamaran","title_typography_font_weight":"100","title_typography_line_height":{"unit":"em","size":0.8},"description_color":"#4b6f93","description_typography_typography":"custom","description_typography_font_size":{"unit":"px","size":13},"description_typography_font_family":"Catamaran","description_typography_font_weight":"500","_padding":{"unit":"px","top":"0","right":"0","bottom":"0","left":"0","isLinked":false},"title_typography_font_style":"normal","description_typography_text_transform":"uppercase","description_typography_font_style":"normal","description_typography_letter_spacing":{"unit":"px","size":0.5},"_margin":{"unit":"px","top":"0","right":"0","bottom":"0","left":"0","isLinked":false},"_padding_mobile":{"unit":"px","top":"20","right":"0","bottom":"20","left":"0","isLinked":false},"title_typography_font_size_mobile":{"unit":"px","size":34},"_margin_tablet":{"unit":"px","top":"0","right":"0","bottom":"0","left":"0","isLinked":false},"icon_space_tablet":{"unit":"px","size":8},"icon_size_tablet":{"unit":"px","size":30},"text_align_tablet":"left","title_typography_font_size_tablet":{"unit":"px","size":30},"description_typography_font_size_tablet":{"unit":"px","size":13},"text_align_mobile":"center"},"elements":[],"isInner":false,"widgetType":"icon-box","elType":"widget"}],"isInner":false,"elType":"column"}],"isInner":false,"elType":"section"},{"id":"3aa6","settings":{"height":"min-height","custom_height":{"unit":"px","size":300},"background_background":"classic","background_image":{"id":1100,"url":"http:\/\/localhost\/checkupdate\/wp-content\/uploads\/2018\/03\/divider-1.png"},"background_attachment":"fixed","background_repeat":"no-repeat","background_size":"cover","background_overlay_color":"rgba(0,0,0,0)","background_overlay_color_stop":{"unit":"%","size":54},"background_overlay_color_b":"rgba(255,255,255,0.54)","background_overlay_gradient_type":"radial","background_overlay_opacity":{"unit":"px","size":1},"background_position":"top center","hide_mobile":"hidden-phone","custom_height_mobile":{"unit":"px","size":124},"custom_height_tablet":{"unit":"px","size":216}},"elements":[{"id":"2c01","settings":{"_column_size":100},"elements":[{"id":"6de8","settings":[],"elements":[],"isInner":false,"widgetType":"spacer","elType":"widget"}],"isInner":false,"elType":"column"}],"isInner":false,"elType":"section"},{"id":"5b32","settings":{"padding":{"unit":"px","top":"0","right":"0","bottom":"140","left":"0","isLinked":false},"background_background":"classic","background_image":{"id":1088,"url":"http:\/\/localhost\/checkupdate\/wp-content\/uploads\/2018\/03\/Snow.png"},"background_position":"center center","background_repeat":"no-repeat","background_size":"cover","margin_mobile":{"unit":"px","top":"0","right":0,"bottom":"0","left":0,"isLinked":true},"padding_mobile":{"unit":"px","top":"0","right":"0","bottom":"0","left":"0","isLinked":true},"margin":{"unit":"px","top":"0","right":0,"bottom":"0","left":0,"isLinked":false},"margin_tablet":{"unit":"px","top":"0","right":0,"bottom":"80","left":0,"isLinked":false},"padding_tablet":{"unit":"px","top":"0","right":"0","bottom":"0","left":"0","isLinked":true}},"elements":[{"id":"73d","settings":{"_column_size":100,"margin_mobile":{"unit":"px","top":"0","right":"0","bottom":"0","left":"0","isLinked":true},"padding_mobile":{"unit":"px","top":"0","right":"0","bottom":"0","left":"0","isLinked":true}},"elements":[{"id":"3ce7","settings":{"title":"Clients <span1 style=color:#4b6f93;>say<\/span1>","typography_typography":"custom","typography_font_size":{"unit":"px","size":57},"typography_font_family":"Catamaran","typography_font_weight":"900","typography_text_transform":"uppercase","typography_font_style":"italic","typography_letter_spacing":{"unit":"px","size":-2.5},"title_color":"#151515","_margin":{"unit":"px","top":"140","right":"0","bottom":"0","left":"0","isLinked":false},"custom_css":"span1{\n    color:#4b6f93;\n}","align":"center","typography_font_size_mobile":{"unit":"px","size":34},"_margin_mobile":{"unit":"px","top":"60","right":"0","bottom":"0","left":"0","isLinked":false},"_padding_mobile":{"unit":"px","top":"0","right":"0","bottom":"0","left":"0","isLinked":true},"header_size":"h3","typography_font_size_tablet":{"unit":"px","size":44},"_margin_tablet":{"unit":"px","top":"80","right":"0","bottom":"0","left":"0","isLinked":false}},"elements":[],"isInner":false,"widgetType":"heading","elType":"widget"},{"id":"94","settings":{"slides":[{"content":"I now know why it\u2019s the leader of the pack in the pow board revolution.","name":"JEREMY SLADEN","title":"Bergen, Norway","image":{"id":1102,"url":"http:\/\/localhost\/checkupdate\/wp-content\/uploads\/2018\/03\/1a.png"},"_id":"hlpp19l"},{"content":"When a community comes together and stands behind the individuals who shape our sport.","name":"STEVE HARRIS","title":"Squamish, BC","image":{"id":1104,"url":"http:\/\/localhost\/checkupdate\/wp-content\/uploads\/2018\/03\/1c.png"},"_id":"bhwyja5"},{"content":"Nothing short of inspirational. We love you guys, we are snowboarding.","name":"silvia snow","title":"Seattle, WA","image":{"id":1106,"url":"http:\/\/localhost\/checkupdate\/wp-content\/uploads\/2018\/03\/1b.png"},"_id":"vvr5bev"}],"layout":"image_above","slides_per_view":"1","width":{"unit":"%","size":55},"arrows_size":{"unit":"px","size":38},"content_gap":{"unit":"px","size":21},"content_color":"#000000","content_typography_typography":"custom","content_typography_font_size":{"unit":"px","size":18},"content_typography_font_family":"Catamaran","content_typography_font_weight":"400","content_typography_text_transform":"none","content_typography_font_style":"italic","content_typography_line_height":{"unit":"em","size":1.5},"content_typography_letter_spacing":{"unit":"px","size":0.5},"name_color":"#191919","name_typography_typography":"custom","name_typography_font_size":{"unit":"px","size":18},"name_typography_font_family":"Catamaran","name_typography_font_weight":"900","name_typography_text_transform":"uppercase","name_typography_font_style":"normal","name_typography_line_height":{"unit":"em","size":0.4},"name_typography_letter_spacing":{"unit":"px","size":0.4},"title_color":"#db1529","title_typography_typography":"custom","title_typography_font_size":{"unit":"px","size":18},"title_typography_font_family":"Catamaran","title_typography_font_weight":"400","title_typography_text_transform":"capitalize","title_typography_font_style":"normal","title_typography_line_height":{"unit":"em","size":2.2},"title_typography_letter_spacing":{"unit":"px","size":0.5},"image_size":{"unit":"px","size":90},"image_gap":{"unit":"px","size":0},"image_border":"yes","image_border_color":"rgba(75,111,147,0.29)","image_border_width":{"unit":"px","size":4},"image_border_radius":{"unit":"px","size":100},"arrows_color":"#db1529","pagination_size":{"unit":"px","size":7},"pagination_color":"#db1529","_margin":{"unit":"px","top":"60","right":"0","bottom":"0","left":"0","isLinked":false},"width_mobile":{"unit":"px","size":327},"space_between_mobile":{"unit":"px","size":13},"content_gap_mobile":{"unit":"px","size":14},"content_typography_font_size_mobile":{"unit":"px","size":16},"name_typography_font_size_mobile":{"unit":"px","size":17},"title_typography_font_size_mobile":{"unit":"px","size":17},"_margin_mobile":{"unit":"px","top":"40","right":"0","bottom":"0","left":"0","isLinked":false},"_padding_mobile":{"unit":"px","top":"0","right":"0","bottom":"0","left":"0","isLinked":true}},"elements":[],"isInner":false,"widgetType":"testimonial-carousel","elType":"widget"}],"isInner":false,"elType":"column"}],"isInner":false,"elType":"section"},{"id":"60f5","settings":{"structure":"30","background_background":"classic","background_color":"#151515","padding":{"unit":"px","top":"100","right":"0","bottom":"100","left":"0","isLinked":false},"margin":{"unit":"px","top":"8","right":0,"bottom":"0","left":0,"isLinked":false},"background_overlay_background":"classic","background_color_b":"#151515","background_gradient_type":"radial","background_overlay_image":{"id":"1105","url":"http:\/\/localhost\/checkupdate\/wp-content\/uploads\/2018\/03\/8522.png"},"background_overlay_position":"center right","background_overlay_opacity":{"unit":"px","size":0.11},"margin_mobile":{"unit":"px","top":"40","right":0,"bottom":"0","left":0,"isLinked":false},"padding_mobile":{"unit":"px","top":"60","right":"0","bottom":"20","left":"0","isLinked":false},"gap":"no","background_overlay_repeat":"no-repeat","height":"min-height","custom_height":{"unit":"px","size":167}},"elements":[{"id":"1200","settings":{"_column_size":33,"_inline_size":49.75,"content_position":"center","_inline_size_tablet":100,"margin_tablet":{"unit":"px","top":"00","right":"80","bottom":"40","left":"80","isLinked":false},"margin_mobile":{"unit":"px","top":"0","right":"0","bottom":"0","left":"0","isLinked":true},"padding_mobile":{"unit":"px","top":"0","right":"0","bottom":"0","left":"0","isLinked":true}},"elements":[{"id":"4083","elType":"widget","settings":{"form_name":"New Form","form_fields":[{"_id":"email","field_type":"email","required":"true","field_label":"Email","placeholder":"Sign up for special deals","width":"66","field_value":"","field_options":"","inline_list":"","width_tablet":"","width_mobile":"","rows":4,"recaptcha_size":"normal","recaptcha_style":"light","css_classes":"","file_sizes":"","file_types":"","allow_multiple_upload":"","max_files":"","acceptance_text":"","checked_by_default":"","field_min":"","field_max":"","min_date":"","max_date":"","use_native_date":"","use_native_time":"","allow_multiple":"","select_size":"","field_html":""}],"input_size":"lg","show_labels":"","button_text":"sign up","button_size":"lg","button_width":"33","email_to":"support@elementor.com","email_subject":"New message from \"Elementor\"","email_content":"[all-fields]","email_from":"email@tuts.elementor.com","email_from_name":"Elementor","email_to_2":"support@elementor.com","email_subject_2":"New message from \"Elementor\"","email_content_2":"[all-fields]","email_from_2":"email@tuts.elementor.com","email_from_name_2":"Elementor","email_reply_to_2":"support@elementor.com","success_message":"The form was sent successfully!","error_message":"There's something wrong... Please fill in the required fields.","required_field_message":"Required","invalid_message":"There's something wrong... The form is invalid.","subscriber_already_exists_message":"Subscriber already exist.","column_gap":{"unit":"px","size":0},"field_text_color":"#ffffff","field_typography_typography":"custom","field_typography_font_size":{"unit":"px","size":18},"field_typography_font_family":"Catamaran","field_typography_font_weight":"500","field_background_color":"rgba(255,255,255,0.14)","field_border_width":{"unit":"px","top":"0","right":"0","bottom":"0","left":"0","isLinked":true},"button_text_color":"#ffffff","button_typography_typography":"custom","button_typography_font_family":"Catamaran","button_background_color":"#db1529","button_typography_font_size":{"unit":"px","size":18},"button_typography_font_weight":"600","button_typography_text_transform":"uppercase","button_typography_font_style":"italic","field_typography_letter_spacing":{"unit":"px","size":0.4},"button_typography_letter_spacing":{"unit":"px","size":0.4},"button_background_hover_color":"#db1529","button_hover_animation":"grow","field_border_radius":{"unit":"px","top":"4","right":"0","bottom":"0","left":"4","isLinked":false},"button_border_radius":{"unit":"px","top":"0","right":"4","bottom":"4","left":"0","isLinked":false},"_padding_mobile":{"unit":"px","top":"0","right":"20","bottom":"0","left":"20","isLinked":false}},"elements":[],"widgetType":"form"}],"isInner":false,"elType":"column"},{"id":"787e","settings":{"_column_size":33,"_inline_size":26.333,"content_position":"center","_inline_size_tablet":100},"elements":[{"id":"5a39","settings":{"title":"get social:","title_color":"#ffffff","typography_typography":"custom","typography_font_size":{"unit":"px","size":19},"typography_font_family":"Catamaran","typography_font_weight":"400","typography_text_transform":"uppercase","typography_letter_spacing":{"unit":"px","size":0.4},"_margin":{"unit":"px","top":"0","right":"0","bottom":"0","left":"0","isLinked":false},"align":"right","align_mobile":"center","_margin_mobile":{"unit":"px","top":"40","right":"0","bottom":"0","left":"0","isLinked":false},"align_tablet":"center"},"elements":[],"isInner":false,"widgetType":"heading","elType":"widget"}],"isInner":false,"elType":"column"},{"id":"4e2c","settings":{"_column_size":33,"_inline_size":23.913,"content_position":"center","_inline_size_tablet":100},"elements":[{"id":"61df","settings":{"social_icon_list":[{"social":"fa fa-facebook","_id":"tygvwhy","link":{"url":"","is_external":"true","nofollow":""}},{"social":"fa fa-twitter","_id":"d3gf3n8","link":{"url":"","is_external":"true","nofollow":""}},{"social":"fa fa-google-plus","_id":"us7irc8","link":{"url":"","is_external":"true","nofollow":""}},{"social":"fa fa-youtube","link":{"url":"","is_external":"true","nofollow":""},"_id":"pgz2qq0"},{"social":"fa fa-instagram","link":{"url":"","is_external":"true","nofollow":""},"_id":"szpior4"}],"shape":"circle","align":"right","icon_color":"custom","icon_primary_color":"rgba(219,21,41,0)","icon_secondary_color":"#ffffff","icon_size":{"unit":"px","size":17},"icon_padding":{"unit":"em","size":0.5},"icon_spacing":{"unit":"px","size":20},"image_border_border":"solid","image_border_width":{"unit":"px","top":"1","right":"1","bottom":"1","left":"1","isLinked":true},"image_border_color":"#db1529","hover_primary_color":"#db1529","hover_animation":"grow","align_mobile":"center","icon_size_mobile":{"unit":"px","size":16},"_margin_mobile":{"unit":"px","top":"20","right":"20","bottom":"20","left":"20","isLinked":true},"align_tablet":"center","_margin_tablet":{"unit":"px","top":"20","right":"0","bottom":"0","left":"0","isLinked":false}},"elements":[],"isInner":false,"widgetType":"social-icons","elType":"widget"}],"isInner":false,"elType":"column"}],"isInner":false,"elType":"section"}],"page_settings":{"hide_title":"yes"}}