{"version":"0.4","title":"Services \u2013 Coffee Shop Menu","type":"page","content":[{"id":"1759","settings":{"layout":"full_width","content_width":{"unit":"px","size":"1800"},"custom_height":{"unit":"px","size":"0"},"background_background":"classic","background_image":{"id":862,"url":"http:\/\/localhost\/checkupdate\/wp-content\/uploads\/2018\/03\/20.jpg"},"background_position":"center center","background_size":"cover","padding":{"unit":"px","top":"200","right":"0","bottom":"200","left":"0","isLinked":false},"padding_tablet":{"unit":"px","top":"175","right":"0","bottom":"0","left":"0","isLinked":false},"padding_mobile":{"unit":"px","top":"50","right":"0","bottom":"50","left":"0","isLinked":false},"section_custom_css_pro":"","custom_css_pro":""},"elements":[{"id":"fa0","settings":{"_column_size":100,"_inline_size":null,"background_background":"classic","margin":{"unit":"%","top":"","right":"","bottom":"","left":"","isLinked":true},"section_custom_css_pro":"","custom_css_pro":""},"elements":[],"isInner":false,"elType":"column"}],"isInner":false,"elType":"section"},{"id":"5cc","settings":{"layout":"full_width","margin":{"unit":"px","top":"-49","right":0,"bottom":"0","left":0,"isLinked":false},"margin_tablet":{"unit":"px","top":"-59","right":0,"bottom":"0","left":0,"isLinked":false},"margin_mobile":{"unit":"px","top":"-79","right":0,"bottom":"0","left":0,"isLinked":false},"padding":{"unit":"%","top":"0","right":"6","bottom":"0","left":"6","isLinked":false},"padding_tablet":{"unit":"px","top":"0","right":"0","bottom":"0","left":"30","isLinked":false},"section_custom_css_pro":"","custom_css_pro":""},"elements":[{"id":"33ff","settings":{"_column_size":100,"_inline_size":null,"background_background":"classic","background_color":"#000000","margin":{"unit":"%","top":"-1","right":"61","bottom":"0","left":"0","isLinked":false},"margin_tablet":{"unit":"%","top":"0","right":"58","bottom":"0","left":"0","isLinked":false},"margin_mobile":{"unit":"%","top":"0","right":"9","bottom":"0","left":"0","isLinked":false},"padding":{"unit":"px","top":"30","right":"30","bottom":"30","left":"30","isLinked":true},"section_custom_css_pro":"","custom_css_pro":""},"elements":[{"id":"3f1e","settings":{"title":"Salads & Soups","align":"center","title_color":"#ffffff","typography_typography":"custom","typography_font_size":{"unit":"px","size":"60"},"typography_font_size_tablet":{"unit":"px","size":"40"},"typography_font_size_mobile":{"unit":"px","size":"31"},"typography_font_family":"Vidaloka","typography_line_height_tablet":{"unit":"em","size":""},"typography_line_height_mobile":{"unit":"em","size":""},"typography_letter_spacing":{"unit":"px","size":-1.5},"_margin":{"unit":"%","top":"","right":"","bottom":"","left":"","isLinked":true},"_background_background":"classic","section_custom_css_pro":"","custom_css_pro":""},"elements":[],"isInner":false,"widgetType":"heading","elType":"widget"}],"isInner":false,"elType":"column"}],"isInner":false,"elType":"section"},{"id":"6ccd","settings":{"layout":"full_width","structure":"20","padding":{"unit":"%","top":"10","right":"6","bottom":"10","left":"6","isLinked":false},"padding_tablet":{"unit":"px","top":"100","right":"30","bottom":"100","left":"30","isLinked":false},"padding_mobile":{"unit":"px","top":"70","right":"30","bottom":"70","left":"30","isLinked":false},"section_custom_css_pro":"","custom_css_pro":""},"elements":[{"id":"32b8","settings":{"_column_size":50,"_inline_size":null,"padding":{"unit":"px","top":"0","right":"85","bottom":"0","left":"0","isLinked":false},"padding_tablet":{"unit":"px","top":"0","right":"30","bottom":"0","left":"0","isLinked":false},"padding_mobile":{"unit":"px","top":"0","right":"0","bottom":"0","left":"0","isLinked":false},"section_custom_css_pro":"","custom_css_pro":""},"elements":[{"id":"5015","settings":{"title":"Salads","header_size":"h3","title_color":"#000000","typography_typography":"custom","typography_font_size":{"unit":"px","size":"40"},"typography_font_size_tablet":{"unit":"px","size":"30"},"typography_font_family":"Vidaloka","typography_line_height_tablet":{"unit":"em","size":""},"typography_line_height_mobile":{"unit":"em","size":""},"section_custom_css_pro":"","custom_css_pro":""},"elements":[],"isInner":false,"widgetType":"heading","elType":"widget"},{"id":"2f2a","settings":{"weight":{"unit":"px","size":"2"},"color":"#000000","gap":{"unit":"px","size":"0"},"section_custom_css_pro":"","custom_css_pro":""},"elements":[],"isInner":false,"widgetType":"divider","elType":"widget"},{"id":"111b","settings":{"price_list":[{"title":"Classic chicken caesar salad","item_description":"Homemade buttermilk biscuits, sweet potato biscuits and cornbread. Served with homemade peach-pepper jelly and apple butter","price":"$20","link":{"url":"#","is_external":"","nofollow":""},"_id":"gii7k3n","image":{"url":"","id":""}},{"title":"Chopped cobb & egg salad  ","item_description":"Homemade buttermilk biscuits, sweet potato biscuits and cornbread. Served with homemade peach-pepper jelly and apple butter","price":"$18","link":{"url":"#","is_external":"","nofollow":""},"_id":"6yhyebg","image":{"url":"","id":""}},{"title":"Roasted squash & couscous salad ","item_description":"Homemade buttermilk biscuits, sweet potato biscuits and cornbread. Served with homemade peach-pepper jelly and apple butter","price":"$19.5","link":{"url":"#","is_external":"","nofollow":""},"_id":"7clxs4i","image":{"url":"","id":""}},{"title":"Beetroot, carrot & orange salad","item_description":"Homemade buttermilk biscuits, sweet potato biscuits and cornbread. Served with homemade peach-pepper jelly and apple butter","price":"$21","link":{"url":"#","is_external":"","nofollow":""},"_id":"7ibscy5","image":{"url":"","id":""}},{"title":"Hearts of palm & chicken chopped salad","item_description":"Homemade buttermilk biscuits, sweet potato biscuits and cornbread. Served with homemade peach-pepper jelly and apple butter","price":"$17.5","link":{"url":"#","is_external":"","nofollow":""},"_id":"em3p7ok","image":{"url":"","id":""}}],"heading_color":"#000000","heading_typography_typography":"custom","heading_typography_font_size":{"unit":"px","size":"18"},"heading_typography_font_size_tablet":{"unit":"px","size":"15"},"heading_typography_font_family":"Roboto","heading_typography_text_transform":"uppercase","heading_typography_line_height_tablet":{"unit":"em","size":""},"heading_typography_line_height_mobile":{"unit":"em","size":""},"heading_typography_letter_spacing":{"unit":"px","size":"0.5"},"description_color":"#545454","description_typography_typography":"custom","description_typography_font_size":{"unit":"px","size":"16"},"description_typography_line_height_tablet":{"unit":"em","size":""},"description_typography_line_height_mobile":{"unit":"em","size":""},"separator_weight":{"unit":"px","size":"1.5"},"separator_spacing":{"unit":"px","size":20},"row_gap":{"unit":"px","size":50},"_padding":{"unit":"px","top":"30","right":"0","bottom":"0","left":"0","isLinked":false},"section_custom_css_pro":"","custom_css_pro":""},"elements":[],"isInner":false,"widgetType":"price-list","elType":"widget"}],"isInner":false,"elType":"column"},{"id":"4264","settings":{"_column_size":50,"_inline_size":null,"margin_tablet":{"unit":"px","top":"0","right":"0","bottom":"0","left":"0","isLinked":true},"padding":{"unit":"px","top":"0","right":"0","bottom":"0","left":"85","isLinked":false},"padding_tablet":{"unit":"px","top":"0","right":"0","bottom":"0","left":"30","isLinked":false},"padding_mobile":{"unit":"px","top":"70","right":"0","bottom":"0","left":"0","isLinked":false},"section_custom_css_pro":"","custom_css_pro":""},"elements":[{"id":"5891","settings":{"title":"Soups","header_size":"h3","title_color":"#000000","typography_typography":"custom","typography_font_size":{"unit":"px","size":"40"},"typography_font_size_tablet":{"unit":"px","size":"30"},"typography_font_family":"Vidaloka","typography_line_height_tablet":{"unit":"em","size":""},"typography_line_height_mobile":{"unit":"em","size":""},"section_custom_css_pro":"","custom_css_pro":""},"elements":[],"isInner":false,"widgetType":"heading","elType":"widget"},{"id":"13f6","settings":{"weight":{"unit":"px","size":"2"},"color":"#000000","gap":{"unit":"px","size":"0"},"section_custom_css_pro":"","custom_css_pro":""},"elements":[],"isInner":false,"widgetType":"divider","elType":"widget"},{"id":"23f7","settings":{"price_list":[{"title":"Store cupboard lentil soup","item_description":"Homemade buttermilk biscuits, sweet potato biscuits and cornbread. Served with homemade peach-pepper jelly and apple butter","price":"$15","link":{"url":"#","is_external":"","nofollow":""},"_id":"gii7k3n","image":{"url":"","id":""}},{"title":"Parsnip, sage & white bean soup","item_description":"Homemade buttermilk biscuits, sweet potato biscuits and cornbread. Served with homemade peach-pepper jelly and apple butter","price":"$14.5","link":{"url":"#","is_external":"","nofollow":""},"_id":"6yhyebg","image":{"url":"","id":""}},{"title":"Pumpkin & ginger soup ","item_description":"Homemade buttermilk biscuits, sweet potato biscuits and cornbread. Served with homemade peach-pepper jelly and apple butter","price":"$14","link":{"url":"#","is_external":"","nofollow":""},"_id":"7clxs4i","image":{"url":"","id":""}},{"title":"Green dream noodles","item_description":"Homemade buttermilk biscuits, sweet potato biscuits and cornbread. Served with homemade peach-pepper jelly and apple butter","price":"$15","link":{"url":"#","is_external":"","nofollow":""},"_id":"7ibscy5","image":{"url":"","id":""}}],"heading_color":"#000000","heading_typography_typography":"custom","heading_typography_font_size":{"unit":"px","size":"18"},"heading_typography_font_size_tablet":{"unit":"px","size":"15"},"heading_typography_font_family":"Roboto","heading_typography_text_transform":"uppercase","heading_typography_line_height_tablet":{"unit":"em","size":""},"heading_typography_line_height_mobile":{"unit":"em","size":""},"heading_typography_letter_spacing":{"unit":"px","size":"0.5"},"description_color":"#545454","description_typography_typography":"custom","description_typography_font_size":{"unit":"px","size":"16"},"description_typography_line_height_tablet":{"unit":"em","size":""},"description_typography_line_height_mobile":{"unit":"em","size":""},"separator_weight":{"unit":"px","size":"1.5"},"separator_spacing":{"unit":"px","size":20},"row_gap":{"unit":"px","size":50},"_padding":{"unit":"px","top":"30","right":"0","bottom":"0","left":"0","isLinked":false},"section_custom_css_pro":"","custom_css_pro":""},"elements":[],"isInner":false,"widgetType":"price-list","elType":"widget"}],"isInner":false,"elType":"column"}],"isInner":false,"elType":"section"},{"id":"893","settings":{"layout":"full_width","content_width":{"unit":"px","size":"1800"},"custom_height":{"unit":"px","size":"500"},"background_background":"classic","background_image":{"id":863,"url":"http:\/\/localhost\/checkupdate\/wp-content\/uploads\/2018\/03\/21.jpg"},"background_position":"center center","background_size":"cover","padding":{"unit":"px","top":"200","right":"0","bottom":"200","left":"0","isLinked":false},"padding_tablet":{"unit":"px","top":"175","right":"0","bottom":"0","left":"0","isLinked":false},"padding_mobile":{"unit":"px","top":"50","right":"0","bottom":"50","left":"0","isLinked":false},"section_custom_css_pro":"","custom_css_pro":""},"elements":[{"id":"7982","settings":{"_column_size":100,"_inline_size":null,"background_background":"classic","margin":{"unit":"%","top":"","right":"","bottom":"","left":"","isLinked":true},"section_custom_css_pro":"","custom_css_pro":""},"elements":[],"isInner":false,"elType":"column"}],"isInner":false,"elType":"section"},{"id":"2bce","settings":{"layout":"full_width","margin":{"unit":"px","top":"-49","right":0,"bottom":"0","left":0,"isLinked":false},"margin_tablet":{"unit":"px","top":"-59","right":0,"bottom":"0","left":0,"isLinked":false},"padding":{"unit":"%","top":"0","right":"6","bottom":"0","left":"6","isLinked":false},"padding_tablet":{"unit":"px","top":"0","right":"0","bottom":"0","left":"30","isLinked":false},"section_custom_css_pro":"","custom_css_pro":""},"elements":[{"id":"8c9","settings":{"_column_size":100,"_inline_size":null,"background_background":"classic","background_color":"#000000","margin":{"unit":"%","top":"-1","right":"53","bottom":"0","left":"0","isLinked":false},"margin_tablet":{"unit":"%","top":"0","right":"50","bottom":"0","left":"0","isLinked":false},"margin_mobile":{"unit":"%","top":"0","right":"9","bottom":"0","left":"0","isLinked":false},"padding":{"unit":"px","top":"30","right":"30","bottom":"30","left":"30","isLinked":true},"section_custom_css_pro":"","custom_css_pro":""},"elements":[{"id":"20d0","settings":{"title":"Pasta & Sandwichs","align":"center","title_color":"#ffffff","typography_typography":"custom","typography_font_size":{"unit":"px","size":"60"},"typography_font_size_tablet":{"unit":"px","size":"40"},"typography_font_size_mobile":{"unit":"px","size":"31"},"typography_font_family":"Vidaloka","typography_line_height_tablet":{"unit":"em","size":""},"typography_line_height_mobile":{"unit":"em","size":""},"typography_letter_spacing":{"unit":"px","size":-1.5},"_margin":{"unit":"%","top":"","right":"","bottom":"","left":"","isLinked":true},"_background_background":"classic","section_custom_css_pro":"","custom_css_pro":""},"elements":[],"isInner":false,"widgetType":"heading","elType":"widget"}],"isInner":false,"elType":"column"}],"isInner":false,"elType":"section"},{"id":"78e7","settings":{"content_width":{"unit":"px","size":"1300"},"structure":"20","padding":{"unit":"%","top":"10","right":"6","bottom":"10","left":"6","isLinked":false},"padding_tablet":{"unit":"px","top":"100","right":"30","bottom":"100","left":"30","isLinked":false},"padding_mobile":{"unit":"px","top":"70","right":"30","bottom":"70","left":"30","isLinked":false},"section_custom_css_pro":"","custom_css_pro":""},"elements":[{"id":"36da","settings":{"_column_size":50,"_inline_size":null,"padding":{"unit":"px","top":"0","right":"85","bottom":"0","left":"0","isLinked":false},"padding_tablet":{"unit":"px","top":"0","right":"30","bottom":"0","left":"0","isLinked":false},"padding_mobile":{"unit":"px","top":"0","right":"0","bottom":"0","left":"0","isLinked":true},"section_custom_css_pro":"","custom_css_pro":""},"elements":[{"id":"1aef","settings":{"title":"Pasta","header_size":"h3","title_color":"#000000","typography_typography":"custom","typography_font_size":{"unit":"px","size":"40"},"typography_font_size_tablet":{"unit":"px","size":"30"},"typography_font_family":"Vidaloka","typography_line_height_tablet":{"unit":"em","size":""},"typography_line_height_mobile":{"unit":"em","size":""},"section_custom_css_pro":"","custom_css_pro":""},"elements":[],"isInner":false,"widgetType":"heading","elType":"widget"},{"id":"79fc","settings":{"weight":{"unit":"px","size":"2"},"color":"#000000","gap":{"unit":"px","size":"0"},"section_custom_css_pro":"","custom_css_pro":""},"elements":[],"isInner":false,"widgetType":"divider","elType":"widget"},{"id":"6885","settings":{"price_list":[{"title":"Mushroom & cauliflower penne","item_description":"Homemade buttermilk biscuits, sweet potato biscuits and cornbread. Served with homemade peach-pepper jelly and apple butter","price":"$22","link":{"url":"#","is_external":"","nofollow":""},"_id":"gii7k3n","image":{"url":"","id":""}},{"title":"Chicken, leek & pea pasta bake","item_description":"Homemade buttermilk biscuits, sweet potato biscuits and cornbread. Served with homemade peach-pepper jelly and apple butter","price":"$20","link":{"url":"#","is_external":"","nofollow":""},"_id":"6yhyebg","image":{"url":"","id":""}},{"title":"Michela\u2019s carrot & ricotta pasta","item_description":"Homemade buttermilk biscuits, sweet potato biscuits and cornbread. Served with homemade peach-pepper jelly and apple butter","price":"$23","link":{"url":"#","is_external":"","nofollow":""},"_id":"7clxs4i","image":{"url":"","id":""}},{"title":"Duck rag\u00f9 & homemade pici pasta","item_description":"Homemade buttermilk biscuits, sweet potato biscuits and cornbread. Served with homemade peach-pepper jelly and apple butter","price":"$21","link":{"url":"#","is_external":"","nofollow":""},"_id":"7ibscy5","image":{"url":"","id":""}},{"title":"Squash and ricotta pasta bake","item_description":"Homemade buttermilk biscuits, sweet potato biscuits and cornbread. Served with homemade peach-pepper jelly and apple butter","price":"$22","link":{"url":"#","is_external":"","nofollow":""},"_id":"em3p7ok","image":{"url":"","id":""}},{"title":"Pasta con le sarde","item_description":"Homemade buttermilk biscuits, sweet potato biscuits and cornbread. Served with homemade peach-pepper jelly and apple butter","price":"$24","link":{"url":"#","is_external":"","nofollow":""},"_id":"7x8eq2s","image":{"url":"","id":""}}],"heading_color":"#000000","heading_typography_typography":"custom","heading_typography_font_size":{"unit":"px","size":"18"},"heading_typography_font_size_tablet":{"unit":"px","size":"15"},"heading_typography_font_family":"Roboto","heading_typography_text_transform":"uppercase","heading_typography_line_height_tablet":{"unit":"em","size":""},"heading_typography_line_height_mobile":{"unit":"em","size":""},"heading_typography_letter_spacing":{"unit":"px","size":"0.5"},"description_color":"#545454","description_typography_typography":"custom","description_typography_font_size":{"unit":"px","size":"16"},"description_typography_line_height_tablet":{"unit":"em","size":""},"description_typography_line_height_mobile":{"unit":"em","size":""},"separator_weight":{"unit":"px","size":"1.5"},"separator_spacing":{"unit":"px","size":20},"row_gap":{"unit":"px","size":50},"_padding":{"unit":"px","top":"30","right":"0","bottom":"0","left":"0","isLinked":false},"section_custom_css_pro":"","custom_css_pro":""},"elements":[],"isInner":false,"widgetType":"price-list","elType":"widget"}],"isInner":false,"elType":"column"},{"id":"66a6","settings":{"_column_size":50,"_inline_size":null,"padding":{"unit":"px","top":"0","right":"0","bottom":"0","left":"85","isLinked":false},"padding_tablet":{"unit":"px","top":"0","right":"0","bottom":"0","left":"30","isLinked":false},"padding_mobile":{"unit":"px","top":"70","right":"0","bottom":"0","left":"0","isLinked":false},"section_custom_css_pro":"","custom_css_pro":""},"elements":[{"id":"770b","settings":{"title":"Sandwiches","header_size":"h3","title_color":"#000000","typography_typography":"custom","typography_font_size":{"unit":"px","size":"40"},"typography_font_size_tablet":{"unit":"px","size":"30"},"typography_font_family":"Vidaloka","typography_line_height_tablet":{"unit":"em","size":""},"typography_line_height_mobile":{"unit":"em","size":""},"section_custom_css_pro":"","custom_css_pro":""},"elements":[],"isInner":false,"widgetType":"heading","elType":"widget"},{"id":"39e8","settings":{"weight":{"unit":"px","size":"2"},"color":"#000000","gap":{"unit":"px","size":"0"},"section_custom_css_pro":"","custom_css_pro":""},"elements":[],"isInner":false,"widgetType":"divider","elType":"widget"},{"id":"801","settings":{"price_list":[{"title":"Next-level steak & onion sandwich","item_description":"Homemade buttermilk biscuits, sweet potato biscuits and cornbread. Served with homemade peach-pepper jelly and apple butter","price":"$19","link":{"url":"#","is_external":"","nofollow":""},"_id":"gii7k3n","image":{"url":"","id":""}},{"title":"Veggie \u2018fish finger\u2019 sandwiche","item_description":"Homemade buttermilk biscuits, sweet potato biscuits and cornbread. Served with homemade peach-pepper jelly and apple butter","price":"$15","link":{"url":"#","is_external":"","nofollow":""},"_id":"6yhyebg","image":{"url":"","id":""}},{"title":"Festive turkey croque-monsieur","item_description":"Homemade buttermilk biscuits, sweet potato biscuits and cornbread. Served with homemade peach-pepper jelly and apple butter","price":"$16","link":{"url":"#","is_external":"","nofollow":""},"_id":"7clxs4i","image":{"url":"","id":""}},{"title":"Spicy corn & chickpea burgers","item_description":"Homemade buttermilk biscuits, sweet potato biscuits and cornbread. Served with homemade peach-pepper jelly and apple butter","price":"$17.5","link":{"url":"#","is_external":"","nofollow":""},"_id":"7ibscy5","image":{"url":"","id":""}},{"title":"Roasted beetroot toast","item_description":"Homemade buttermilk biscuits, sweet potato biscuits and cornbread. Served with homemade peach-pepper jelly and apple butter","price":"$16","link":{"url":"#","is_external":"","nofollow":""},"_id":"bvay2yi","image":{"url":"","id":""}},{"title":"Gennaro\u2019s meatball sandwiche","item_description":"Homemade buttermilk biscuits, sweet potato biscuits and cornbread. Served with homemade peach-pepper jelly and apple butter","price":"$17.5","link":{"url":"#","is_external":"","nofollow":""},"_id":"ijic1s3","image":{"url":"","id":""}}],"heading_color":"#000000","heading_typography_typography":"custom","heading_typography_font_size":{"unit":"px","size":"18"},"heading_typography_font_size_tablet":{"unit":"px","size":"15"},"heading_typography_font_family":"Roboto","heading_typography_text_transform":"uppercase","heading_typography_line_height_tablet":{"unit":"em","size":""},"heading_typography_line_height_mobile":{"unit":"em","size":""},"heading_typography_letter_spacing":{"unit":"px","size":"0.5"},"description_color":"#545454","description_typography_typography":"custom","description_typography_font_size":{"unit":"px","size":"16"},"description_typography_line_height_tablet":{"unit":"em","size":""},"description_typography_line_height_mobile":{"unit":"em","size":""},"separator_weight":{"unit":"px","size":"1.5"},"separator_spacing":{"unit":"px","size":20},"row_gap":{"unit":"px","size":50},"_padding":{"unit":"px","top":"30","right":"0","bottom":"0","left":"0","isLinked":false},"section_custom_css_pro":"","custom_css_pro":""},"elements":[],"isInner":false,"widgetType":"price-list","elType":"widget"}],"isInner":false,"elType":"column"}],"isInner":false,"elType":"section"},{"id":"233d","settings":{"layout":"full_width","content_width":{"unit":"px","size":"1800"},"custom_height":{"unit":"px","size":"500"},"background_background":"classic","background_image":{"id":864,"url":"http:\/\/localhost\/checkupdate\/wp-content\/uploads\/2018\/03\/22.jpg"},"background_position":"center center","background_size":"cover","padding":{"unit":"px","top":"200","right":"0","bottom":"200","left":"0","isLinked":false},"padding_tablet":{"unit":"px","top":"175","right":"0","bottom":"0","left":"0","isLinked":false},"padding_mobile":{"unit":"px","top":"50","right":"0","bottom":"50","left":"0","isLinked":false},"section_custom_css_pro":"","custom_css_pro":""},"elements":[{"id":"c94","settings":{"_column_size":100,"_inline_size":null,"background_background":"classic","margin":{"unit":"%","top":"","right":"","bottom":"","left":"","isLinked":true},"section_custom_css_pro":"","custom_css_pro":""},"elements":[],"isInner":false,"elType":"column"}],"isInner":false,"elType":"section"},{"id":"5e00","settings":{"layout":"full_width","margin":{"unit":"px","top":"-49","right":0,"bottom":"0","left":0,"isLinked":false},"margin_tablet":{"unit":"px","top":"-59","right":0,"bottom":"0","left":0,"isLinked":false},"padding":{"unit":"%","top":"0","right":"6","bottom":"0","left":"6","isLinked":false},"padding_tablet":{"unit":"px","top":"0","right":"0","bottom":"0","left":"30","isLinked":false},"section_custom_css_pro":"","custom_css_pro":""},"elements":[{"id":"3c83","settings":{"_column_size":100,"_inline_size":null,"background_background":"classic","background_color":"#000000","margin":{"unit":"%","top":"-1","right":"54","bottom":"0","left":"0","isLinked":false},"margin_tablet":{"unit":"%","top":"0","right":"52","bottom":"0","left":"0","isLinked":false},"margin_mobile":{"unit":"%","top":"0","right":"9","bottom":"0","left":"0","isLinked":false},"padding":{"unit":"px","top":"30","right":"30","bottom":"30","left":"30","isLinked":true},"section_custom_css_pro":"","custom_css_pro":""},"elements":[{"id":"4732","settings":{"title":"Desserts & Drinks","align":"center","title_color":"#ffffff","typography_typography":"custom","typography_font_size":{"unit":"px","size":"60"},"typography_font_size_tablet":{"unit":"px","size":"40"},"typography_font_size_mobile":{"unit":"px","size":31},"typography_font_family":"Vidaloka","typography_line_height_tablet":{"unit":"em","size":""},"typography_line_height_mobile":{"unit":"em","size":""},"typography_letter_spacing":{"unit":"px","size":-1.5},"_margin":{"unit":"%","top":"","right":"","bottom":"","left":"","isLinked":true},"_background_background":"classic","section_custom_css_pro":"","custom_css_pro":""},"elements":[],"isInner":false,"widgetType":"heading","elType":"widget"}],"isInner":false,"elType":"column"}],"isInner":false,"elType":"section"},{"id":"42c4","settings":{"content_width":{"unit":"px","size":"1300"},"structure":"20","padding":{"unit":"%","top":"10","right":"6","bottom":"10","left":"6","isLinked":false},"padding_tablet":{"unit":"px","top":"100","right":"30","bottom":"100","left":"30","isLinked":false},"padding_mobile":{"unit":"px","top":"70","right":"30","bottom":"70","left":"30","isLinked":false},"section_custom_css_pro":"","custom_css_pro":""},"elements":[{"id":"5a2c","settings":{"_column_size":50,"_inline_size":null,"padding":{"unit":"px","top":"0","right":"85","bottom":"0","left":"0","isLinked":false},"padding_tablet":{"unit":"px","top":"0","right":"30","bottom":"0","left":"0","isLinked":false},"padding_mobile":{"unit":"px","top":"0","right":"0","bottom":"0","left":"0","isLinked":true},"section_custom_css_pro":"","custom_css_pro":""},"elements":[{"id":"3639","settings":{"title":"Desserts","header_size":"h3","title_color":"#000000","typography_typography":"custom","typography_font_size":{"unit":"px","size":"40"},"typography_font_size_tablet":{"unit":"px","size":"30"},"typography_font_family":"Vidaloka","typography_line_height_tablet":{"unit":"em","size":""},"typography_line_height_mobile":{"unit":"em","size":""},"section_custom_css_pro":"","custom_css_pro":""},"elements":[],"isInner":false,"widgetType":"heading","elType":"widget"},{"id":"247e","settings":{"weight":{"unit":"px","size":"2"},"color":"#000000","gap":{"unit":"px","size":"0"},"section_custom_css_pro":"","custom_css_pro":""},"elements":[],"isInner":false,"widgetType":"divider","elType":"widget"},{"id":"1ddf","settings":{"price_list":[{"title":"Vegan chocolate tart with rhubarb","item_description":"Homemade buttermilk biscuits, sweet potato biscuits and cornbread. Served with homemade peach-pepper jelly and apple butter","price":"$13","link":{"url":"#","is_external":"","nofollow":""},"_id":"gii7k3n","image":{"url":"","id":""}},{"title":"Vegan toffee apple upside-down cake","item_description":"Homemade buttermilk biscuits, sweet potato biscuits and cornbread. Served with homemade peach-pepper jelly and apple butter","price":"$13.5","link":{"url":"#","is_external":"","nofollow":""},"_id":"6yhyebg","image":{"url":"","id":""}},{"title":"Almond-stuffed chocolate dates","item_description":"Homemade buttermilk biscuits, sweet potato biscuits and cornbread. Served with homemade peach-pepper jelly and apple butter","price":"$15","link":{"url":"#","is_external":"","nofollow":""},"_id":"7clxs4i","image":{"url":"","id":""}},{"title":"Chai spiced carrot cake","item_description":"Homemade buttermilk biscuits, sweet potato biscuits and cornbread. Served with homemade peach-pepper jelly and apple butter","price":"$14","link":{"url":"#","is_external":"","nofollow":""},"_id":"7ibscy5","image":{"url":"","id":""}},{"title":"Print Lemon & pistachio cannoli","item_description":"Homemade buttermilk biscuits, sweet potato biscuits and cornbread. Served with homemade peach-pepper jelly and apple butter","price":"$15","link":{"url":"#","is_external":"","nofollow":""},"_id":"em3p7ok","image":{"url":"","id":""}},{"title":"Chocolate truffle chestnut torte  honeycomb","item_description":"Homemade buttermilk biscuits, sweet potato biscuits and cornbread. Served with homemade peach-pepper jelly and apple butter","price":"$16","link":{"url":"#","is_external":"","nofollow":""},"_id":"7x8eq2s","image":{"url":"","id":""}}],"heading_color":"#000000","heading_typography_typography":"custom","heading_typography_font_size":{"unit":"px","size":"18"},"heading_typography_font_size_tablet":{"unit":"px","size":"15"},"heading_typography_font_family":"Roboto","heading_typography_text_transform":"uppercase","heading_typography_line_height_tablet":{"unit":"em","size":""},"heading_typography_line_height_mobile":{"unit":"em","size":""},"heading_typography_letter_spacing":{"unit":"px","size":"0.5"},"description_color":"#545454","description_typography_typography":"custom","description_typography_font_size":{"unit":"px","size":"16"},"description_typography_line_height_tablet":{"unit":"em","size":""},"description_typography_line_height_mobile":{"unit":"em","size":""},"separator_weight":{"unit":"px","size":"1.5"},"separator_spacing":{"unit":"px","size":20},"row_gap":{"unit":"px","size":50},"_padding":{"unit":"px","top":"30","right":"0","bottom":"0","left":"0","isLinked":false},"section_custom_css_pro":"","custom_css_pro":""},"elements":[],"isInner":false,"widgetType":"price-list","elType":"widget"}],"isInner":false,"elType":"column"},{"id":"69d7","settings":{"_column_size":50,"_inline_size":null,"padding":{"unit":"px","top":"0","right":"0","bottom":"0","left":"85","isLinked":false},"padding_tablet":{"unit":"px","top":"0","right":"0","bottom":"0","left":"30","isLinked":false},"padding_mobile":{"unit":"px","top":"70","right":"0","bottom":"0","left":"0","isLinked":false},"section_custom_css_pro":"","custom_css_pro":""},"elements":[{"id":"7cf5","settings":{"title":"Hot Drinks","header_size":"h3","title_color":"#000000","typography_typography":"custom","typography_font_size":{"unit":"px","size":"40"},"typography_font_size_tablet":{"unit":"px","size":"30"},"typography_font_family":"Vidaloka","typography_line_height_tablet":{"unit":"em","size":""},"typography_line_height_mobile":{"unit":"em","size":""},"section_custom_css_pro":"","custom_css_pro":""},"elements":[],"isInner":false,"widgetType":"heading","elType":"widget"},{"id":"a8a","settings":{"weight":{"unit":"px","size":"2"},"color":"#000000","gap":{"unit":"px","size":"0"},"section_custom_css_pro":"","custom_css_pro":""},"elements":[],"isInner":false,"widgetType":"divider","elType":"widget"},{"id":"38fb","settings":{"price_list":[{"title":"Caff\u00e8 Americano","item_description":"Homemade buttermilk biscuits, sweet potato biscuits and cornbread. Served with homemade peach-pepper jelly and apple butter","price":"$3.5","link":{"url":"#","is_external":"","nofollow":""},"_id":"gii7k3n","image":{"url":"","id":""}},{"title":"Caff\u00e8 Latte","item_description":"Homemade buttermilk biscuits, sweet potato biscuits and cornbread. Served with homemade peach-pepper jelly and apple butter","price":"$4","link":{"url":"#","is_external":"","nofollow":""},"_id":"6yhyebg","image":{"url":"","id":""}},{"title":"Cappuccino","item_description":"Homemade buttermilk biscuits, sweet potato biscuits and cornbread. Served with homemade peach-pepper jelly and apple butter","price":"$4","link":{"url":"#","is_external":"","nofollow":""},"_id":"7clxs4i","image":{"url":"","id":""}},{"title":"Coconut Milk Mocha Macchiato","item_description":"Homemade buttermilk biscuits, sweet potato biscuits and cornbread. Served with homemade peach-pepper jelly and apple butter","price":"$17.5","link":{"url":"#","is_external":"","nofollow":""},"_id":"7ibscy5","image":{"url":"","id":""}}],"heading_color":"#000000","heading_typography_typography":"custom","heading_typography_font_size":{"unit":"px","size":"18"},"heading_typography_font_size_tablet":{"unit":"px","size":"15"},"heading_typography_font_family":"Roboto","heading_typography_text_transform":"uppercase","heading_typography_line_height_tablet":{"unit":"em","size":""},"heading_typography_line_height_mobile":{"unit":"em","size":""},"heading_typography_letter_spacing":{"unit":"px","size":"0.5"},"description_color":"#545454","description_typography_typography":"custom","description_typography_font_size":{"unit":"px","size":"16"},"description_typography_line_height_tablet":{"unit":"em","size":""},"description_typography_line_height_mobile":{"unit":"em","size":""},"separator_weight":{"unit":"px","size":"1.5"},"separator_spacing":{"unit":"px","size":20},"row_gap":{"unit":"px","size":50},"_padding":{"unit":"px","top":"30","right":"0","bottom":"0","left":"0","isLinked":false},"section_custom_css_pro":"","custom_css_pro":""},"elements":[],"isInner":false,"widgetType":"price-list","elType":"widget"},{"id":"6d18","settings":{"title":"Soft Drinks","header_size":"h3","title_color":"#000000","typography_typography":"custom","typography_font_size":{"unit":"px","size":"40"},"typography_font_family":"Vidaloka","typography_line_height_tablet":{"unit":"em","size":""},"typography_line_height_mobile":{"unit":"em","size":""},"_padding":{"unit":"px","top":"100","right":"0","bottom":"0","left":"0","isLinked":false},"section_custom_css_pro":"","custom_css_pro":""},"elements":[],"isInner":false,"widgetType":"heading","elType":"widget"},{"id":"7371","settings":{"weight":{"unit":"px","size":"2"},"color":"#000000","gap":{"unit":"px","size":"0"},"section_custom_css_pro":"","custom_css_pro":""},"elements":[],"isInner":false,"widgetType":"divider","elType":"widget"},{"id":"4556","settings":{"price_list":[{"title":"Coca-Cola","item_description":"Homemade buttermilk biscuits, sweet potato biscuits and cornbread. Served with homemade peach-pepper jelly and apple butter","price":"$3","link":{"url":"#","is_external":"","nofollow":""},"_id":"gii7k3n","image":{"url":"","id":""}},{"title":"Coca-Cola Zero","item_description":"Homemade buttermilk biscuits, sweet potato biscuits and cornbread. Served with homemade peach-pepper jelly and apple butter","price":"$3","link":{"url":"#","is_external":"","nofollow":""},"_id":"6yhyebg","image":{"url":"","id":""}},{"title":"Fanta","item_description":"Homemade buttermilk biscuits, sweet potato biscuits and cornbread. Served with homemade peach-pepper jelly and apple butter","price":"$3","link":{"url":"#","is_external":"","nofollow":""},"_id":"7clxs4i","image":{"url":"","id":""}},{"title":"Sprite","item_description":"Homemade buttermilk biscuits, sweet potato biscuits and cornbread. Served with homemade peach-pepper jelly and apple butter","price":"$3","link":{"url":"#","is_external":"","nofollow":""},"_id":"7ibscy5","image":{"url":"","id":""}}],"heading_color":"#000000","heading_typography_typography":"custom","heading_typography_font_size":{"unit":"px","size":"18"},"heading_typography_font_family":"Roboto","heading_typography_text_transform":"uppercase","heading_typography_line_height_tablet":{"unit":"em","size":""},"heading_typography_line_height_mobile":{"unit":"em","size":""},"heading_typography_letter_spacing":{"unit":"px","size":"0.5"},"description_color":"#545454","description_typography_typography":"custom","description_typography_font_size":{"unit":"px","size":"16"},"description_typography_line_height_tablet":{"unit":"em","size":""},"description_typography_line_height_mobile":{"unit":"em","size":""},"separator_weight":{"unit":"px","size":"1.5"},"separator_spacing":{"unit":"px","size":20},"row_gap":{"unit":"px","size":50},"_padding":{"unit":"px","top":"30","right":"0","bottom":"0","left":"0","isLinked":false},"section_custom_css_pro":"","custom_css_pro":""},"elements":[],"isInner":false,"widgetType":"price-list","elType":"widget"}],"isInner":false,"elType":"column"}],"isInner":false,"elType":"section"}],"page_settings":{"hide_title":"yes"}}