{"version":"0.4","title":"Pricing \u2013 Software","type":"page","content":[{"id":"736f","settings":{"section_layout":"","gap":"no","section_background":"","background_background":"classic","background_color":"rgba(173,201,185,0.09)","background_overlay_section":"","section_border":"","box_shadow_box_shadow":{"horizontal":0,"vertical":0,"blur":10,"spread":0,"inset":"","color":"rgba(0,0,0,0.5)"},"section_typo":"","section_advanced":"","padding":{"unit":"px","top":"150","right":"0","bottom":"150","left":"0","isLinked":false},"padding_tablet":{"unit":"px","top":"80","right":"30","bottom":"80","left":"30","isLinked":false},"padding_mobile":{"unit":"px","top":"50","right":"20","bottom":"80","left":"20","isLinked":false},"_section_responsive":"","heading_visibility":"","responsive_description":"","section_custom_css":"","custom_css_description":""},"elements":[{"id":"164e","settings":{"_column_size":100,"_inline_size":null,"section_style":"","box_shadow_box_shadow":{"horizontal":0,"vertical":0,"blur":10,"spread":0,"inset":"","color":"rgba(0,0,0,0.5)"},"section_background_overlay":"","section_typo":"","section_advanced":"","section_responsive":"","screen_xs":"default","screen_xs_width":"100","section_custom_css":"","custom_css_description":""},"elements":[{"id":"2938","settings":{"section_title":"","title":"flexible pay as you go","link":{"is_external":"","url":""},"header_size":"h1","align":"center","section_title_style":"","title_color":"#000000","typography_typography":"custom","typography_font_size":{"unit":"px","size":"55"},"typography_font_size_tablet":{"unit":"px","size":"35"},"typography_font_size_mobile":{"unit":"px","size":"28"},"typography_font_family":"PT Sans","typography_line_height_tablet":{"unit":"em","size":""},"typography_line_height_mobile":{"unit":"em","size":""},"_section_style":"","_section_background":"","_box_shadow_box_shadow":{"horizontal":0,"vertical":0,"blur":10,"spread":0,"inset":"","color":"rgba(0,0,0,0.5)"},"_section_responsive":"","responsive_description":"","section_custom_css":"","custom_css_description":"","section_custom_css_pro":"","custom_css_pro":""},"elements":[],"isInner":false,"widgetType":"heading","elType":"widget"},{"id":"4d11","settings":{"section_divider":"","weight":{"unit":"px","size":"4"},"color":"#27c971","width":{"unit":"%","size":6},"align":"center","_section_style":"","_section_background":"","_box_shadow_box_shadow":{"horizontal":0,"vertical":0,"blur":10,"spread":0,"inset":"","color":"rgba(0,0,0,0.5)"},"_section_responsive":"","responsive_description":"","section_custom_css":"","custom_css_description":""},"elements":[],"isInner":false,"widgetType":"divider","elType":"widget"},{"id":"2e76","settings":{"section_title":"","title":"Consectetur adipiscing elit. Quisque quis interdum dolor, quis vestibulum magna, Etiam pretium nec ipsum non pellentesque. \n","link":{"is_external":"","url":""},"header_size":"h3","align":"center","section_title_style":"","title_color":"#000000","typography_typography":"custom","typography_font_size":{"unit":"px","size":"25"},"typography_font_size_tablet":{"unit":"px","size":"20"},"typography_font_size_mobile":{"unit":"px","size":"16"},"typography_font_family":"PT Sans","typography_font_style":"italic","typography_line_height":{"unit":"em","size":1.4},"typography_line_height_tablet":{"unit":"em","size":""},"typography_line_height_mobile":{"unit":"em","size":""},"_section_style":"","_padding":{"unit":"px","top":"0","right":"200","bottom":"80","left":"200","isLinked":false},"_padding_tablet":{"unit":"px","top":"0","right":"0","bottom":"50","left":"0","isLinked":false},"_padding_mobile":{"unit":"px","top":"0","right":"0","bottom":"20","left":"0","isLinked":false},"_section_background":"","_box_shadow_box_shadow":{"horizontal":0,"vertical":0,"blur":10,"spread":0,"inset":"","color":"rgba(0,0,0,0.5)"},"_section_responsive":"","responsive_description":"","section_custom_css":"","custom_css_description":"","section_custom_css_pro":"","custom_css_pro":""},"elements":[],"isInner":false,"widgetType":"heading","elType":"widget"},{"id":"d49","settings":{"section_layout":"","gap":"no","structure":"30","section_background":"","background_background":"classic","background_overlay_section":"","section_border":"","box_shadow_box_shadow":{"horizontal":0,"vertical":0,"blur":10,"spread":0,"inset":"","color":"rgba(0,0,0,0.5)"},"section_typo":"","section_advanced":"","_section_responsive":"","heading_visibility":"","responsive_description":"","section_custom_css":"","custom_css_description":""},"elements":[{"id":"20e4","settings":{"_column_size":33,"_inline_size":null,"section_style":"","box_shadow_box_shadow":{"horizontal":0,"vertical":0,"blur":10,"spread":0,"inset":"","color":"rgba(0,0,0,0.5)"},"section_background_overlay":"","section_typo":"","section_advanced":"","margin":{"unit":"px","top":"0","right":"16","bottom":"0","left":"0","isLinked":false},"margin_tablet":{"unit":"px","top":"0","right":"06","bottom":"0","left":"0","isLinked":false},"margin_mobile":{"unit":"px","top":"0","right":"0","bottom":"0","left":"0","isLinked":true},"padding_mobile":{"unit":"px","top":"0","right":"0","bottom":"0","left":"0","isLinked":true},"section_responsive":"","screen_xs":"default","screen_xs_width":"100","section_custom_css":"","custom_css_description":""},"elements":[{"id":"6c77","settings":{"section_header":"","heading":"basic","sub_heading":"","section_pricing":"","price":"9","original_price":"29","period":"\/ MO","section_features":"","features_list":[{"item_text":"Lorem ipsum dolor sit amet","item_icon":"fa fa-check-circle","_id":"em453v5","item_icon_color":"#27c971"},{"item_text":"Etiam pretium pellentesque ","item_icon":"fa fa-check-circle","_id":"r2fxg8y","item_icon_color":"#27c971"},{"item_text":"Duis a nisl non efficitur","item_icon":"fa fa-check-circle","_id":"jg42wct","item_icon_color":"#27c971"},{"item_text":"Donec sed aliquet justo","item_icon":"fa fa-check-circle","_id":"qpuxonp","item_icon_color":"#898989"},{"item_text":"Etiam nec pellentesque","item_icon":"fa fa-check-circle","_id":"xz8gem7","item_icon_color":"#898989"},{"item_text":"Duis a nisl non efficitur","item_icon":"fa fa-check-circle","_id":"6zf2aje","item_icon_color":"#898989"},{"item_text":"Donec sed aliquet justo","item_icon":"fa fa-check-circle","_id":"bk6xsnj","item_icon_color":"#898989"}],"section_footer":"","button_text":"get started!","link":{"is_external":"","url":"#"},"footer_additional_info":"","section_ribbon":"","ribbon_title":"","section_header_style":"","header_bg_color":"#27c971","header_gap":{"unit":"px","size":32},"header_gap_tablet":{"unit":"px","size":"22"},"header_gap_mobile":{"unit":"px","size":"22"},"heading_heading_style":"","heading_typography_typography":"custom","heading_typography_font_size":{"unit":"px","size":"30"},"heading_typography_font_size_tablet":{"unit":"px","size":"25"},"heading_typography_font_family":"PT Sans","heading_typography_text_transform":"uppercase","heading_typography_line_height_tablet":{"unit":"em","size":""},"heading_typography_line_height_mobile":{"unit":"em","size":""},"heading_typography_letter_spacing":{"unit":"px","size":"1"},"heading_sub_heading_style":"","sub_heading_typography_line_height_tablet":{"unit":"em","size":""},"sub_heading_typography_line_height_mobile":{"unit":"em","size":""},"section_pricing_element_style":"","pricing_element_bg_color":"#ffffff","pricing_element_gap":{"unit":"px","size":"40"},"pricing_element_gap_tablet":{"unit":"px","size":"40"},"pricing_element_gap_mobile":{"unit":"px","size":"40"},"heading_currency_style":"","currency_color":"#000000","currency_typography_typography":"custom","currency_typography_font_size":{"unit":"px","size":"30"},"currency_typography_font_size_tablet":{"unit":"px","size":""},"currency_typography_font_size_mobile":{"unit":"px","size":""},"currency_typography_font_family":"PT Sans","currency_typography_font_weight":"","currency_typography_text_transform":"","currency_typography_font_style":"","currency_typography_line_height":{"unit":"em","size":""},"currency_typography_line_height_tablet":{"unit":"em","size":""},"currency_typography_line_height_mobile":{"unit":"em","size":""},"currency_typography_letter_spacing":{"unit":"px","size":""},"currency_typography_letter_spacing_tablet":{"unit":"px","size":""},"currency_typography_letter_spacing_mobile":{"unit":"px","size":""},"heading_price_style":"","price_color":"#000000","price_typography_typography":"custom","price_typography_font_size":{"unit":"px","size":"80"},"price_typography_font_size_tablet":{"unit":"px","size":"60"},"price_typography_font_family":"PT Sans","price_typography_line_height_tablet":{"unit":"em","size":""},"price_typography_line_height_mobile":{"unit":"em","size":""},"heading_original_price_style":"","original_price_typography_line_height_tablet":{"unit":"em","size":""},"original_price_typography_line_height_mobile":{"unit":"em","size":""},"fractional_part_style":"","fractional_part_color":"","fractional_part_typography_typography":"custom","fractional_part_typography_font_size":{"unit":"px","size":"30"},"fractional_part_typography_font_size_tablet":{"unit":"px","size":""},"fractional_part_typography_font_size_mobile":{"unit":"px","size":""},"fractional_part_typography_font_family":"PT Sans","fractional_part_typography_font_weight":"","fractional_part_typography_text_transform":"","fractional_part_typography_font_style":"","fractional_part_typography_line_height":{"unit":"em","size":""},"fractional_part_typography_line_height_tablet":{"unit":"em","size":""},"fractional_part_typography_line_height_mobile":{"unit":"em","size":""},"fractional_part_typography_letter_spacing":{"unit":"px","size":""},"fractional_part_typography_letter_spacing_tablet":{"unit":"px","size":""},"fractional_part_typography_letter_spacing_mobile":{"unit":"px","size":""},"fractional_part_vertical_position":"bottom","period_style":"","period_color":"#000000","period_typography_typography":"custom","period_typography_font_size":{"unit":"px","size":"25"},"period_typography_font_family":"PT Sans","period_typography_font_weight":"bold","period_typography_line_height":{"unit":"em","size":1.4},"period_typography_line_height_tablet":{"unit":"em","size":""},"period_typography_line_height_mobile":{"unit":"em","size":""},"period_typography_letter_spacing":{"unit":"px","size":0},"period_position":"beside","section_features_list_style":"","features_list_bg_color":"#ffffff","features_list_gap":{"unit":"px","size":""},"features_list_gap_tablet":{"unit":"px","size":""},"features_list_gap_mobile":{"unit":"px","size":""},"features_list_typography_typography":"custom","features_list_typography_font_size":{"unit":"px","size":"16"},"features_list_typography_font_size_tablet":{"unit":"px","size":"13"},"features_list_typography_font_family":"PT Sans","features_list_typography_font_style":"italic","features_list_typography_line_height_tablet":{"unit":"em","size":""},"features_list_typography_line_height_mobile":{"unit":"em","size":""},"features_list_alignment":"left","item_width":{"unit":"%","size":59},"divider_color":"","divider_width":{"unit":"%","size":71},"divider_gap":{"unit":"px","size":"18"},"section_footer_style":"","footer_bg_color":"#ffffff","footer_gap":{"unit":"px","size":51},"footer_gap_tablet":{"unit":"px","size":"30"},"footer_gap_mobile":{"unit":"px","size":"30"},"heading_footer_button":"","tabs_button_style":"","tab_button_normal":"","button_text_color":"#27c971","button_typography_typography":"custom","button_typography_font_size":{"unit":"px","size":"25"},"button_typography_font_size_tablet":{"unit":"px","size":"14"},"button_typography_font_family":"PT Sans","button_typography_font_weight":"bold","button_typography_text_transform":"capitalize","button_typography_line_height_tablet":{"unit":"em","size":""},"button_typography_line_height_mobile":{"unit":"em","size":""},"button_typography_letter_spacing":{"unit":"px","size":"2"},"button_background_color":"rgba(0,0,0,0)","button_border_border":"solid","button_border_width":{"unit":"px","top":"2","right":"2","bottom":"2","left":"2","isLinked":true},"button_border_color":"#27c971","button_border_radius":{"unit":"px","top":"5","right":"5","bottom":"5","left":"5","isLinked":true},"tab_button_hover":"","button_hover_color":"#ffffff","button_background_hover_color":"#000000","button_hover_border_color":"#000000","heading_additional_info":"","additional_info_typography_line_height_tablet":{"unit":"em","size":""},"additional_info_typography_line_height_mobile":{"unit":"em","size":""},"section_ribbon_style":"","ribbon_bg_color":"#000000","ribbon_distance":{"unit":"px","size":37},"ribbon_distance_tablet":{"unit":"px","size":35},"ribbon_distance_mobile":{"unit":"px","size":35},"ribbon_typography_typography":"custom","ribbon_typography_font_size":{"unit":"px","size":"15"},"ribbon_typography_font_family":"PT Sans","ribbon_typography_font_weight":"900","ribbon_typography_line_height":{"unit":"em","size":2.4},"ribbon_typography_line_height_tablet":{"unit":"em","size":""},"ribbon_typography_line_height_mobile":{"unit":"em","size":""},"box_shadow_box_shadow":{"horizontal":0,"vertical":0,"blur":10,"spread":0,"inset":"","color":"rgba(0,0,0,0.5)"},"_section_style":"","_section_background":"","_box_shadow_box_shadow":{"horizontal":0,"vertical":0,"blur":10,"spread":0,"inset":"","color":"rgba(0,0,0,0.5)"},"_section_responsive":"","responsive_description":"","section_custom_css":"","custom_css_description":"","header_padding":{"unit":"px","top":"32","right":"32","bottom":"32","left":"32","isLinked":true},"header_padding_tablet":{"unit":"px","top":"23","right":"0","bottom":"23","left":"0","isLinked":false},"pricing_element_padding":{"unit":"px","top":"45","right":"45","bottom":"45","left":"45","isLinked":true},"pricing_element_padding_tablet":{"unit":"px","top":"40","right":"40","bottom":"40","left":"40","isLinked":true},"currency_size":{"unit":"px","size":"35"},"original_price_vertical_position":"","item_width_tablet":{"unit":"px","size":"85"},"footer_padding":{"unit":"px","top":"60","right":"0","bottom":"60","left":"0","isLinked":false},"footer_padding_tablet":{"unit":"px","top":"40","right":"0","bottom":"40","left":"0","isLinked":false},"heading_period_style":""},"elements":[],"isInner":false,"widgetType":"price-table","elType":"widget"}],"isInner":true,"elType":"column"},{"id":"3c02","settings":{"_column_size":33,"_inline_size":null,"section_style":"","box_shadow_box_shadow":{"horizontal":0,"vertical":0,"blur":10,"spread":0,"inset":"","color":"rgba(0,0,0,0.5)"},"section_background_overlay":"","section_typo":"","section_advanced":"","margin":{"unit":"px","top":"0","right":"8","bottom":"0","left":"8","isLinked":false},"margin_tablet":{"unit":"px","top":"0","right":"3","bottom":"0","left":"3","isLinked":false},"margin_mobile":{"unit":"px","top":"0","right":"0","bottom":"0","left":"0","isLinked":true},"padding_mobile":{"unit":"px","top":"30","right":"0","bottom":"30","left":"0","isLinked":false},"section_responsive":"","screen_xs":"default","screen_xs_width":"100","section_custom_css":"","custom_css_description":""},"elements":[{"id":"294d","settings":{"section_header":"","heading":"premium","sub_heading":"","section_pricing":"","price":"19","original_price":"29","period":"\/ MO","section_features":"","features_list":[{"item_text":"Lorem ipsum dolor sit amet","item_icon":"fa fa-check-circle","_id":"em453v5","item_icon_color":"#27c971"},{"item_text":"Etiam pretiumpellentesque ","item_icon":"fa fa-check-circle","_id":"r2fxg8y","item_icon_color":"#27c971"},{"item_text":"Duis a nisl non efficitur","item_icon":"fa fa-check-circle","_id":"jg42wct","item_icon_color":"#27c971"},{"item_text":"Donec sed aliquet justo","item_icon":"fa fa-check-circle","_id":"9ak05kl","item_icon_color":"#27c971"},{"item_text":"Etiam nec pellentesque","item_icon":"fa fa-check-circle","_id":"xz8gem7","item_icon_color":"#27c971"},{"item_text":"Duis a nisl non efficitur","item_icon":"fa fa-check-circle","_id":"6zf2aje","item_icon_color":"#898989"},{"item_text":"Donec sed aliquet justo","item_icon":"fa fa-check-circle","_id":"bk6xsnj","item_icon_color":"#898989"}],"section_footer":"","button_text":"get started!","link":{"is_external":"","url":"#"},"footer_additional_info":"","section_ribbon":"","ribbon_title":"Popular","section_header_style":"","header_bg_color":"#27c971","header_gap":{"unit":"px","size":32},"header_gap_tablet":{"unit":"px","size":"22"},"header_gap_mobile":{"unit":"px","size":"22"},"heading_heading_style":"","heading_typography_typography":"custom","heading_typography_font_size":{"unit":"px","size":"30"},"heading_typography_font_size_tablet":{"unit":"px","size":"25"},"heading_typography_font_family":"PT Sans","heading_typography_text_transform":"uppercase","heading_typography_line_height_tablet":{"unit":"em","size":""},"heading_typography_line_height_mobile":{"unit":"em","size":""},"heading_typography_letter_spacing":{"unit":"px","size":"1"},"heading_sub_heading_style":"","sub_heading_typography_line_height_tablet":{"unit":"em","size":""},"sub_heading_typography_line_height_mobile":{"unit":"em","size":""},"section_pricing_element_style":"","pricing_element_bg_color":"#ffffff","pricing_element_gap":{"unit":"px","size":"40"},"pricing_element_gap_tablet":{"unit":"px","size":"40"},"pricing_element_gap_mobile":{"unit":"px","size":"40"},"heading_currency_style":"","currency_color":"#000000","currency_typography_typography":"custom","currency_typography_font_size":{"unit":"px","size":"30"},"currency_typography_font_size_tablet":{"unit":"px","size":""},"currency_typography_font_size_mobile":{"unit":"px","size":""},"currency_typography_font_family":"PT Sans","currency_typography_font_weight":"","currency_typography_text_transform":"","currency_typography_font_style":"","currency_typography_line_height":{"unit":"em","size":""},"currency_typography_line_height_tablet":{"unit":"em","size":""},"currency_typography_line_height_mobile":{"unit":"em","size":""},"currency_typography_letter_spacing":{"unit":"px","size":""},"currency_typography_letter_spacing_tablet":{"unit":"px","size":""},"currency_typography_letter_spacing_mobile":{"unit":"px","size":""},"heading_price_style":"","price_color":"#000000","price_typography_typography":"custom","price_typography_font_size":{"unit":"px","size":"80"},"price_typography_font_size_tablet":{"unit":"px","size":"60"},"price_typography_font_family":"PT Sans","price_typography_line_height_tablet":{"unit":"em","size":""},"price_typography_line_height_mobile":{"unit":"em","size":""},"heading_original_price_style":"","original_price_typography_line_height_tablet":{"unit":"em","size":""},"original_price_typography_line_height_mobile":{"unit":"em","size":""},"fractional_part_style":"","fractional_part_color":"","fractional_part_typography_typography":"custom","fractional_part_typography_font_size":{"unit":"px","size":"30"},"fractional_part_typography_font_size_tablet":{"unit":"px","size":""},"fractional_part_typography_font_size_mobile":{"unit":"px","size":""},"fractional_part_typography_font_family":"PT Sans","fractional_part_typography_font_weight":"","fractional_part_typography_text_transform":"","fractional_part_typography_font_style":"","fractional_part_typography_line_height":{"unit":"em","size":""},"fractional_part_typography_line_height_tablet":{"unit":"em","size":""},"fractional_part_typography_line_height_mobile":{"unit":"em","size":""},"fractional_part_typography_letter_spacing":{"unit":"px","size":""},"fractional_part_typography_letter_spacing_tablet":{"unit":"px","size":""},"fractional_part_typography_letter_spacing_mobile":{"unit":"px","size":""},"fractional_part_vertical_position":"bottom","period_style":"","period_color":"#000000","period_typography_typography":"custom","period_typography_font_size":{"unit":"px","size":"25"},"period_typography_font_family":"PT Sans","period_typography_font_weight":"bold","period_typography_line_height":{"unit":"em","size":1.4},"period_typography_line_height_tablet":{"unit":"em","size":""},"period_typography_line_height_mobile":{"unit":"em","size":""},"period_typography_letter_spacing":{"unit":"px","size":0},"period_position":"beside","section_features_list_style":"","features_list_bg_color":"#ffffff","features_list_gap":{"unit":"px","size":""},"features_list_gap_tablet":{"unit":"px","size":""},"features_list_gap_mobile":{"unit":"px","size":""},"features_list_typography_typography":"custom","features_list_typography_font_size":{"unit":"px","size":"16"},"features_list_typography_font_size_tablet":{"unit":"px","size":"13"},"features_list_typography_font_family":"PT Sans","features_list_typography_font_style":"italic","features_list_typography_line_height_tablet":{"unit":"em","size":""},"features_list_typography_line_height_mobile":{"unit":"em","size":""},"features_list_alignment":"left","item_width":{"unit":"%","size":59},"divider_color":"","divider_width":{"unit":"%","size":71},"divider_gap":{"unit":"px","size":"18"},"section_footer_style":"","footer_bg_color":"#ffffff","footer_gap":{"unit":"px","size":51},"footer_gap_tablet":{"unit":"px","size":"30"},"footer_gap_mobile":{"unit":"px","size":"30"},"heading_footer_button":"","tabs_button_style":"","tab_button_normal":"","button_text_color":"#27c971","button_typography_typography":"custom","button_typography_font_size":{"unit":"px","size":"25"},"button_typography_font_size_tablet":{"unit":"px","size":"14"},"button_typography_font_family":"PT Sans","button_typography_font_weight":"bold","button_typography_text_transform":"capitalize","button_typography_line_height_tablet":{"unit":"em","size":""},"button_typography_line_height_mobile":{"unit":"em","size":""},"button_typography_letter_spacing":{"unit":"px","size":"2"},"button_background_color":"rgba(0,0,0,0)","button_border_border":"solid","button_border_width":{"unit":"px","top":"2","right":"2","bottom":"2","left":"2","isLinked":true},"button_border_color":"#27c971","button_border_radius":{"unit":"px","top":"5","right":"5","bottom":"5","left":"5","isLinked":true},"tab_button_hover":"","button_hover_color":"#ffffff","button_background_hover_color":"#000000","button_hover_border_color":"#000000","heading_additional_info":"","additional_info_typography_line_height_tablet":{"unit":"em","size":""},"additional_info_typography_line_height_mobile":{"unit":"em","size":""},"section_ribbon_style":"","ribbon_bg_color":"#191919","ribbon_distance":{"unit":"px","size":37},"ribbon_distance_tablet":{"unit":"px","size":27},"ribbon_distance_mobile":{"unit":"px","size":35},"ribbon_typography_typography":"custom","ribbon_typography_font_size":{"unit":"px","size":"15"},"ribbon_typography_font_size_tablet":{"unit":"px","size":"13"},"ribbon_typography_font_family":"PT Sans","ribbon_typography_font_weight":"900","ribbon_typography_line_height":{"unit":"em","size":2.4},"ribbon_typography_line_height_tablet":{"unit":"em","size":""},"ribbon_typography_line_height_mobile":{"unit":"em","size":""},"box_shadow_box_shadow":{"horizontal":0,"vertical":0,"blur":10,"spread":0,"inset":"","color":"rgba(0,0,0,0.5)"},"_section_style":"","_section_background":"","_box_shadow_box_shadow":{"horizontal":0,"vertical":0,"blur":10,"spread":0,"inset":"","color":"rgba(0,0,0,0.5)"},"_section_responsive":"","responsive_description":"","section_custom_css":"","custom_css_description":"","header_padding":{"unit":"px","top":"32","right":"32","bottom":"32","left":"32","isLinked":true},"header_padding_tablet":{"unit":"px","top":"23","right":"0","bottom":"23","left":"0","isLinked":false},"pricing_element_padding":{"unit":"px","top":"45","right":"45","bottom":"45","left":"45","isLinked":true},"pricing_element_padding_tablet":{"unit":"px","top":"40","right":"40","bottom":"40","left":"40","isLinked":true},"currency_size":{"unit":"px","size":"35"},"original_price_vertical_position":"","item_width_tablet":{"unit":"px","size":"85"},"footer_padding":{"unit":"px","top":"60","right":"0","bottom":"60","left":"0","isLinked":false},"footer_padding_tablet":{"unit":"px","top":"40","right":"0","bottom":"40","left":"0","isLinked":false},"heading_period_style":""},"elements":[],"isInner":false,"widgetType":"price-table","elType":"widget"}],"isInner":true,"elType":"column"},{"id":"6750","settings":{"_column_size":33,"_inline_size":null,"section_style":"","box_shadow_box_shadow":{"horizontal":0,"vertical":0,"blur":10,"spread":0,"inset":"","color":"rgba(0,0,0,0.5)"},"section_background_overlay":"","section_typo":"","section_advanced":"","margin":{"unit":"px","top":"0","right":"0","bottom":"0","left":"16","isLinked":false},"margin_tablet":{"unit":"px","top":"0","right":"0","bottom":"0","left":"6","isLinked":false},"margin_mobile":{"unit":"px","top":"0","right":"0","bottom":"0","left":"0","isLinked":true},"section_responsive":"","screen_xs":"default","screen_xs_width":"100","section_custom_css":"","custom_css_description":""},"elements":[{"id":"5913","settings":{"section_header":"","heading":"Team","sub_heading":"","section_pricing":"","price":"59","original_price":"29","period":"\/ MO","section_features":"","features_list":[{"item_text":"Lorem ipsum dolor sit amet","item_icon":"fa fa-check-circle","_id":"em453v5","item_icon_color":"#27c971"},{"item_text":"Etiam pretium pellentesque ","item_icon":"fa fa-check-circle","_id":"r2fxg8y","item_icon_color":"#27c971"},{"item_text":"Duis a nisll non enim","item_icon":"fa fa-check-circle","_id":"jg42wct","item_icon_color":"#27c971"},{"item_text":"Donec sed aliquet justo","item_icon":"fa fa-check-circle","_id":"9ak05kl","item_icon_color":"#27c971"},{"item_text":"Etiam nec pellentesque","item_icon":"fa fa-check-circle","_id":"xz8gem7","item_icon_color":"#27c971"},{"item_text":"Duis a nisl non efficitur","item_icon":"fa fa-check-circle","_id":"6zf2aje","item_icon_color":"#27c971"},{"item_text":"Donec sed aliquet justo","item_icon":"fa fa-check-circle","_id":"bk6xsnj","item_icon_color":"#27c971"}],"section_footer":"","button_text":"get started!","link":{"is_external":"","url":"#"},"footer_additional_info":"","section_ribbon":"","ribbon_title":"","section_header_style":"","header_bg_color":"#27c971","header_gap":{"unit":"px","size":32},"header_gap_tablet":{"unit":"px","size":"22"},"header_gap_mobile":{"unit":"px","size":"22"},"heading_heading_style":"","heading_typography_typography":"custom","heading_typography_font_size":{"unit":"px","size":"30"},"heading_typography_font_size_tablet":{"unit":"px","size":"25"},"heading_typography_font_family":"PT Sans","heading_typography_text_transform":"uppercase","heading_typography_line_height_tablet":{"unit":"em","size":""},"heading_typography_line_height_mobile":{"unit":"em","size":""},"heading_typography_letter_spacing":{"unit":"px","size":"1"},"heading_sub_heading_style":"","sub_heading_typography_line_height_tablet":{"unit":"em","size":""},"sub_heading_typography_line_height_mobile":{"unit":"em","size":""},"section_pricing_element_style":"","pricing_element_bg_color":"#ffffff","pricing_element_gap":{"unit":"px","size":"40"},"pricing_element_gap_tablet":{"unit":"px","size":"40"},"pricing_element_gap_mobile":{"unit":"px","size":"40"},"heading_currency_style":"","currency_color":"#000000","currency_typography_typography":"custom","currency_typography_font_size":{"unit":"px","size":"30"},"currency_typography_font_size_tablet":{"unit":"px","size":""},"currency_typography_font_size_mobile":{"unit":"px","size":""},"currency_typography_font_family":"PT Sans","currency_typography_font_weight":"","currency_typography_text_transform":"","currency_typography_font_style":"","currency_typography_line_height":{"unit":"em","size":""},"currency_typography_line_height_tablet":{"unit":"em","size":""},"currency_typography_line_height_mobile":{"unit":"em","size":""},"currency_typography_letter_spacing":{"unit":"px","size":""},"currency_typography_letter_spacing_tablet":{"unit":"px","size":""},"currency_typography_letter_spacing_mobile":{"unit":"px","size":""},"heading_price_style":"","price_color":"#000000","price_typography_typography":"custom","price_typography_font_size":{"unit":"px","size":"80"},"price_typography_font_size_tablet":{"unit":"px","size":"60"},"price_typography_font_family":"PT Sans","price_typography_line_height_tablet":{"unit":"em","size":""},"price_typography_line_height_mobile":{"unit":"em","size":""},"heading_original_price_style":"","original_price_typography_line_height_tablet":{"unit":"em","size":""},"original_price_typography_line_height_mobile":{"unit":"em","size":""},"fractional_part_style":"","fractional_part_color":"","fractional_part_typography_typography":"custom","fractional_part_typography_font_size":{"unit":"px","size":"30"},"fractional_part_typography_font_size_tablet":{"unit":"px","size":""},"fractional_part_typography_font_size_mobile":{"unit":"px","size":""},"fractional_part_typography_font_family":"PT Sans","fractional_part_typography_font_weight":"","fractional_part_typography_text_transform":"","fractional_part_typography_font_style":"","fractional_part_typography_line_height":{"unit":"em","size":""},"fractional_part_typography_line_height_tablet":{"unit":"em","size":""},"fractional_part_typography_line_height_mobile":{"unit":"em","size":""},"fractional_part_typography_letter_spacing":{"unit":"px","size":""},"fractional_part_typography_letter_spacing_tablet":{"unit":"px","size":""},"fractional_part_typography_letter_spacing_mobile":{"unit":"px","size":""},"fractional_part_vertical_position":"bottom","period_style":"","period_color":"#000000","period_typography_typography":"custom","period_typography_font_size":{"unit":"px","size":"25"},"period_typography_font_family":"PT Sans","period_typography_font_weight":"bold","period_typography_line_height":{"unit":"em","size":1.4},"period_typography_line_height_tablet":{"unit":"em","size":""},"period_typography_line_height_mobile":{"unit":"em","size":""},"period_typography_letter_spacing":{"unit":"px","size":0},"period_position":"beside","section_features_list_style":"","features_list_bg_color":"#ffffff","features_list_gap":{"unit":"px","size":""},"features_list_gap_tablet":{"unit":"px","size":""},"features_list_gap_mobile":{"unit":"px","size":""},"features_list_typography_typography":"custom","features_list_typography_font_size":{"unit":"px","size":"16"},"features_list_typography_font_size_tablet":{"unit":"px","size":"13"},"features_list_typography_font_family":"PT Sans","features_list_typography_font_style":"italic","features_list_typography_line_height_tablet":{"unit":"em","size":""},"features_list_typography_line_height_mobile":{"unit":"em","size":""},"features_list_alignment":"left","item_width":{"unit":"%","size":59},"divider_color":"","divider_width":{"unit":"%","size":71},"divider_gap":{"unit":"px","size":"18"},"section_footer_style":"","footer_bg_color":"#ffffff","footer_gap":{"unit":"px","size":51},"footer_gap_tablet":{"unit":"px","size":"30"},"footer_gap_mobile":{"unit":"px","size":"30"},"heading_footer_button":"","tabs_button_style":"","tab_button_normal":"","button_text_color":"#27c971","button_typography_typography":"custom","button_typography_font_size":{"unit":"px","size":"25"},"button_typography_font_size_tablet":{"unit":"px","size":"14"},"button_typography_font_family":"PT Sans","button_typography_font_weight":"bold","button_typography_text_transform":"capitalize","button_typography_line_height_tablet":{"unit":"em","size":""},"button_typography_line_height_mobile":{"unit":"em","size":""},"button_typography_letter_spacing":{"unit":"px","size":"2"},"button_background_color":"rgba(0,0,0,0)","button_border_border":"solid","button_border_width":{"unit":"px","top":"2","right":"2","bottom":"2","left":"2","isLinked":true},"button_border_color":"#27c971","button_border_radius":{"unit":"px","top":"5","right":"5","bottom":"5","left":"5","isLinked":true},"tab_button_hover":"","button_hover_color":"#ffffff","button_background_hover_color":"#000000","button_hover_border_color":"#000000","heading_additional_info":"","additional_info_typography_line_height_tablet":{"unit":"em","size":""},"additional_info_typography_line_height_mobile":{"unit":"em","size":""},"section_ribbon_style":"","ribbon_bg_color":"#000000","ribbon_distance":{"unit":"px","size":37},"ribbon_distance_tablet":{"unit":"px","size":35},"ribbon_distance_mobile":{"unit":"px","size":35},"ribbon_typography_typography":"custom","ribbon_typography_font_size":{"unit":"px","size":"15"},"ribbon_typography_font_family":"PT Sans","ribbon_typography_font_weight":"900","ribbon_typography_line_height":{"unit":"em","size":2.4},"ribbon_typography_line_height_tablet":{"unit":"em","size":""},"ribbon_typography_line_height_mobile":{"unit":"em","size":""},"box_shadow_box_shadow":{"horizontal":0,"vertical":0,"blur":10,"spread":0,"inset":"","color":"rgba(0,0,0,0.5)"},"_section_style":"","_section_background":"","_box_shadow_box_shadow":{"horizontal":0,"vertical":0,"blur":10,"spread":0,"inset":"","color":"rgba(0,0,0,0.5)"},"_section_responsive":"","responsive_description":"","section_custom_css":"","custom_css_description":"","header_padding":{"unit":"px","top":"32","right":"32","bottom":"32","left":"32","isLinked":true},"header_padding_tablet":{"unit":"px","top":"23","right":"0","bottom":"23","left":"0","isLinked":false},"pricing_element_padding":{"unit":"px","top":"45","right":"45","bottom":"45","left":"45","isLinked":true},"pricing_element_padding_tablet":{"unit":"px","top":"40","right":"40","bottom":"40","left":"40","isLinked":true},"currency_size":{"unit":"px","size":"35"},"original_price_vertical_position":"","item_width_tablet":{"unit":"px","size":"85"},"footer_padding":{"unit":"px","top":"60","right":"0","bottom":"60","left":"0","isLinked":false},"footer_padding_tablet":{"unit":"px","top":"40","right":"0","bottom":"40","left":"0","isLinked":false},"heading_period_style":""},"elements":[],"isInner":false,"widgetType":"price-table","elType":"widget"}],"isInner":true,"elType":"column"}],"isInner":true,"elType":"section"}],"isInner":false,"elType":"column"}],"isInner":false,"elType":"section"},{"id":"2d03","settings":{"section_layout":"","gap":"no","section_background":"","background_background":"classic","background_color":"#161616","background_overlay_section":"","section_border":"","box_shadow_box_shadow":{"horizontal":0,"vertical":0,"blur":10,"spread":0,"inset":"","color":"rgba(0,0,0,0.5)"},"section_typo":"","section_advanced":"","padding":{"unit":"px","top":"15","right":"0","bottom":"150","left":"0","isLinked":false},"padding_tablet":{"unit":"px","top":"100","right":"0","bottom":"100","left":"0","isLinked":false},"padding_mobile":{"unit":"px","top":"30","right":"20","bottom":"0","left":"20","isLinked":false},"_section_responsive":"","heading_visibility":"","responsive_description":"","section_custom_css":"","custom_css_description":"","section_custom_css_pro":"","custom_css_pro":""},"elements":[{"id":"29b2","settings":{"_column_size":100,"_inline_size":null,"section_style":"","box_shadow_box_shadow":{"horizontal":0,"vertical":0,"blur":10,"spread":0,"inset":"","color":"rgba(0,0,0,0.5)"},"section_background_overlay":"","section_typo":"","section_advanced":"","section_responsive":"","screen_xs":"default","screen_xs_width":"100","section_custom_css":"","custom_css_description":"","section_custom_css_pro":"","custom_css_pro":""},"elements":[{"id":"287c","settings":{"section_icon":"","view":"stacked","icon":"fa fa-angle-double-down","link":{"is_external":"","url":""},"align_tablet":"center","align_mobile":"center","section_style_icon":"","primary_color":"#27c971","size":{"unit":"px","size":"30"},"section_hover":"","_section_style":"","_margin":{"unit":"px","top":"-50","right":"0","bottom":"0","left":"0","isLinked":false},"_margin_tablet":{"unit":"px","top":"-130","right":"0","bottom":"0","left":"0","isLinked":false},"_margin_mobile":{"unit":"px","top":"-61","right":"0","bottom":"0","left":"0","isLinked":false},"_padding":{"unit":"px","top":"0","right":"0","bottom":"80","left":"0","isLinked":false},"_padding_tablet":{"unit":"px","top":"0","right":"0","bottom":"40","left":"0","isLinked":false},"_section_background":"","_box_shadow_box_shadow":{"horizontal":0,"vertical":0,"blur":10,"spread":0,"inset":"","color":"rgba(0,0,0,0.5)"},"_section_responsive":"","responsive_description":"","section_custom_css":"","custom_css_description":""},"elements":[],"isInner":false,"widgetType":"icon","elType":"widget"},{"id":"3505","settings":{"section_title":"","title":"We invite you to explore the free trial today!  ","link":{"is_external":"","url":""},"align":"center","section_title_style":"","title_color":"#ffffff","typography_typography":"custom","typography_font_size":{"unit":"px","size":"55"},"typography_font_size_tablet":{"unit":"px","size":"35"},"typography_font_size_mobile":{"unit":"px","size":"28"},"typography_font_family":"PT Sans","typography_line_height_tablet":{"unit":"em","size":""},"typography_line_height_mobile":{"unit":"em","size":""},"_section_style":"","_section_background":"","_box_shadow_box_shadow":{"horizontal":0,"vertical":0,"blur":10,"spread":0,"inset":"","color":"rgba(0,0,0,0.5)"},"_section_responsive":"","responsive_description":"","section_custom_css":"","custom_css_description":"","section_custom_css_pro":"","custom_css_pro":""},"elements":[],"isInner":false,"widgetType":"heading","elType":"widget"},{"id":"495a","settings":{"section_title":"","title":"The trail version is available for a month, and choose your plan later","link":{"is_external":"","url":""},"header_size":"h4","align":"center","section_title_style":"","title_color":"#ffffff","typography_typography":"custom","typography_font_size":{"unit":"px","size":"25"},"typography_font_size_tablet":{"unit":"px","size":"20"},"typography_font_size_mobile":{"unit":"px","size":"16"},"typography_font_family":"PT Sans","typography_font_style":"italic","typography_line_height_tablet":{"unit":"em","size":""},"typography_line_height_mobile":{"unit":"em","size":1.3},"_section_style":"","_padding":{"unit":"px","top":"0","right":"0","bottom":"80","left":"0","isLinked":false},"_padding_tablet":{"unit":"px","top":"0","right":"0","bottom":"50","left":"0","isLinked":false},"_padding_mobile":{"unit":"px","top":"0","right":"0","bottom":"30","left":"0","isLinked":false},"_section_background":"","_box_shadow_box_shadow":{"horizontal":0,"vertical":0,"blur":10,"spread":0,"inset":"","color":"rgba(0,0,0,0.5)"},"_section_responsive":"","responsive_description":"","section_custom_css":"","custom_css_description":"","section_custom_css_pro":"","custom_css_pro":""},"elements":[],"isInner":false,"widgetType":"heading","elType":"widget"},{"id":"7fbd","settings":{"section_layout":"","gap":"no","structure":"20","section_background":"","background_background":"classic","background_overlay_section":"","section_border":"","box_shadow_box_shadow":{"horizontal":0,"vertical":0,"blur":10,"spread":0,"inset":"","color":"rgba(0,0,0,0.5)"},"section_typo":"","section_advanced":"","padding_tablet":{"unit":"px","top":"0","right":"20","bottom":"0","left":"20","isLinked":false},"padding_mobile":{"unit":"px","top":"0","right":"0","bottom":"0","left":"0","isLinked":true},"_section_responsive":"","reverse_order_mobile":"reverse-mobile","heading_visibility":"","responsive_description":"","section_custom_css":"","custom_css_description":"","section_custom_css_pro":"","custom_css_pro":""},"elements":[{"id":"5068","settings":{"_column_size":50,"_inline_size":null,"section_style":"","background_background":"classic","background_image":{"id":881,"url":"http:\/\/localhost\/checkupdate\/wp-content\/uploads\/2018\/03\/A.png"},"background_position":"center center","background_size":"cover","box_shadow_box_shadow":{"horizontal":0,"vertical":0,"blur":10,"spread":0,"inset":"","color":"rgba(0,0,0,0.5)"},"section_background_overlay":"","section_typo":"","section_advanced":"","padding_mobile":{"unit":"px","top":"180","right":"0","bottom":"180","left":"0","isLinked":false},"section_responsive":"","screen_xs":"default","screen_xs_width":"100","section_custom_css":"","custom_css_description":"","section_custom_css_pro":"","custom_css_pro":""},"elements":[{"id":"578b","settings":{"section_spacer":"","space_tablet":{"unit":"px","size":50},"space_mobile":{"unit":"px","size":50},"_section_style":"","_section_background":"","_box_shadow_box_shadow":{"horizontal":0,"vertical":0,"blur":10,"spread":0,"inset":"","color":"rgba(0,0,0,0.5)"},"_section_responsive":"","responsive_description":"","section_custom_css":"","custom_css_description":"","section_custom_css_pro":"","custom_css_pro":""},"elements":[],"isInner":false,"widgetType":"spacer","elType":"widget"}],"isInner":true,"elType":"column"},{"id":"b14","settings":{"_column_size":50,"_inline_size":null,"section_style":"","background_background":"classic","background_color":"#27c971","box_shadow_box_shadow":{"horizontal":0,"vertical":0,"blur":10,"spread":0,"inset":"","color":"rgba(0,0,0,0.5)"},"section_background_overlay":"","section_typo":"","section_advanced":"","section_responsive":"","screen_xs":"default","screen_xs_width":"100","section_custom_css":"","custom_css_description":"","section_custom_css_pro":"","custom_css_pro":""},"elements":[{"id":"1c81","settings":{"section_title":"","title":"A quick intro to get you started in a snap","link":{"is_external":"","url":""},"header_size":"h1","align":"center","section_title_style":"","title_color":"#ffffff","typography_typography":"custom","typography_font_size":{"unit":"px","size":"25"},"typography_font_size_tablet":{"unit":"px","size":"17"},"typography_font_size_mobile":{"unit":"px","size":"15"},"typography_font_family":"PT Sans","typography_font_weight":"900","typography_line_height_tablet":{"unit":"em","size":""},"typography_line_height_mobile":{"unit":"em","size":1.2},"_section_style":"","_padding":{"unit":"px","top":"60","right":"0","bottom":"00","left":"0","isLinked":false},"_padding_tablet":{"unit":"px","top":"30","right":"0","bottom":"0","left":"0","isLinked":false},"_padding_mobile":{"unit":"px","top":"30","right":"20","bottom":"0","left":"20","isLinked":false},"_section_background":"","_box_shadow_box_shadow":{"horizontal":0,"vertical":0,"blur":10,"spread":0,"inset":"","color":"rgba(0,0,0,0.5)"},"_section_responsive":"","responsive_description":"","section_custom_css":"","custom_css_description":"","section_custom_css_pro":"","custom_css_pro":""},"elements":[],"isInner":false,"widgetType":"heading","elType":"widget"},{"id":"2126","settings":{"section_video":"","link":"https:\/\/www.youtube.com\/watch?v=9uOETcuFjbE","vimeo_link":"https:\/\/vimeo.com\/170933924","aspect_ratio":"43","heading_youtube":"","yt_autoplay":"no","yt_rel":"no","vimeo_autoplay":"no","vimeo_loop":"no","section_image_overlay":"","show_image_overlay":"yes","image_overlay":{"id":882,"url":"http:\/\/localhost\/checkupdate\/wp-content\/uploads\/2018\/03\/B.png"},"show_play_icon":"no","_section_style":"","_padding":{"unit":"px","top":"30","right":"50","bottom":"30","left":"50","isLinked":false},"_padding_tablet":{"unit":"px","top":"10","right":"20","bottom":"10","left":"20","isLinked":false},"_section_background":"","_box_shadow_box_shadow":{"horizontal":0,"vertical":0,"blur":10,"spread":0,"inset":"","color":"rgba(0,0,0,0.5)"},"_section_responsive":"","responsive_description":"","section_custom_css":"","custom_css_description":"","section_custom_css_pro":"","custom_css_pro":""},"elements":[],"isInner":false,"widgetType":"video","elType":"widget"},{"id":"6167","settings":{"section_button":"","text":"stat free trail!","link":{"is_external":"","url":"#"},"align":"center","size":"md","section_style":"","typography_typography":"custom","typography_font_size":{"unit":"px","size":"23"},"typography_font_size_tablet":{"unit":"px","size":"15"},"typography_font_family":"PT Sans","typography_font_weight":"900","typography_line_height_tablet":{"unit":"em","size":""},"typography_line_height_mobile":{"unit":"em","size":""},"typography_letter_spacing":{"unit":"px","size":"1.5"},"background_color":"#097a3c","section_hover":"","_section_style":"","_padding":{"unit":"px","top":"0","right":"0","bottom":"50","left":"0","isLinked":false},"_padding_tablet":{"unit":"px","top":"0","right":"0","bottom":"30","left":"0","isLinked":false},"_section_background":"","_box_shadow_box_shadow":{"horizontal":0,"vertical":0,"blur":10,"spread":0,"inset":"","color":"rgba(0,0,0,0.5)"},"_section_responsive":"","responsive_description":"","section_custom_css":"","custom_css_description":"","section_custom_css_pro":"","custom_css_pro":""},"elements":[],"isInner":false,"widgetType":"button","elType":"widget"}],"isInner":true,"elType":"column"}],"isInner":true,"elType":"section"}],"isInner":false,"elType":"column"}],"isInner":false,"elType":"section"},{"id":"3d0a","settings":{"section_layout":"","structure":"20","section_background":"","background_background":"classic","background_color":"rgba(173,201,185,0.09)","background_overlay_section":"","section_border":"","box_shadow_box_shadow":{"horizontal":0,"vertical":0,"blur":10,"spread":0,"inset":"","color":"rgba(0,0,0,0.5)"},"section_typo":"","section_advanced":"","padding":{"unit":"px","top":"150","right":"0","bottom":"0","left":"0","isLinked":false},"padding_tablet":{"unit":"px","top":"50","right":"20","bottom":"0","left":"20","isLinked":false},"_section_responsive":"","heading_visibility":"","responsive_description":"","section_custom_css":"","custom_css_description":""},"elements":[{"id":"2efe","settings":{"_column_size":50,"_inline_size":null,"section_style":"","background_background":"classic","border_width":{"unit":"px","top":"0","right":"0","bottom":"0","left":"0","isLinked":true},"border_color":"#d8d8d8","box_shadow_box_shadow":{"horizontal":0,"vertical":0,"blur":10,"spread":0,"inset":"","color":"rgba(0,0,0,0.5)"},"section_background_overlay":"","section_typo":"","section_advanced":"","padding":{"unit":"px","top":"0","right":"80","bottom":"0","left":"20","isLinked":false},"padding_tablet":{"unit":"px","top":"0","right":"30","bottom":"0","left":"10","isLinked":false},"padding_mobile":{"unit":"px","top":"0","right":"0","bottom":"0","left":"0","isLinked":true},"section_responsive":"","screen_xs":"default","screen_xs_width":"100","section_custom_css":"","custom_css_description":""},"elements":[{"id":"4480","settings":{"section_title":"","title":"Grow with us\n","link":{"is_external":"","url":""},"header_size":"h5","align":"left","section_title_style":"","title_color":"#000000","typography_typography":"custom","typography_font_size":{"unit":"px","size":"35"},"typography_font_size_tablet":{"unit":"px","size":"23"},"typography_font_family":"PT Sans","typography_font_style":"italic","typography_line_height":{"unit":"em","size":1.4},"typography_line_height_tablet":{"unit":"em","size":""},"typography_line_height_mobile":{"unit":"em","size":""},"_section_style":"","_padding":{"unit":"px","top":"30","right":"0","bottom":"0","left":"0","isLinked":false},"_padding_mobile":{"unit":"px","top":"0","right":"0","bottom":"0","left":"0","isLinked":false},"_section_background":"","_box_shadow_box_shadow":{"horizontal":0,"vertical":0,"blur":10,"spread":0,"inset":"","color":"rgba(0,0,0,0.5)"},"_section_responsive":"","responsive_description":"","section_custom_css":"","custom_css_description":"","section_custom_css_pro":"","custom_css_pro":""},"elements":[],"isInner":false,"widgetType":"heading","elType":"widget"},{"id":"5ab9","settings":{"section_editor":"","editor":"<p>Lorem ipsum dolor sit amet, consectetur adipiscing elit. Etiam pretium nec ipsum non pellentesque. Donec eu purus ligula. Praesent id euismod mi, nec facilisis leo.<\/p>","section_style":"","text_color":"#363636","typography_typography":"custom","typography_font_size":{"unit":"px","size":"18"},"typography_font_size_tablet":{"unit":"px","size":"14"},"typography_font_family":"PT Sans","typography_line_height_tablet":{"unit":"em","size":""},"typography_line_height_mobile":{"unit":"em","size":""},"_section_style":"","_padding":{"unit":"px","top":"0","right":"0","bottom":"30","left":"0","isLinked":false},"_padding_tablet":{"unit":"px","top":"0","right":"0","bottom":"30","left":"0","isLinked":false},"_padding_mobile":{"unit":"px","top":"0","right":"0","bottom":"10","left":"0","isLinked":false},"_section_background":"","_box_shadow_box_shadow":{"horizontal":0,"vertical":0,"blur":10,"spread":0,"inset":"","color":"rgba(0,0,0,0.5)"},"_section_responsive":"","responsive_description":"","section_custom_css":"","custom_css_description":""},"elements":[],"isInner":false,"widgetType":"text-editor","elType":"widget"}],"isInner":false,"elType":"column"},{"id":"6975","settings":{"_column_size":50,"_inline_size":null,"section_style":"","border_width":{"unit":"px","top":"0","right":"0","bottom":"3","left":"0","isLinked":false},"border_color":"#d8d8d8","box_shadow_box_shadow":{"horizontal":0,"vertical":0,"blur":10,"spread":0,"inset":"","color":"rgba(0,0,0,0.5)"},"section_background_overlay":"","section_typo":"","section_advanced":"","padding":{"unit":"px","top":"0","right":"20","bottom":"0","left":"80","isLinked":false},"padding_tablet":{"unit":"px","top":"0","right":"10","bottom":"0","left":"30","isLinked":false},"padding_mobile":{"unit":"px","top":"0","right":"0","bottom":"0","left":"0","isLinked":true},"section_responsive":"","screen_xs":"default","screen_xs_width":"100","section_custom_css":"","custom_css_description":""},"elements":[{"id":"165f","settings":{"section_title":"","title":"Be a part of the communty\n","link":{"is_external":"","url":""},"header_size":"h5","align":"left","section_title_style":"","title_color":"#000000","typography_typography":"custom","typography_font_size":{"unit":"px","size":"35"},"typography_font_size_tablet":{"unit":"px","size":"23"},"typography_font_family":"PT Sans","typography_font_style":"italic","typography_line_height":{"unit":"em","size":1.4},"typography_line_height_tablet":{"unit":"em","size":""},"typography_line_height_mobile":{"unit":"em","size":""},"_section_style":"","_padding":{"unit":"px","top":"30","right":"0","bottom":"0","left":"0","isLinked":false},"_section_background":"","_box_shadow_box_shadow":{"horizontal":0,"vertical":0,"blur":10,"spread":0,"inset":"","color":"rgba(0,0,0,0.5)"},"_section_responsive":"","responsive_description":"","section_custom_css":"","custom_css_description":"","section_custom_css_pro":"","custom_css_pro":""},"elements":[],"isInner":false,"widgetType":"heading","elType":"widget"},{"id":"28ac","settings":{"section_editor":"","editor":"<p>Lorem ipsum dolor sit amet, consectetur adipiscing elit. Quisque quis quis vestibulum magna. Etiam pretium nec ipsum non pellentesque. Praesent id euismod mi, nec facilisis leo.<\/p>","section_style":"","text_color":"#363636","typography_typography":"custom","typography_font_size":{"unit":"px","size":"18"},"typography_font_size_tablet":{"unit":"px","size":"14"},"typography_font_family":"PT Sans","typography_line_height_tablet":{"unit":"em","size":""},"typography_line_height_mobile":{"unit":"em","size":""},"_section_style":"","_padding":{"unit":"px","top":"0","right":"0","bottom":"30","left":"0","isLinked":false},"_padding_mobile":{"unit":"px","top":"0","right":"0","bottom":"10","left":"0","isLinked":false},"_section_background":"","_box_shadow_box_shadow":{"horizontal":0,"vertical":0,"blur":10,"spread":0,"inset":"","color":"rgba(0,0,0,0.5)"},"_section_responsive":"","responsive_description":"","section_custom_css":"","custom_css_description":""},"elements":[],"isInner":false,"widgetType":"text-editor","elType":"widget"}],"isInner":false,"elType":"column"}],"isInner":false,"elType":"section"},{"id":"522d","settings":{"section_layout":"","structure":"20","section_background":"","background_background":"classic","background_color":"rgba(173,201,185,0.09)","background_overlay_section":"","section_border":"","box_shadow_box_shadow":{"horizontal":0,"vertical":0,"blur":10,"spread":0,"inset":"","color":"rgba(0,0,0,0.5)"},"section_typo":"","section_advanced":"","padding":{"unit":"px","top":"0","right":"0","bottom":"150","left":"0","isLinked":false},"padding_tablet":{"unit":"px","top":"0","right":"20","bottom":"50","left":"20","isLinked":false},"_section_responsive":"","heading_visibility":"","responsive_description":"","section_custom_css":"","custom_css_description":""},"elements":[{"id":"27f1","settings":{"_column_size":50,"_inline_size":null,"section_style":"","border_width":{"unit":"px","top":"0","right":"3","bottom":"0","left":"0","isLinked":false},"border_color":"#d8d8d8","box_shadow_box_shadow":{"horizontal":0,"vertical":0,"blur":10,"spread":0,"inset":"","color":"rgba(0,0,0,0.5)"},"section_background_overlay":"","section_typo":"","section_advanced":"","padding":{"unit":"px","top":"0","right":"80","bottom":"0","left":"20","isLinked":false},"padding_tablet":{"unit":"px","top":"0","right":"30","bottom":"0","left":"10","isLinked":false},"padding_mobile":{"unit":"px","top":"0","right":"0","bottom":"0","left":"0","isLinked":true},"section_responsive":"","screen_xs":"default","screen_xs_width":"100","section_custom_css":"","custom_css_description":""},"elements":[{"id":"397b","settings":{"section_title":"","title":"Available as a white label\n","link":{"is_external":"","url":""},"header_size":"h5","align":"left","section_title_style":"","title_color":"#000000","typography_typography":"custom","typography_font_size":{"unit":"px","size":"35"},"typography_font_size_tablet":{"unit":"px","size":"23"},"typography_font_family":"PT Sans","typography_font_style":"italic","typography_line_height":{"unit":"em","size":1.4},"typography_line_height_tablet":{"unit":"em","size":""},"typography_line_height_mobile":{"unit":"em","size":""},"_section_style":"","_padding":{"unit":"px","top":"30","right":"0","bottom":"0","left":"0","isLinked":false},"_section_background":"","_box_shadow_box_shadow":{"horizontal":0,"vertical":0,"blur":10,"spread":0,"inset":"","color":"rgba(0,0,0,0.5)"},"_section_responsive":"","responsive_description":"","section_custom_css":"","custom_css_description":"","section_custom_css_pro":"","custom_css_pro":""},"elements":[],"isInner":false,"widgetType":"heading","elType":"widget"},{"id":"2398","settings":{"section_editor":"","editor":"<p>Quisque quis quis vestibulum magna. Etiam pretium nec ipsum non pellentesque. Donec eu purus ligula dolor sit amet, consectetur. Praesent id euismod mi, nec facilisis leo.<\/p>","section_style":"","text_color":"#363636","typography_typography":"custom","typography_font_size":{"unit":"px","size":"18"},"typography_font_size_tablet":{"unit":"px","size":"14"},"typography_font_family":"PT Sans","typography_line_height_tablet":{"unit":"em","size":""},"typography_line_height_mobile":{"unit":"em","size":""},"_section_style":"","_padding":{"unit":"px","top":"0","right":"0","bottom":"30","left":"0","isLinked":false},"_padding_mobile":{"unit":"px","top":"0","right":"0","bottom":"10","left":"0","isLinked":false},"_section_background":"","_box_shadow_box_shadow":{"horizontal":0,"vertical":0,"blur":10,"spread":0,"inset":"","color":"rgba(0,0,0,0.5)"},"_section_responsive":"","responsive_description":"","section_custom_css":"","custom_css_description":""},"elements":[],"isInner":false,"widgetType":"text-editor","elType":"widget"}],"isInner":false,"elType":"column"},{"id":"6144","settings":{"_column_size":50,"_inline_size":null,"section_style":"","background_background":"classic","border_width":{"unit":"px","top":"0","right":"0","bottom":"0","left":"0","isLinked":false},"border_color":"#d8d8d8","box_shadow_box_shadow":{"horizontal":0,"vertical":0,"blur":10,"spread":0,"inset":"","color":"rgba(0,0,0,0.5)"},"section_background_overlay":"","section_typo":"","section_advanced":"","padding":{"unit":"px","top":"0","right":"20","bottom":"0","left":"80","isLinked":false},"padding_tablet":{"unit":"px","top":"0","right":"10","bottom":"0","left":"30","isLinked":false},"padding_mobile":{"unit":"px","top":"0","right":"0","bottom":"0","left":"0","isLinked":true},"section_responsive":"","screen_xs":"default","screen_xs_width":"100","section_custom_css":"","custom_css_description":""},"elements":[{"id":"1fd6","settings":{"section_title":"","title":"Cancel at any time\n","link":{"is_external":"","url":""},"header_size":"h5","align":"left","section_title_style":"","title_color":"#000000","typography_typography":"custom","typography_font_size":{"unit":"px","size":"35"},"typography_font_size_tablet":{"unit":"px","size":"23"},"typography_font_family":"PT Sans","typography_font_style":"italic","typography_line_height":{"unit":"em","size":1.4},"typography_line_height_tablet":{"unit":"em","size":""},"typography_line_height_mobile":{"unit":"em","size":""},"_section_style":"","_padding":{"unit":"px","top":"30","right":"0","bottom":"0","left":"0","isLinked":false},"_section_background":"","_box_shadow_box_shadow":{"horizontal":0,"vertical":0,"blur":10,"spread":0,"inset":"","color":"rgba(0,0,0,0.5)"},"_section_responsive":"","responsive_description":"","section_custom_css":"","custom_css_description":"","section_custom_css_pro":"","custom_css_pro":""},"elements":[],"isInner":false,"widgetType":"heading","elType":"widget"},{"id":"7257","settings":{"section_editor":"","editor":"<p>Lorem ipsum dolor sit amet, consectetur adipiscing elit. Quisque quis quis pretium nec ipsum non pellentesque. Donec eu purus ligula. Praesent id euismod mi, nec facilisis leo.<\/p>","section_style":"","text_color":"#363636","typography_typography":"custom","typography_font_size":{"unit":"px","size":"18"},"typography_font_size_tablet":{"unit":"px","size":"14"},"typography_font_family":"PT Sans","typography_line_height_tablet":{"unit":"em","size":""},"typography_line_height_mobile":{"unit":"em","size":""},"_section_style":"","_padding":{"unit":"px","top":"0","right":"0","bottom":"30","left":"0","isLinked":false},"_padding_mobile":{"unit":"px","top":"0","right":"0","bottom":"10","left":"0","isLinked":false},"_section_background":"","_box_shadow_box_shadow":{"horizontal":0,"vertical":0,"blur":10,"spread":0,"inset":"","color":"rgba(0,0,0,0.5)"},"_section_responsive":"","responsive_description":"","section_custom_css":"","custom_css_description":""},"elements":[],"isInner":false,"widgetType":"text-editor","elType":"widget"}],"isInner":false,"elType":"column"}],"isInner":false,"elType":"section"},{"id":"4db0","settings":{"section_layout":"","section_background":"","background_background":"classic","background_color":"#161616","background_overlay_section":"","section_border":"","box_shadow_box_shadow":{"horizontal":0,"vertical":0,"blur":10,"spread":0,"inset":"","color":"rgba(0,0,0,0.5)"},"section_typo":"","section_advanced":"","padding":{"unit":"px","top":"80","right":"0","bottom":"80","left":"0","isLinked":false},"_section_responsive":"","heading_visibility":"","responsive_description":"","section_custom_css":"","custom_css_description":""},"elements":[{"id":"5cf3","settings":{"_column_size":100,"_inline_size":null,"section_style":"","box_shadow_box_shadow":{"horizontal":0,"vertical":0,"blur":10,"spread":0,"inset":"","color":"rgba(0,0,0,0.5)"},"section_background_overlay":"","section_typo":"","section_advanced":"","section_responsive":"","screen_xs":"default","screen_xs_width":"100","section_custom_css":"","custom_css_description":""},"elements":[{"id":"6362","settings":{"section_image_carousel":"","carousel":[{"id":"413","url":"http:\/\/localhost\/checkupdate\/wp-content\/uploads\/2018\/03\/FIFTHFLOUR.png"},{"id":"389","url":"http:\/\/localhost\/checkupdate\/wp-content\/uploads\/2018\/03\/zusman.png"},{"id":"384","url":"http:\/\/localhost\/checkupdate\/wp-content\/uploads\/2018\/03\/ARMOND.png"},{"id":883,"url":"http:\/\/localhost\/checkupdate\/wp-content\/uploads\/2018\/03\/larozse-1.png"},{"id":"414","url":"http:\/\/localhost\/checkupdate\/wp-content\/uploads\/2018\/03\/GEO.png"},{"id":"387","url":"http:\/\/localhost\/checkupdate\/wp-content\/uploads\/2018\/03\/darkside.png"},{"id":"415","url":"http:\/\/localhost\/checkupdate\/wp-content\/uploads\/2018\/03\/BASTIL.png"},{"id":"385","url":"http:\/\/localhost\/checkupdate\/wp-content\/uploads\/2018\/03\/BOLEIR.png"},{"id":"388","url":"http:\/\/localhost\/checkupdate\/wp-content\/uploads\/2018\/03\/MADRIN.png"}],"thumbnail_size":"full","thumbnail_custom_dimension":{"width":"180","height":"120"},"slides_to_show":"6","slides_to_scroll":"5","link":{"is_external":"","url":""},"section_additional_options":"","section_style_navigation":"","heading_style_arrows":"","heading_style_dots":"","section_style_image":"","image_spacing":"custom","image_spacing_custom":{"unit":"px","size":80},"_section_style":"","_section_background":"","_box_shadow_box_shadow":{"horizontal":0,"vertical":0,"blur":10,"spread":0,"inset":"","color":"rgba(0,0,0,0.5)"},"_section_responsive":"","responsive_description":"","section_custom_css":"","custom_css_description":""},"elements":[],"isInner":false,"widgetType":"image-carousel","elType":"widget"}],"isInner":false,"elType":"column"}],"isInner":false,"elType":"section"}]}