{"version":"0.4","title":"Landing Page \u2013 Coacher","type":"page","content":[{"id":"1b2a","settings":{"gap":"no","content_position":"bottom","structure":"20","background_background":"classic","background_image":{"id":616,"url":"http:\/\/localhost\/checkupdate\/wp-content\/uploads\/2018\/03\/kari-shea-180802-1.png"},"background_position":"center center","background_size":"cover","padding":{"unit":"px","top":"100","right":"100","bottom":"0","left":"100","isLinked":false},"padding_tablet":{"unit":"px","top":"100","right":"30","bottom":"0","left":"30","isLinked":false},"padding_mobile":{"unit":"px","top":"60","right":"30","bottom":"400","left":"30","isLinked":false}},"elements":[{"id":"6fff","settings":{"_column_size":50,"_inline_size":null,"content_position":"top"},"elements":[{"id":"7359","settings":{"title":"Life coach Tom - Find & live your purpose without fear","align_mobile":"center","title_color":"#6bd2b6","typography_typography":"custom","typography_font_size":{"unit":"px","size":"50"},"typography_font_size_tablet":{"unit":"px","size":"33"},"typography_font_size_mobile":{"unit":"px","size":"34"},"typography_font_family":"Abel","typography_font_weight":"700","_padding":{"unit":"px","top":"50","right":"0","bottom":"0","left":"0","isLinked":false},"_padding_mobile":{"unit":"px","top":"0","right":"0","bottom":"0","left":"0","isLinked":false}},"elements":[],"isInner":false,"widgetType":"heading","elType":"widget"},{"id":"6b1e","settings":{"title":"I specialize in helping people figure out what it is that makes them happy and fulfilled in life, while maintaining steady and predictable success goals","align_mobile":"center","title_color":"#ffffff","typography_typography":"custom","typography_font_size":{"unit":"px","size":"25"},"typography_font_size_tablet":{"unit":"px","size":"18"},"typography_font_size_mobile":{"unit":"px","size":"20"},"typography_font_family":"Roboto Condensed","typography_font_weight":"100","typography_line_height":{"unit":"em","size":"1.4"}},"elements":[],"isInner":false,"widgetType":"heading","elType":"widget"}],"isInner":false,"elType":"column"},{"id":"6c15","settings":{"_column_size":50,"_inline_size":null},"elements":[{"id":"11cc","settings":{"image":{"id":615,"url":"http:\/\/localhost\/checkupdate\/wp-content\/uploads\/2018\/03\/482174_PR_122___SI___29_04_14_617-m.png"},"image_size":"full","_margin_tablet":{"unit":"px","top":"0","right":"0","bottom":"0","left":"0","isLinked":false},"_padding_tablet":{"unit":"px","top":"0","right":"0","bottom":"0","left":"0","isLinked":false},"hide_mobile":"hidden-phone"},"elements":[],"isInner":false,"widgetType":"image","elType":"widget"}],"isInner":false,"elType":"column"}],"isInner":false,"elType":"section"},{"id":"3491","settings":{"background_background":"classic","margin":{"unit":"px","top":"-270","right":0,"bottom":"0","left":0,"isLinked":false},"margin_tablet":{"unit":"px","top":"-168","right":0,"bottom":"0","left":0,"isLinked":false},"margin_mobile":{"unit":"px","top":"-400","right":0,"bottom":"0","left":0,"isLinked":false},"padding":{"unit":"px","top":"100","right":"100","bottom":"62","left":"100","isLinked":false},"padding_tablet":{"unit":"px","top":"30","right":"30","bottom":"30","left":"30","isLinked":true}},"elements":[{"id":"7eb8","settings":{"_column_size":100,"_inline_size":null,"background_background":"classic","background_color":"rgba(255,255,255,0.65)","content_position":"center","padding":{"unit":"px","top":"30","right":"30","bottom":"30","left":"30","isLinked":true},"custom_css":"selector {\n    z-index: 2;\n}"},"elements":[{"id":"d1b","elType":"widget","settings":{"form_name":"New Form","form_fields":[{"field_type":"text","field_label":"Name","placeholder":"Name","width":"25","_id":"aub891u","required":"","field_options":"","inline_list":"","width_tablet":"","width_mobile":"","rows":4,"recaptcha_size":"normal","recaptcha_style":"light","css_classes":"","field_value":"","file_sizes":"","file_types":"","allow_multiple_upload":"","max_files":"","acceptance_text":"","checked_by_default":"","field_min":"","field_max":"","min_date":"","max_date":"","use_native_date":"","use_native_time":"","allow_multiple":"","select_size":"","field_html":""},{"field_type":"email","required":true,"field_label":"Email","placeholder":"Email","width":"25","_id":"igy8cm9","field_options":"","inline_list":"","width_tablet":"","width_mobile":"","rows":4,"recaptcha_size":"normal","recaptcha_style":"light","css_classes":"","field_value":"","file_sizes":"","file_types":"","allow_multiple_upload":"","max_files":"","acceptance_text":"","checked_by_default":"","field_min":"","field_max":"","min_date":"","max_date":"","use_native_date":"","use_native_time":"","allow_multiple":"","select_size":"","field_html":""},{"field_type":"text","field_label":"Phone","placeholder":"Phone","width":"25","_id":"0lgkigg","required":"","field_options":"","inline_list":"","width_tablet":"","width_mobile":"","rows":4,"recaptcha_size":"normal","recaptcha_style":"light","css_classes":"","field_value":"","file_sizes":"","file_types":"","allow_multiple_upload":"","max_files":"","acceptance_text":"","checked_by_default":"","field_min":"","field_max":"","min_date":"","max_date":"","use_native_date":"","use_native_time":"","allow_multiple":"","select_size":"","field_html":""}],"show_labels":"","button_text":"Get started","button_width":"25","email_to":"no-reply@elementor.com","email_subject":"New message from \"Library\"","email_from":"email@library.elementor.com","email_from_name":"Library","success_message":"The message was sent successfully!","error_message":"There's something wrong... Please fill in the required fields.","required_field_message":"Required","invalid_message":"There's something wrong... The form is invalid.","field_text_color":"#54595f","field_typography_typography":"custom","field_typography_font_family":"Alice","field_typography_line_height":{"unit":"em","size":2.5},"field_border_width":{"unit":"px","top":"0","right":"0","bottom":"0","left":"0","isLinked":true},"field_border_radius":{"unit":"px","top":"0","right":"0","bottom":"0","left":"0","isLinked":true},"button_typography_typography":"custom","button_typography_line_height":{"unit":"em","size":"3.2"},"button_background_color":"#6bd2b6","button_border_radius":{"unit":"px","top":"0","right":"0","bottom":"0","left":"0","isLinked":true},"button_text_padding":{"unit":"px","top":"0","right":"0","bottom":"0","left":"0","isLinked":true},"button_background_hover_color":"#31435e","email_content":"[all-fields]","email_to_2":"no-reply@elementor.com","email_subject_2":"New message from \"Library\"","email_content_2":"[all-fields]","email_from_2":"email@library.elementor.com","email_from_name_2":"Library","email_reply_to_2":"no-reply@elementor.com","subscriber_already_exists_message":"Subscriber already exist."},"elements":[],"widgetType":"form"}],"isInner":false,"elType":"column"}],"isInner":false,"elType":"section"},{"id":"485","settings":{"gap":"no","background_background":"classic","background_color":"#f2f2f2","padding":{"unit":"px","top":"100","right":"100","bottom":"100","left":"100","isLinked":false},"padding_tablet":{"unit":"px","top":"60","right":"20","bottom":"60","left":"20","isLinked":false},"padding_mobile":{"unit":"px","top":"60","right":"60","bottom":"60","left":"60","isLinked":true}},"elements":[{"id":"5fc","settings":{"_column_size":100,"_inline_size":null},"elements":[{"id":"3ff6","settings":{"title":"The A-Z guide to self fulfillment","header_size":"h3","align":"center","title_color":"#2c2e33","typography_typography":"custom","typography_font_size":{"unit":"px","size":"30"},"typography_font_family":"Abel","typography_font_weight":"700","typography_line_height_mobile":{"unit":"em","size":"1.3"},"_padding":{"unit":"px","top":"0","right":"0","bottom":"60","left":"0","isLinked":false},"_padding_tablet":{"unit":"px","top":"0","right":"0","bottom":"40","left":"0","isLinked":false}},"elements":[],"isInner":false,"widgetType":"heading","elType":"widget"},{"id":"56ef","settings":{"gap":"no","structure":"40"},"elements":[{"id":"4e64","settings":{"_column_size":25,"_inline_size":null,"margin":{"unit":"%","top":"0","right":"6","bottom":"0","left":"0","isLinked":false},"margin_tablet":{"unit":"px","top":"0","right":"19","bottom":"0","left":"0","isLinked":false},"margin_mobile":{"unit":"px","top":"0","right":"0","bottom":"40","left":"0","isLinked":false}},"elements":[{"id":"5ff7","settings":{"image":{"id":617,"url":"http:\/\/localhost\/checkupdate\/wp-content\/uploads\/2018\/03\/Group-86.png"},"title_text":"Better communication","description_text":"Lorem ipsum dolor sit amet, consectetur adipiscing elit.","position":"left","image_space":{"unit":"px","size":"15"},"image_size":{"unit":"%","size":"25"},"title_bottom_space_mobile":{"unit":"px","size":"10"},"title_color":"#2c2e33","title_typography_typography":"custom","title_typography_font_size":{"unit":"px","size":"18"},"title_typography_font_size_tablet":{"unit":"px","size":"17"},"title_typography_font_size_mobile":{"unit":"px","size":"20"},"title_typography_font_family":"Abel","title_typography_font_weight":"900","description_typography_typography":"custom","description_typography_font_size":{"unit":"px","size":"15"},"description_typography_font_size_tablet":{"unit":"px","size":"14"},"description_typography_font_size_mobile":{"unit":"px","size":"16"},"description_typography_font_family":"Roboto Condensed","description_typography_font_weight":"100","title_bottom_space_tablet":{"unit":"px","size":"10"},"title_typography_line_height_tablet":{"unit":"em","size":1.2}},"elements":[],"isInner":false,"widgetType":"image-box","elType":"widget"}],"isInner":true,"elType":"column"},{"id":"6582","settings":{"_column_size":25,"_inline_size":null,"margin":{"unit":"%","top":"0","right":"3","bottom":"0","left":"3","isLinked":false},"margin_tablet":{"unit":"px","top":"0","right":"8","bottom":"0","left":"8","isLinked":false},"margin_mobile":{"unit":"px","top":"0","right":"0","bottom":"40","left":"0","isLinked":false}},"elements":[{"id":"8cd","settings":{"image":{"id":620,"url":"http:\/\/localhost\/checkupdate\/wp-content\/uploads\/2018\/03\/Fill-5629-Fill-5630-Fill-5631.png"},"title_text":"One on one sessions","description_text":"Lorem ipsum dolor sit amet, consectetur adipiscing elit.","position":"left","image_space":{"unit":"px","size":"15"},"image_size":{"unit":"%","size":"25"},"title_bottom_space_mobile":{"unit":"px","size":"10"},"title_color":"#2c2e33","title_typography_typography":"custom","title_typography_font_size":{"unit":"px","size":"18"},"title_typography_font_size_tablet":{"unit":"px","size":"17"},"title_typography_font_size_mobile":{"unit":"px","size":"20"},"title_typography_font_family":"Abel","title_typography_font_weight":"900","description_typography_typography":"custom","description_typography_font_size":{"unit":"px","size":"15"},"description_typography_font_size_tablet":{"unit":"px","size":"14"},"description_typography_font_size_mobile":{"unit":"px","size":"16"},"description_typography_font_family":"Roboto Condensed","description_typography_font_weight":"100","title_bottom_space_tablet":{"unit":"px","size":"10"},"title_typography_line_height_tablet":{"unit":"em","size":"1.2"}},"elements":[],"isInner":false,"widgetType":"image-box","elType":"widget"}],"isInner":true,"elType":"column"},{"id":"6cd0","settings":{"_column_size":25,"_inline_size":null,"margin":{"unit":"%","top":"0","right":"3","bottom":"0","left":"3","isLinked":false},"margin_tablet":{"unit":"px","top":"0","right":"8","bottom":"0","left":"8","isLinked":false},"margin_mobile":{"unit":"px","top":"0","right":"0","bottom":"40","left":"0","isLinked":false}},"elements":[{"id":"493","settings":{"image":{"id":621,"url":"http:\/\/localhost\/checkupdate\/wp-content\/uploads\/2018\/03\/Group-8.png"},"title_text":"Awakened listening","description_text":"Lorem ipsum dolor sit amet, consectetur adipiscing elit.","position":"left","image_space":{"unit":"px","size":"15"},"image_size":{"unit":"%","size":"25"},"title_bottom_space_mobile":{"unit":"px","size":"10"},"title_color":"#2c2e33","title_typography_typography":"custom","title_typography_font_size":{"unit":"px","size":"18"},"title_typography_font_size_tablet":{"unit":"px","size":"17"},"title_typography_font_size_mobile":{"unit":"px","size":"20"},"title_typography_font_family":"Abel","title_typography_font_weight":"900","description_typography_typography":"custom","description_typography_font_size":{"unit":"px","size":"15"},"description_typography_font_size_tablet":{"unit":"px","size":"14"},"description_typography_font_size_mobile":{"unit":"px","size":"16"},"description_typography_font_family":"Roboto Condensed","description_typography_font_weight":"100","title_bottom_space_tablet":{"unit":"px","size":"10"},"title_typography_line_height_tablet":{"unit":"em","size":"1.2"}},"elements":[],"isInner":false,"widgetType":"image-box","elType":"widget"}],"isInner":true,"elType":"column"},{"id":"57ce","settings":{"_column_size":25,"_inline_size":null,"margin":{"unit":"%","top":"0","right":"2","bottom":"0","left":"2","isLinked":false},"margin_tablet":{"unit":"px","top":"0","right":"0","bottom":"0","left":"8","isLinked":false},"margin_mobile":{"unit":"px","top":"0","right":"0","bottom":"0","left":"0","isLinked":true}},"elements":[{"id":"64c9","settings":{"image":{"id":622,"url":"http:\/\/localhost\/checkupdate\/wp-content\/uploads\/2018\/03\/Group-60.png"},"title_text":"exploratory sessions","description_text":"Lorem ipsum dolor sit amet, consectetur adipiscing elit.","position":"left","image_space":{"unit":"px","size":"15"},"image_size":{"unit":"%","size":"25"},"title_bottom_space_mobile":{"unit":"px","size":"10"},"title_color":"#2c2e33","title_typography_typography":"custom","title_typography_font_size":{"unit":"px","size":"18"},"title_typography_font_size_tablet":{"unit":"px","size":"17"},"title_typography_font_size_mobile":{"unit":"px","size":"20"},"title_typography_font_family":"Abel","title_typography_font_weight":"900","description_typography_typography":"custom","description_typography_font_size":{"unit":"px","size":"15"},"description_typography_font_size_tablet":{"unit":"px","size":"14"},"description_typography_font_size_mobile":{"unit":"px","size":"16"},"description_typography_font_family":"Roboto Condensed","description_typography_font_weight":"100","_margin":{"unit":"%","top":"0","right":"0","bottom":"0","left":"6","isLinked":false},"title_bottom_space_tablet":{"unit":"px","size":"10"},"title_typography_line_height_tablet":{"unit":"em","size":"1.2"}},"elements":[],"isInner":false,"widgetType":"image-box","elType":"widget"}],"isInner":true,"elType":"column"}],"isInner":true,"elType":"section"}],"isInner":false,"elType":"column"}],"isInner":false,"elType":"section"},{"id":"1894","settings":{"gap":"no","content_position":"middle","structure":"20","background_background":"classic","background_color":"#6bd2b6","padding":{"unit":"px","top":"100","right":"100","bottom":"100","left":"100","isLinked":true},"padding_tablet":{"unit":"px","top":"80","right":"60","bottom":"80","left":"60","isLinked":false},"padding_mobile":{"unit":"px","top":"60","right":"30","bottom":"60","left":"30","isLinked":false},"reverse_order_mobile":"reverse-mobile"},"elements":[{"id":"6401","settings":{"_column_size":50,"_inline_size":null,"margin":{"unit":"%","top":"0","right":"5","bottom":"0","left":"0","isLinked":false},"padding_mobile":{"unit":"px","top":"50","right":"0","bottom":"0","left":"0","isLinked":false}},"elements":[{"id":"22da","settings":{"title":"About the theraphy","header_size":"h3","align":"left","align_mobile":"center","title_color":"#2c2e33","typography_typography":"custom","typography_font_size":{"unit":"px","size":"30"},"typography_font_family":"Abel","typography_font_weight":"700","_padding":{"unit":"px","top":"0","right":"0","bottom":"0","left":"0","isLinked":false}},"elements":[],"isInner":false,"widgetType":"heading","elType":"widget"},{"id":"730b","settings":{"editor":"<p>Whatever your faith or background our doors are open to you, both literally and virtually. Our beautiful church has services every day and is often open throughout the day for people to come and visit and sit in quiet reflection or to admire the stunning architecture of the building. You can also use our website to find out more about our work, what we have going on and details of people and organisations to contact if you need help or support with anything.\u00a0<\/p>","align_mobile":"center","text_color":"#2c2e33","typography_typography":"custom","typography_font_size":{"unit":"px","size":"17"},"typography_font_size_tablet":{"unit":"px","size":"15"},"typography_font_size_mobile":{"unit":"px","size":"16"},"typography_font_family":"Roboto Condensed","typography_font_weight":"100","_padding":{"unit":"px","top":"10","right":"0","bottom":"10","left":"0","isLinked":false},"_padding_tablet":{"unit":"px","top":"0","right":"0","bottom":"0","left":"0","isLinked":false}},"elements":[],"isInner":false,"widgetType":"text-editor","elType":"widget"},{"id":"5e8","settings":{"text":"Read more","align_mobile":"justify","typography_typography":"custom","typography_font_size":{"unit":"px","size":"16"},"typography_font_family":"Roboto Condensed","typography_font_weight":"bold","typography_text_transform":"uppercase","typography_letter_spacing":{"unit":"px","size":2.5},"button_text_color":"#6bd2b6","background_color":"#ffffff","hover_color":"#ffffff","button_background_hover_color":"rgba(255,255,255,0)","border_border":"solid","border_width":{"unit":"px","top":"2","right":"2","bottom":"2","left":"2","isLinked":true},"border_color":"#ffffff","border_radius":{"unit":"px","top":"0","right":"0","bottom":"0","left":"0","isLinked":true},"text_padding":{"unit":"px","top":"15","right":"30","bottom":"15","left":"30","isLinked":false}},"elements":[],"isInner":false,"widgetType":"button","elType":"widget"}],"isInner":false,"elType":"column"},{"id":"34e7","settings":{"_column_size":50,"_inline_size":null,"margin":{"unit":"%","top":"0","right":"0","bottom":"0","left":"5","isLinked":false},"margin_mobile":{"unit":"px","top":"0","right":"0","bottom":"0","left":"0","isLinked":true}},"elements":[{"id":"12a6","settings":{"image":{"id":623,"url":"http:\/\/localhost\/checkupdate\/wp-content\/uploads\/2018\/03\/33.png"},"_border_border":"solid","_border_width":{"unit":"px","top":"7","right":"7","bottom":"7","left":"7","isLinked":true},"_border_color":"#ffffff"},"elements":[],"isInner":false,"widgetType":"image","elType":"widget"}],"isInner":false,"elType":"column"}],"isInner":false,"elType":"section"},{"id":"4f71","settings":{"gap":"no","background_background":"classic","background_image":{"id":629,"url":"http:\/\/localhost\/checkupdate\/wp-content\/uploads\/2018\/03\/andrew-ridley-185919.png"},"background_size":"cover","background_overlay_background":"classic","background_overlay_color":"#31435e","background_overlay_opacity":{"unit":"px","size":0.58},"padding":{"unit":"px","top":"100","right":"100","bottom":"100","left":"100","isLinked":true},"padding_tablet":{"unit":"px","top":"80","right":"60","bottom":"80","left":"60","isLinked":false},"padding_mobile":{"unit":"px","top":"60","right":"30","bottom":"60","left":"30","isLinked":false}},"elements":[{"id":"3918","settings":{"_column_size":100,"_inline_size":null},"elements":[{"id":"3f3d","settings":{"title":"What my trainees say","header_size":"h3","align":"center","title_color":"#6bd2b6","typography_typography":"custom","typography_font_size":{"unit":"px","size":"30"},"typography_font_family":"Abel","typography_font_weight":"700"},"elements":[],"isInner":false,"widgetType":"heading","elType":"widget"},{"id":"507e","settings":{"gap":"no","structure":"20","padding":{"unit":"px","top":"100","right":"100","bottom":"0","left":"100","isLinked":false},"padding_tablet":{"unit":"px","top":"50","right":"0","bottom":"0","left":"0","isLinked":false},"padding_mobile":{"unit":"px","top":"20","right":"0","bottom":"0","left":"0","isLinked":false}},"elements":[{"id":"3883","settings":{"_column_size":50,"_inline_size":null,"margin":{"unit":"%","top":"0","right":"20","bottom":"0","left":"0","isLinked":false},"margin_tablet":{"unit":"px","top":"0","right":"30","bottom":"0","left":"0","isLinked":false},"margin_mobile":{"unit":"px","top":"0","right":"0","bottom":"60","left":"0","isLinked":false}},"elements":[{"id":"3332","settings":{"testimonial_content":"I was the classic desperate housewife. Always hungry, tired and frustrated. With Tom's help, I managed to become the strong woman I am now.","testimonial_image":{"id":624,"url":"http:\/\/localhost\/checkupdate\/wp-content\/uploads\/2018\/03\/brian-fraser-337137.png"},"testimonial_name":"Cecile Emeke","testimonial_job":"","testimonial_alignment":"left","content_content_color":"#ffffff","content_typography_typography":"custom","content_typography_font_size":{"unit":"px","size":"17"},"content_typography_font_size_tablet":{"unit":"px","size":"15"},"content_typography_font_family":"Roboto Condensed","content_typography_font_weight":"100","content_typography_font_style":"oblique","image_size":{"unit":"px","size":"85"},"image_border_border":"solid","image_border_width":{"unit":"px","top":"3","right":"3","bottom":"3","left":"3","isLinked":true},"image_border_color":"#9b9b9b","name_text_color":"#6bd2b6","name_typography_typography":"custom","name_typography_font_size":{"unit":"px","size":"23"},"name_typography_font_size_tablet":{"unit":"px","size":"18"},"name_typography_font_family":"Abel"},"elements":[],"isInner":false,"widgetType":"testimonial","elType":"widget"}],"isInner":true,"elType":"column"},{"id":"1239","settings":{"_column_size":50,"_inline_size":null,"margin":{"unit":"%","top":"0","right":"0","bottom":"0","left":"20","isLinked":false},"margin_tablet":{"unit":"px","top":"0","right":"0","bottom":"0","left":"30","isLinked":false},"margin_mobile":{"unit":"px","top":"0","right":"0","bottom":"60","left":"0","isLinked":false}},"elements":[{"id":"2a00","settings":{"testimonial_content":"Half of my life was spent wandering and sobbing. It was only after meeting Tom that I discovered what I truly love: dancing naked in the dark with my pets.","testimonial_image":{"id":625,"url":"http:\/\/localhost\/checkupdate\/wp-content\/uploads\/2018\/03\/janko-ferlic-337879.png"},"testimonial_name":"Keith Stanfield ","testimonial_job":"","testimonial_alignment":"left","content_content_color":"#ffffff","content_typography_typography":"custom","content_typography_font_size":{"unit":"px","size":"17"},"content_typography_font_size_tablet":{"unit":"px","size":"15"},"content_typography_font_family":"Roboto Condensed","content_typography_font_weight":"100","content_typography_font_style":"oblique","image_size":{"unit":"px","size":"85"},"image_border_border":"solid","image_border_color":"#9b9b9b","name_text_color":"#6bd2b6","name_typography_typography":"custom","name_typography_font_size":{"unit":"px","size":"23"},"name_typography_font_size_tablet":{"unit":"px","size":"18"},"name_typography_font_family":"Abel"},"elements":[],"isInner":false,"widgetType":"testimonial","elType":"widget"}],"isInner":true,"elType":"column"}],"isInner":true,"elType":"section"},{"id":"34fb","settings":{"gap":"no","structure":"20","padding":{"unit":"px","top":"100","right":"100","bottom":"0","left":"100","isLinked":false},"padding_tablet":{"unit":"px","top":"50","right":"0","bottom":"0","left":"0","isLinked":false},"padding_mobile":{"unit":"px","top":"0","right":"0","bottom":"0","left":"0","isLinked":true}},"elements":[{"id":"662c","settings":{"_column_size":50,"_inline_size":null,"margin":{"unit":"%","top":"0","right":"20","bottom":"0","left":"0","isLinked":false},"margin_tablet":{"unit":"px","top":"0","right":"30","bottom":"0","left":"0","isLinked":false},"margin_mobile":{"unit":"px","top":"0","right":"0","bottom":"60","left":"0","isLinked":false}},"elements":[{"id":"59df","settings":{"testimonial_content":"I'm not the sort of person that goes for coaching, but what can I say... Tom came at the right time and the right place. Thanks man, you helped me become myself.","testimonial_image":{"id":626,"url":"http:\/\/localhost\/checkupdate\/wp-content\/uploads\/2018\/03\/hunter-johnson-222001.png"},"testimonial_name":"Griffin Freeman","testimonial_job":"","testimonial_alignment":"left","content_content_color":"#ffffff","content_typography_typography":"custom","content_typography_font_size":{"unit":"px","size":"17"},"content_typography_font_size_tablet":{"unit":"px","size":"15"},"content_typography_font_family":"Roboto Condensed","content_typography_font_weight":"100","content_typography_font_style":"oblique","image_size":{"unit":"px","size":"85"},"image_border_border":"solid","image_border_width":{"unit":"px","top":"3","right":"3","bottom":"3","left":"3","isLinked":true},"image_border_color":"#9b9b9b","name_text_color":"#6bd2b6","name_typography_typography":"custom","name_typography_font_size":{"unit":"px","size":"23"},"name_typography_font_size_tablet":{"unit":"px","size":"18"},"name_typography_font_family":"Abel"},"elements":[],"isInner":false,"widgetType":"testimonial","elType":"widget"}],"isInner":true,"elType":"column"},{"id":"768a","settings":{"_column_size":50,"_inline_size":null,"margin":{"unit":"%","top":"0","right":"0","bottom":"0","left":"20","isLinked":false},"margin_tablet":{"unit":"px","top":"0","right":"0","bottom":"0","left":"30","isLinked":false},"margin_mobile":{"unit":"px","top":"0","right":"0","bottom":"0","left":"0","isLinked":true}},"elements":[{"id":"18f5","settings":{"testimonial_content":"Oh my... I never thought I could feel so good in a simple talking session with Tom. True, his massage skills also help me relax, but it's his mind that really great.","testimonial_image":{"id":627,"url":"http:\/\/localhost\/checkupdate\/wp-content\/uploads\/2018\/03\/sage-kirk-485982.png"},"testimonial_name":"Myra Lucretia","testimonial_job":"","testimonial_alignment":"left","content_content_color":"#ffffff","content_typography_typography":"custom","content_typography_font_size":{"unit":"px","size":"17"},"content_typography_font_size_tablet":{"unit":"px","size":"15"},"content_typography_font_family":"Roboto Condensed","content_typography_font_weight":"100","content_typography_font_style":"oblique","image_size":{"unit":"px","size":"85"},"image_border_border":"solid","image_border_color":"#9b9b9b","name_text_color":"#6bd2b6","name_typography_typography":"custom","name_typography_font_size":{"unit":"px","size":"23"},"name_typography_font_size_tablet":{"unit":"px","size":"18"},"name_typography_font_family":"Abel"},"elements":[],"isInner":false,"widgetType":"testimonial","elType":"widget"}],"isInner":true,"elType":"column"}],"isInner":true,"elType":"section"}],"isInner":false,"elType":"column"}],"isInner":false,"elType":"section"},{"id":"4ce2","settings":{"gap":"no","structure":"20","background_background":"classic","background_color":"#31435e","padding":{"unit":"px","top":"50","right":"200","bottom":"50","left":"200","isLinked":false},"padding_tablet":{"unit":"px","top":"40","right":"60","bottom":"40","left":"60","isLinked":false},"padding_mobile":{"unit":"px","top":"50","right":"30","bottom":"50","left":"30","isLinked":false}},"elements":[{"id":"25d7","settings":{"_column_size":50,"_inline_size":"62.807","content_position":"center","padding_tablet":{"unit":"px","top":"0","right":"0","bottom":"0","left":"0","isLinked":false}},"elements":[{"id":"7156","settings":{"title":"Your life is more important than you may believe","align":"left","align_mobile":"center","title_color":"#ffffff","typography_typography":"custom","typography_font_size":{"unit":"px","size":"39"},"typography_font_size_tablet":{"unit":"px","size":"22"},"typography_font_size_mobile":{"unit":"px","size":"40"},"typography_font_family":"Abel","typography_font_weight":"100","typography_line_height_mobile":{"unit":"em","size":"1.2"},"_padding_mobile":{"unit":"px","top":"0","right":"0","bottom":"50","left":"0","isLinked":false},"typography_line_height_tablet":{"unit":"em","size":"1.2"}},"elements":[],"isInner":false,"widgetType":"heading","elType":"widget"}],"isInner":false,"elType":"column"},{"id":"71ad","settings":{"_column_size":50,"_inline_size":"37.193","content_position":"center"},"elements":[{"id":"4ec4","settings":{"text":"start the change","align":"right","align_mobile":"justify","typography_typography":"custom","typography_font_size":{"unit":"px","size":"20"},"typography_font_size_tablet":{"unit":"px","size":"14"},"typography_font_size_mobile":{"unit":"px","size":"16"},"typography_font_family":"Roboto Condensed","typography_font_weight":"bold","typography_text_transform":"uppercase","typography_letter_spacing":{"unit":"px","size":2.5},"button_text_color":"#31435e","background_color":"#6bd2b6","hover_color":"#ffffff","button_background_hover_color":"rgba(255,255,255,0)","border_border":"solid","border_width":{"unit":"px","top":"2","right":"2","bottom":"2","left":"2","isLinked":true},"border_color":"#6bd2b6","border_radius":{"unit":"px","top":"0","right":"0","bottom":"0","left":"0","isLinked":true},"text_padding":{"unit":"px","top":"15","right":"30","bottom":"15","left":"30","isLinked":false}},"elements":[],"isInner":false,"widgetType":"button","elType":"widget"}],"isInner":false,"elType":"column"}],"isInner":false,"elType":"section"}]}