{"version":"0.4","title":"Plants Shop \u2013 About","type":"page","content":[{"id":"3cfb","settings":{"background_background":"classic","background_color":"#ffb116","padding":{"unit":"px","top":"250","right":"0","bottom":"250","left":"0","isLinked":false},"padding_tablet":{"unit":"px","top":"260","right":"0","bottom":"0","left":"0","isLinked":false},"padding_mobile":{"unit":"px","top":"150","right":"150","bottom":"150","left":"150","isLinked":true},"section_custom_css_pro":"","custom_css_pro":""},"elements":[{"id":"1e8a","settings":{"_column_size":100,"_inline_size":null,"section_custom_css_pro":"","custom_css_pro":""},"elements":[],"isInner":false,"elType":"column"}],"isInner":false,"elType":"section"},{"id":"1956","settings":{"margin":{"unit":"px","top":"-250","right":0,"bottom":"0","left":0,"isLinked":false},"margin_tablet":{"unit":"px","top":"-250","right":0,"bottom":"0","left":0,"isLinked":false},"padding":{"unit":"px","top":"0","right":"0","bottom":"0","left":"0","isLinked":false},"padding_tablet":{"unit":"px","top":"80","right":"80","bottom":"80","left":"80","isLinked":true},"padding_mobile":{"unit":"px","top":"20","right":"20","bottom":"20","left":"20","isLinked":true},"section_custom_css_pro":"","custom_css_pro":"","margin_mobile":{"unit":"px","top":"-300","right":0,"bottom":"0","left":0,"isLinked":false}},"elements":[{"id":"1771","settings":{"_column_size":100,"_inline_size":null,"background_background":"classic","background_image":{"id":1081,"url":"http:\/\/localhost\/checkupdate\/wp-content\/uploads\/2018\/03\/40.png"},"padding":{"unit":"px","top":"200","right":"0","bottom":"200","left":"0","isLinked":false},"padding_tablet":{"unit":"px","top":"120","right":"0","bottom":"120","left":"0","isLinked":false},"padding_mobile":{"unit":"px","top":"80","right":"0","bottom":"80","left":"0","isLinked":false},"section_custom_css_pro":"","custom_css_pro":"","background_size":"cover"},"elements":[{"id":"2118","settings":{"title":"The plants shop","align":"center","title_color":"#ffffff","typography_typography":"custom","typography_font_size":{"unit":"px","size":"100"},"typography_font_size_tablet":{"unit":"px","size":"60"},"typography_font_size_mobile":{"unit":"px","size":80},"typography_font_family":"Lobster","typography_font_weight":"100","typography_text_transform":"capitalize","typography_line_height_tablet":{"unit":"em","size":""},"typography_line_height_mobile":{"unit":"em","size":""},"section_custom_css_pro":"","custom_css_pro":"","header_size":"h1","text_shadow_text_shadow_type":"yes","text_shadow_text_shadow":{"horizontal":0,"vertical":0,"blur":30,"color":"rgba(0,0,0,0.87)"}},"elements":[],"isInner":false,"widgetType":"heading","elType":"widget"}],"isInner":false,"elType":"column"}],"isInner":false,"elType":"section"},{"id":"39ad","settings":{"gap":"no","padding":{"unit":"px","top":"100","right":"0","bottom":"20","left":"0","isLinked":false},"padding_tablet":{"unit":"px","top":"0","right":"30","bottom":"30","left":"30","isLinked":false},"padding_mobile":{"unit":"px","top":"30","right":"20","bottom":"0","left":"20","isLinked":false},"section_custom_css_pro":"","custom_css_pro":""},"elements":[{"id":"36c4","settings":{"_column_size":100,"_inline_size":null,"section_custom_css_pro":"","custom_css_pro":""},"elements":[{"id":"2dd7","settings":{"view":"stacked","icon":"fa fa-leaf","shape":"square","title_text":"about us","description_text":"","position":"left","primary_color":"#ffb116","secondary_color":"#ffffff","icon_space":{"unit":"px","size":20},"icon_size":{"unit":"px","size":33},"text_align":"left","title_color":"#363636","title_typography_typography":"custom","title_typography_font_size":{"unit":"px","size":"25"},"title_typography_font_family":"Poppins","title_typography_font_weight":"600","title_typography_text_transform":"uppercase","title_typography_line_height":{"unit":"em","size":2.6},"title_typography_line_height_tablet":{"unit":"em","size":""},"title_typography_line_height_mobile":{"unit":"em","size":""},"title_typography_letter_spacing":{"unit":"px","size":"1.5"},"description_typography_line_height_tablet":{"unit":"em","size":""},"description_typography_line_height_mobile":{"unit":"em","size":""},"_padding_mobile":{"unit":"px","top":"0","right":"0","bottom":"0","left":"0","isLinked":true},"section_custom_css_pro":"","custom_css_pro":"","hover_primary_color":"#edf3f3","hover_secondary_color":"#43403e","text_align_mobile":"center","title_bottom_space_mobile":{"unit":"px","size":0}},"elements":[],"isInner":false,"widgetType":"icon-box","elType":"widget"}],"isInner":false,"elType":"column"}],"isInner":false,"elType":"section"},{"id":"7d2e","settings":{"gap":"no","structure":"20","padding":{"unit":"px","top":"0","right":"0","bottom":"100","left":"0","isLinked":false},"padding_tablet":{"unit":"px","top":"0","right":"30","bottom":"70","left":"30","isLinked":false},"padding_mobile":{"unit":"px","top":"20","right":"20","bottom":"20","left":"20","isLinked":false},"section_custom_css_pro":"","custom_css_pro":""},"elements":[{"id":"5073","settings":{"_column_size":50,"_inline_size":null,"padding":{"unit":"px","top":"0","right":"30","bottom":"0","left":"0","isLinked":false},"section_custom_css_pro":"","custom_css_pro":"","padding_mobile":{"unit":"px","top":"0","right":"0","bottom":"0","left":"0","isLinked":true}},"elements":[{"id":"74e2","settings":{"editor":"<p>Leverage agile frameworks to provide a robust synopsis for high level overviews. Iterative approaches to corporate strategy foster collaborative thinking to further the overall value proposition. Organically grow the holistic world view of disruptive innovation via workplace diversity and empowerment.\u00a0Bring to the table win-win survival strategies to ensure proactive domination.\u00a0At the end of the day, going forward.<\/p>","text_color":"#555555","typography_typography":"custom","typography_font_size":{"unit":"px","size":"16"},"typography_font_size_tablet":{"unit":"px","size":"15"},"typography_font_weight":"300","typography_line_height":{"unit":"em","size":"1.9"},"typography_line_height_tablet":{"unit":"em","size":""},"typography_line_height_mobile":{"unit":"em","size":""},"section_custom_css_pro":"","custom_css_pro":"","typography_font_family":"Poppins","align_mobile":"center","typography_font_size_mobile":{"unit":"px","size":14}},"elements":[],"isInner":false,"widgetType":"text-editor","elType":"widget"}],"isInner":false,"elType":"column"},{"id":"43a9","settings":{"_column_size":50,"_inline_size":null,"padding":{"unit":"px","top":"0","right":"0","bottom":"0","left":"30","isLinked":false},"padding_mobile":{"unit":"px","top":"0","right":"0","bottom":"0","left":"0","isLinked":true},"section_custom_css_pro":"","custom_css_pro":""},"elements":[{"id":"7b30","settings":{"editor":"<p>User generated content in real-time will have multiple touchpoints for offshoring.\u00a0Capitalize on low hanging fruit to identify a ballpark value added activity to beta test. Override the digital divide with additional clickthroughs from DevOps. Nanotechnology immersion along the information highway will close the loop on focusing solely generated bring to the table win-win survival strategies to ensure proactive domination.\u00a0<\/p>","align":"left","text_color":"#555555","typography_typography":"custom","typography_font_size":{"unit":"px","size":"16"},"typography_font_size_tablet":{"unit":"px","size":"15"},"typography_font_weight":"300","typography_line_height":{"unit":"em","size":"1.9"},"typography_line_height_tablet":{"unit":"em","size":""},"typography_line_height_mobile":{"unit":"em","size":""},"section_custom_css_pro":"","custom_css_pro":"","typography_font_family":"Poppins","align_mobile":"center","typography_font_size_mobile":{"unit":"px","size":14}},"elements":[],"isInner":false,"widgetType":"text-editor","elType":"widget"}],"isInner":false,"elType":"column"}],"isInner":false,"elType":"section"},{"id":"6919","settings":{"gap":"no","content_position":"middle","structure":"20","background_background":"classic","background_color":"#edf3f3","padding":{"unit":"px","top":"100","right":"0","bottom":"100","left":"0","isLinked":false},"padding_tablet":{"unit":"px","top":"100","right":"30","bottom":"100","left":"30","isLinked":false},"padding_mobile":{"unit":"px","top":"30","right":"0","bottom":"30","left":"0","isLinked":false},"reverse_order_mobile":"reverse-mobile","section_custom_css_pro":"","custom_css_pro":""},"elements":[{"id":"681d","settings":{"_column_size":50,"_inline_size":"43.070","padding_mobile":{"unit":"px","top":"0","right":"10","bottom":"10","left":"10","isLinked":false},"screen_sm":"custom","section_custom_css_pro":"","custom_css_pro":""},"elements":[{"id":"5aeb","settings":{"structure":"20"},"elements":[{"id":"1a5c","settings":{"_column_size":50,"_inline_size":null,"_inline_size_mobile":50},"elements":[{"id":"cf","settings":{"image":{"id":1082,"url":"http:\/\/localhost\/checkupdate\/wp-content\/uploads\/2018\/03\/23-1-1.png"},"_background_hover_background":"classic","_border_hover_border":"solid","_border_hover_color":"#ffb116","_border_hover_width":{"unit":"px","top":"5","right":"5","bottom":"5","left":"5","isLinked":true}},"elements":[],"isInner":false,"widgetType":"image","elType":"widget"}],"isInner":true,"elType":"column"},{"id":"3e3a","settings":{"_column_size":50,"_inline_size":null,"_inline_size_mobile":50},"elements":[{"id":"7165","settings":{"image":{"id":"995","url":"http:\/\/localhost\/checkupdate\/wp-content\/uploads\/2018\/03\/44.png"},"_border_width":{"unit":"px","top":"5","right":"5","bottom":"5","left":"5","isLinked":true},"_border_color":"#ffb116","_border_hover_border":"solid","_border_hover_width":{"unit":"px","top":"5","right":"5","bottom":"5","left":"5","isLinked":true},"_border_hover_color":"#ffb116"},"elements":[],"isInner":false,"widgetType":"image","elType":"widget"}],"isInner":true,"elType":"column"}],"isInner":true,"elType":"section"},{"id":"58f4","settings":{"structure":"20"},"elements":[{"id":"3ee1","settings":{"_column_size":50,"_inline_size":null,"_inline_size_mobile":50},"elements":[{"id":"48","settings":{"image":{"id":1083,"url":"http:\/\/localhost\/checkupdate\/wp-content\/uploads\/2018\/03\/123.png"},"_border_hover_border":"solid","_border_hover_width":{"unit":"px","top":"5","right":"5","bottom":"5","left":"5","isLinked":true},"_border_hover_color":"#ffb116"},"elements":[],"isInner":false,"widgetType":"image","elType":"widget"}],"isInner":true,"elType":"column"},{"id":"3ac7","settings":{"_column_size":50,"_inline_size":null,"_inline_size_mobile":50},"elements":[{"id":"406","settings":{"image":{"id":1084,"url":"http:\/\/localhost\/checkupdate\/wp-content\/uploads\/2018\/03\/42-2.png"},"_border_hover_border":"solid","_border_hover_width":{"unit":"px","top":"5","right":"5","bottom":"5","left":"5","isLinked":true},"_border_hover_color":"#ffb116"},"elements":[],"isInner":false,"widgetType":"image","elType":"widget"}],"isInner":true,"elType":"column"}],"isInner":true,"elType":"section"}],"isInner":false,"elType":"column"},{"id":"1060","settings":{"_column_size":50,"_inline_size":"56.929","padding":{"unit":"px","top":"0","right":"0","bottom":"0","left":"100","isLinked":false},"padding_tablet":{"unit":"px","top":"0","right":"0","bottom":"0","left":"30","isLinked":false},"padding_mobile":{"unit":"px","top":"20","right":"20","bottom":"0","left":"20","isLinked":false},"section_custom_css_pro":"","custom_css_pro":""},"elements":[{"id":"5a92","settings":{"title":"The staff","title_color":"#363636","typography_typography":"custom","typography_font_size":{"unit":"px","size":"25"},"typography_font_family":"Poppins","typography_font_weight":"600","typography_text_transform":"uppercase","typography_line_height_tablet":{"unit":"em","size":""},"typography_line_height_mobile":{"unit":"em","size":""},"section_custom_css_pro":"","custom_css_pro":"","align_mobile":"center"},"elements":[],"isInner":false,"widgetType":"heading","elType":"widget"},{"id":"3c63","settings":{"editor":"<p>Leverage agile frameworks to provide a robust synopsis for high level overviews. Iterative approaches to corporate strategy foster collaborative thinking to further the overall value proposition. Organically grow the holistic world view of disruptive innovation via workplace diversity and empowerment. Bring to the table win-win survival strategies to ensure proactive domination.\u00a0\u00a0At the end of the day, going forward, a new normal that has evolved from generation X is on the runway.<\/p>","text_color":"#555555","typography_typography":"custom","typography_font_size":{"unit":"px","size":"16"},"typography_font_size_tablet":{"unit":"px","size":"15"},"typography_font_weight":"300","typography_line_height":{"unit":"em","size":"1.9"},"typography_line_height_tablet":{"unit":"em","size":""},"typography_line_height_mobile":{"unit":"em","size":""},"section_custom_css_pro":"","custom_css_pro":"","typography_font_family":"Poppins","align_mobile":"center","typography_font_size_mobile":{"unit":"px","size":14}},"elements":[],"isInner":false,"widgetType":"text-editor","elType":"widget"}],"isInner":false,"elType":"column"}],"isInner":false,"elType":"section"},{"id":"63b7","settings":{"background_background":"classic","margin_tablet":{"unit":"px","top":"0","right":0,"bottom":"0","left":0,"isLinked":false},"padding_tablet":{"unit":"px","top":"100","right":"30","bottom":"100","left":"30","isLinked":false},"padding_mobile":{"unit":"px","top":"15","right":"15","bottom":"15","left":"15","isLinked":true},"background_image":{"id":1085,"url":"http:\/\/localhost\/checkupdate\/wp-content\/uploads\/2018\/03\/plenta-bg.jpg"},"background_size":"cover","background_overlay_background":"classic","background_overlay_color":"#000000","background_overlay_opacity":{"unit":"px","size":0.2},"padding":{"unit":"px","top":"150","right":"0","bottom":"150","left":"0","isLinked":false}},"elements":[{"id":"7ab6","settings":{"_column_size":100,"_inline_size":null,"background_background":"classic","padding":{"unit":"px","top":"0","right":"0","bottom":"0","left":"0","isLinked":true},"padding_tablet":{"unit":"px","top":"0","right":"0","bottom":"0","left":"0","isLinked":true},"padding_mobile":{"unit":"px","top":"0","right":"0","bottom":"0","left":"0","isLinked":true}},"elements":[{"id":"2251","settings":{"gap":"no","structure":"20","padding_mobile":{"unit":"px","top":"30","right":"0","bottom":"30","left":"0","isLinked":false},"padding_tablet":{"unit":"px","top":"0","right":"0","bottom":"0","left":"0","isLinked":false},"reverse_order_mobile":"reverse-mobile"},"elements":[{"id":"528c","settings":{"_column_size":50,"_inline_size":38.947,"padding":{"unit":"px","top":"50","right":"50","bottom":"50","left":"50","isLinked":true},"padding_tablet":{"unit":"px","top":"40","right":"20","bottom":"40","left":"20","isLinked":false},"padding_mobile":{"unit":"px","top":"30","right":"30","bottom":"30","left":"30","isLinked":true},"_inline_size_tablet":45,"background_background":"classic","background_color":"#ffffff"},"elements":[{"id":"dde","settings":{"title":"come visit us ","align":"left","align_mobile":"center","title_color":"#363636","typography_typography":"custom","typography_font_size":{"unit":"px","size":"25"},"typography_font_size_tablet":{"unit":"px","size":"20"},"typography_font_family":"Poppins","typography_font_weight":"600","typography_text_transform":"uppercase","typography_line_height_tablet":{"unit":"em","size":""},"typography_line_height_mobile":{"unit":"em","size":""}},"elements":[],"isInner":false,"widgetType":"heading","elType":"widget"},{"id":"3bbf","settings":{"icon_list":[{"text":"3162 16th St, San Francisco, CA 94103","icon":"fa fa-home","link":{"url":"","is_external":"","nofollow":""},"_id":"dwtoqgj"},{"text":"+1 415-865-0774","icon":"fa fa-phone","link":{"url":"","is_external":"","nofollow":""},"_id":"c8yr2r5"},{"text":"theplantsshop@nomail.com","icon":"fa fa-envelope","link":{"url":"","is_external":"","nofollow":""},"_id":"sf4njuj"}],"icon_color":"#ffb116","icon_size":{"unit":"px","size":"20"},"icon_align_mobile":"left","text_indent":{"unit":"px","size":15},"icon_typography_typography":"custom","icon_typography_font_size_tablet":{"unit":"px","size":13},"icon_typography_font_size_mobile":{"unit":"px","size":15},"icon_typography_font_family":"Poppins","icon_typography_line_height":{"unit":"em","size":2.3},"icon_typography_line_height_tablet":{"unit":"em","size":2.7},"icon_typography_line_height_mobile":{"unit":"em","size":"2.1"},"_padding_mobile":{"unit":"px","top":"0","right":"0","bottom":"0","left":"0","isLinked":false},"space_between":{"unit":"px","size":6},"icon_typography_font_size":{"unit":"px","size":16}},"elements":[],"isInner":false,"widgetType":"icon-list","elType":"widget"}],"isInner":true,"elType":"column"},{"id":"b78","settings":{"_column_size":50,"_inline_size":61.053,"margin":{"unit":"px","top":"0","right":"0","bottom":"0","left":"100","isLinked":false},"margin_tablet":{"unit":"px","top":"0","right":"0","bottom":"0","left":"20","isLinked":false},"margin_mobile":{"unit":"px","top":"0","right":"0","bottom":"0","left":"0","isLinked":true},"padding_tablet":{"unit":"px","top":"0","right":"0","bottom":"0","left":"0","isLinked":false},"padding_mobile":{"unit":"px","top":"0","right":"0","bottom":"40","left":"0","isLinked":false},"_inline_size_tablet":55},"elements":[{"id":"7dd5","settings":{"title":"send us a message ","align":"center","align_mobile":"center","title_color":"#ffffff","typography_typography":"custom","typography_font_size":{"unit":"px","size":30},"typography_font_size_tablet":{"unit":"px","size":25},"typography_font_family":"Poppins","typography_font_weight":"600","typography_text_transform":"uppercase","typography_line_height_tablet":{"unit":"em","size":""},"typography_line_height_mobile":{"unit":"em","size":"1"},"_padding":{"unit":"px","top":"0","right":"0","bottom":"0","left":"0","isLinked":false},"_padding_tablet":{"unit":"px","top":"0","right":"0","bottom":"0","left":"0","isLinked":false},"header_size":"h3","_padding_mobile":{"unit":"px","top":"0","right":"0","bottom":"0","left":"0","isLinked":false}},"elements":[],"isInner":false,"widgetType":"heading","elType":"widget"},{"id":"29ea","settings":{"editor":"<p>Contact us and we will happily respond<\/p>","align_mobile":"center","text_color":"#ffffff","typography_typography":"custom","typography_font_size_tablet":{"unit":"px","size":17},"typography_font_size_mobile":{"unit":"px","size":16},"typography_font_family":"Poppins","typography_line_height_tablet":{"unit":"em","size":""},"typography_line_height_mobile":{"unit":"em","size":""},"align":"center","typography_font_size":{"unit":"px","size":20},"typography_font_weight":"500","typography_line_height":{"unit":"em","size":1.7}},"elements":[],"isInner":false,"widgetType":"text-editor","elType":"widget"},{"id":"54db","elType":"widget","settings":{"form_name":"New Form","form_fields":[{"field_type":"text","field_label":"Name","placeholder":"Name","width":"50","required":"","field_options":"","inline_list":"","width_tablet":"","width_mobile":"","rows":4,"recaptcha_size":"normal","recaptcha_style":"light","css_classes":"","_id":"t3xz51c","form_fields_tabs":"","form_fields_content_tab":"","form_fields_advanced_tab":"","shortcode":"","field_value":"","file_sizes":"","file_types":"","allow_multiple_upload":"","max_files":"","acceptance_text":"","checked_by_default":"","field_min":"","field_max":"","min_date":"","max_date":"","use_native_date":"","use_native_time":"","allow_multiple":"","select_size":"","field_html":""},{"field_type":"tel","field_label":"Phone","placeholder":"Phone","width":"50","required":"","field_options":"","inline_list":"","width_tablet":"","width_mobile":"","rows":4,"recaptcha_size":"normal","recaptcha_style":"light","css_classes":"","_id":"4u8wq5d","form_fields_tabs":"","form_fields_content_tab":"","form_fields_advanced_tab":"","shortcode":"","field_value":"","file_sizes":"","file_types":"","allow_multiple_upload":"","max_files":"","acceptance_text":"","checked_by_default":"","field_min":"","field_max":"","min_date":"","max_date":"","use_native_date":"","use_native_time":"","allow_multiple":"","select_size":"","field_html":""},{"field_type":"email","required":true,"field_label":"Email","placeholder":"Email","width":"100","field_options":"","inline_list":"","width_tablet":"","width_mobile":"","rows":4,"recaptcha_size":"normal","recaptcha_style":"light","css_classes":"","_id":"field_1","form_fields_tabs":"","form_fields_content_tab":"","form_fields_advanced_tab":"","shortcode":"","field_value":"","file_sizes":"","file_types":"","allow_multiple_upload":"","max_files":"","acceptance_text":"","checked_by_default":"","field_min":"","field_max":"","min_date":"","max_date":"","use_native_date":"","use_native_time":"","allow_multiple":"","select_size":"","field_html":""}],"show_labels":"","button_text":"Send","button_size":"lg","email_to":"kingyes1@gmail.com","email_subject":"New message from \"Elementor\"","email_from":"email@demo.elementor.com","email_from_name":"Elementor","send_html":"","success_message":"The message was sent successfully!","error_message":"There's something wrong... Please fill in the required fields.","required_field_message":"Required","invalid_message":"There's something wrong... The form is invalid.","label_typography_line_height_tablet":{"unit":"em","size":""},"label_typography_line_height_mobile":{"unit":"em","size":""},"field_typography_line_height_tablet":{"unit":"em","size":""},"field_typography_line_height_mobile":{"unit":"em","size":""},"field_border_radius":{"unit":"px","top":"0","right":"0","bottom":"0","left":"0","isLinked":true},"button_typography_line_height_tablet":{"unit":"em","size":""},"button_typography_line_height_mobile":{"unit":"em","size":""},"button_background_color":"#ffb116","button_border_radius":{"unit":"px","top":"0","right":"0","bottom":"0","left":"0","isLinked":true},"submit_actions":[],"email_content":"[all-fields]","email_to_2":"no-reply@elementor.com","email_subject_2":"New message from \"Elementor\"","email_content_2":"[all-fields]","email_from_2":"email@demo.elementor.com","email_from_name_2":"Elementor","email_reply_to_2":"no-reply@elementor.com","button_hover_color":"#ffb116","button_background_hover_color":"#363636","field_typography_typography":"custom","field_typography_line_height":{"unit":"em","size":2.4},"subscriber_already_exists_message":"Subscriber already exist."},"elements":[],"widgetType":"form"}],"isInner":true,"elType":"column"}],"isInner":true,"elType":"section"}],"isInner":false,"elType":"column"}],"isInner":false,"elType":"section"},{"id":"c42","settings":{"layout":"full_width","gap":"no"},"elements":[{"id":"128d","settings":{"_column_size":100},"elements":[{"id":"6724","settings":{"address":"3162 16th St, San Francisco, CA 94103","height":{"unit":"px","size":400},"zoom":{"unit":"px","size":15}},"elements":[],"isInner":false,"widgetType":"google_maps","elType":"widget"}],"isInner":false,"elType":"column"}],"isInner":false,"elType":"section"},{"id":"2a8e","settings":{"background_background":"classic","background_color":"#363636","padding":{"unit":"px","top":"50","right":"0","bottom":"50","left":"0","isLinked":false}},"elements":[{"id":"4a89","settings":{"_column_size":100,"background_background":"classic"},"elements":[{"id":"453","settings":{"title":"follow us","align":"center","title_color":"#ffffff","typography_typography":"custom","typography_font_size":{"unit":"px","size":"25"},"typography_font_size_tablet":{"unit":"px","size":"20"},"typography_font_family":"Poppins","typography_font_weight":"600","typography_text_transform":"uppercase","typography_line_height_tablet":{"unit":"em","size":""},"typography_line_height_mobile":{"unit":"em","size":""},"_padding":{"unit":"px","top":"0","right":"0","bottom":"20","left":"0","isLinked":false},"_padding_tablet":{"unit":"px","top":"0","right":"0","bottom":"20","left":"0","isLinked":false},"_padding_mobile":{"unit":"px","top":"0","right":"0","bottom":"20","left":"0","isLinked":false},"header_size":"h3"},"elements":[],"isInner":false,"widgetType":"heading","elType":"widget"},{"id":"5190","settings":{"social_icon_list":[{"social":"fa fa-facebook","link":{"url":"","is_external":"true","nofollow":""},"_id":"e243yam"},{"social":"fa fa-twitter","link":{"url":"","is_external":"true","nofollow":""},"_id":"zs7e9f0"},{"social":"fa fa-google-plus","link":{"url":"","is_external":"true","nofollow":""},"_id":"qdor6jl"},{"social":"fa fa-tumblr","link":{"url":"","is_external":"true","nofollow":""},"_id":"6r8jjw3"},{"social":"fa fa-linkedin","link":{"url":"","is_external":"true","nofollow":""},"_id":"4xpnfw0"}],"align_tablet":"center","align_mobile":"center","icon_color":"custom","icon_primary_color":"#ffb116","icon_secondary_color":"#363636","icon_size":{"unit":"px","size":"20"},"icon_padding_tablet":{"unit":"em","size":"1"},"icon_spacing":{"unit":"px","size":"15"},"icon_spacing_mobile":{"unit":"px","size":10},"icon_size_tablet":{"unit":"px","size":15},"icon_size_mobile":{"unit":"px","size":15},"icon_padding":{"unit":"em","size":"0.7"},"icon_spacing_tablet":{"unit":"px","size":10},"border_radius":{"unit":"px","top":"50","right":"50","bottom":"50","left":"50","isLinked":true},"hover_primary_color":"#ffb116","hover_secondary_color":"#ffffff"},"elements":[],"isInner":false,"widgetType":"social-icons","elType":"widget"}],"isInner":false,"elType":"column"}],"isInner":false,"elType":"section"}]}