{"version":"0.4","title":"Services \u2013 Interior","type":"page","content":[{"id":"5f17","settings":{"section_layout":"","layout":"full_width","gap":"no","height":"min-height","custom_height":{"unit":"px","size":""},"column_position":"stretch","content_position":"middle","structure":"20","section_background":"","background_background":"none","background_overlay_section":"","section_border":"","box_shadow_box_shadow":{"horizontal":0,"vertical":0,"blur":10,"spread":0,"inset":"","color":"rgba(0,0,0,0.5)"},"section_typo":"","section_advanced":"","padding":{"unit":"px","top":"65","right":"0","bottom":"85","left":"0","isLinked":false},"padding_mobile":{"unit":"px","top":"0","right":"0","bottom":"50","left":"0","isLinked":false},"_section_responsive":"","heading_visibility":"","responsive_description":"","section_custom_css":"","custom_css_description":"","section_custom_css_pro":"","custom_css_pro":""},"elements":[{"id":"16b1","settings":{"_column_size":50,"_inline_size":"75.794","section_style":"","background_background":"classic","background_color":"#e0c387","box_shadow_box_shadow":{"horizontal":0,"vertical":0,"blur":10,"spread":0,"inset":"","color":"rgba(0,0,0,0.5)"},"section_background_overlay":"","section_typo":"","section_advanced":"","padding":{"unit":"px","top":"75","right":"0","bottom":"75","left":"120","isLinked":false},"padding_tablet":{"unit":"px","top":"60","right":"0","bottom":"60","left":"45","isLinked":false},"padding_mobile":{"unit":"px","top":"50","right":"0","bottom":"50","left":"30","isLinked":false},"section_responsive":"","screen_xs":"default","screen_xs_width":"100","section_custom_css":"","custom_css_description":"","section_custom_css_pro":"","custom_css_pro":""},"elements":[{"id":"1558","settings":{"section_image":"","title_text":"We Love Design","description_text":"Pipeline push back bake it in. Customer centric hit the ground running power Pointless hammer out, so get all your ducks in a row, nor high-level diversify kpis. Loop pushback, nor strategic fit. ","link":{"is_external":"","url":""},"position":"left","section_style_image":"","image_space":{"unit":"px","size":"50"},"image_size":{"unit":"%","size":100},"section_style_content":"","content_vertical_alignment":"middle","heading_title":"","title_bottom_space":{"unit":"px","size":20},"title_color":"#002949","title_typography_typography":"custom","title_typography_font_size":{"unit":"px","size":"43"},"title_typography_font_size_tablet":{"unit":"px","size":"29"},"title_typography_font_family":"Poppins","title_typography_font_weight":"600","title_typography_line_height_tablet":{"unit":"em","size":""},"title_typography_line_height_mobile":{"unit":"em","size":""},"title_typography_letter_spacing":{"unit":"px","size":"-1.6"},"heading_description":"","description_typography_typography":"custom","description_typography_font_family":"Lora","description_typography_line_height":{"unit":"em","size":1.9},"description_typography_line_height_tablet":{"unit":"em","size":"1.4"},"description_typography_line_height_mobile":{"unit":"em","size":""},"_section_style":"","_margin":{"unit":"%","top":"0","right":"-17","bottom":"0","left":"0","isLinked":false},"_margin_mobile":{"unit":"px","top":"0","right":"0","bottom":"0","left":"0","isLinked":true},"_padding":{"unit":"px","top":"0","right":"50","bottom":"0","left":"0","isLinked":false},"_padding_tablet":{"unit":"px","top":"0","right":"30","bottom":"0","left":"0","isLinked":false},"_padding_mobile":{"unit":"px","top":"30","right":"30","bottom":"30","left":"30","isLinked":true},"_section_background":"","_background_background":"classic","_background_color":"#ffffff","_box_shadow_box_shadow_type":"outset","_box_shadow_box_shadow":{"horizontal":0,"vertical":0,"blur":"50","spread":0,"inset":"","color":"rgba(0,0,0,0.19)"},"_section_responsive":"","responsive_description":"","section_custom_css":"","custom_css_description":"","section_custom_css_pro":"","custom_css_pro":""},"elements":[],"isInner":false,"widgetType":"image-box","elType":"widget"}],"isInner":false,"elType":"column"},{"id":"4796","settings":{"_column_size":50,"_inline_size":"24.206","section_style":"","background_background":"none","background_color":"#ffffff","background_position":"center center","background_size":"cover","box_shadow_box_shadow":{"horizontal":0,"vertical":0,"blur":10,"spread":0,"inset":"","color":"rgba(0,0,0,0.5)"},"section_background_overlay":"","section_typo":"","section_advanced":"","section_responsive":"","screen_xs":"default","screen_xs_width":"100","section_custom_css":"","custom_css_description":"","section_custom_css_pro":"","custom_css_pro":""},"elements":[],"isInner":false,"elType":"column"}],"isInner":false,"elType":"section"},{"id":"4722","settings":{"section_layout":"","layout":"full_width","gap":"no","section_background":"","background_overlay_section":"","section_border":"","box_shadow_box_shadow":{"horizontal":0,"vertical":0,"blur":10,"spread":0,"inset":"","color":"rgba(0,0,0,0.5)"},"section_typo":"","section_advanced":"","_section_responsive":"","heading_visibility":"","responsive_description":"","section_custom_css":"","custom_css_description":"","section_custom_css_pro":"","custom_css_pro":""},"elements":[{"id":"6ced","settings":{"_column_size":100,"_inline_size":null,"section_style":"","box_shadow_box_shadow":{"horizontal":0,"vertical":0,"blur":10,"spread":0,"inset":"","color":"rgba(0,0,0,0.5)"},"section_background_overlay":"","section_typo":"","section_advanced":"","section_responsive":"","screen_xs":"default","screen_xs_width":"100","section_custom_css":"","custom_css_description":"","section_custom_css_pro":"","custom_css_pro":""},"elements":[{"id":"2f04","settings":{"section_title":"","title":"interior<BR>design","link":{"is_external":"","url":""},"align":"right","section_title_style":"","title_color":"rgba(191,201,209,0.34)","typography_typography":"custom","typography_font_size":{"unit":"px","size":"161"},"typography_font_size_tablet":{"unit":"px","size":"135"},"typography_font_size_mobile":{"unit":"px","size":"76"},"typography_font_family":"Poppins","typography_font_weight":"600","typography_text_transform":"uppercase","typography_line_height":{"unit":"em","size":0.9},"typography_line_height_tablet":{"unit":"em","size":""},"typography_line_height_mobile":{"unit":"em","size":""},"typography_letter_spacing":{"unit":"px","size":-4.4},"_section_style":"","_section_background":"","_box_shadow_box_shadow":{"horizontal":0,"vertical":0,"blur":10,"spread":0,"inset":"","color":"rgba(0,0,0,0.5)"},"_section_responsive":"","responsive_description":"","section_custom_css":"","custom_css_description":"","section_custom_css_pro":"","custom_css_pro":""},"elements":[],"isInner":false,"widgetType":"heading","elType":"widget"}],"isInner":false,"elType":"column"}],"isInner":false,"elType":"section"},{"id":"11a3","settings":{"section_layout":"","content_width":{"unit":"px","size":"1040"},"gap":"no","section_background":"","background_background":"classic","background_color":"#ffffff","background_overlay_section":"","section_border":"","box_shadow_box_shadow":{"horizontal":0,"vertical":0,"blur":10,"spread":0,"inset":"","color":"rgba(0,0,0,0.5)"},"section_typo":"","section_advanced":"","margin":{"unit":"px","top":"-87","right":0,"bottom":"0","left":0,"isLinked":false},"margin_tablet":{"unit":"px","top":"0","right":0,"bottom":"0","left":0,"isLinked":true},"margin_mobile":{"unit":"px","top":"","right":0,"bottom":"","left":0,"isLinked":true},"padding":{"unit":"px","top":"100","right":"0","bottom":"60","left":"0","isLinked":false},"padding_tablet":{"unit":"px","top":"30","right":"30","bottom":"30","left":"30","isLinked":true},"_section_responsive":"","heading_visibility":"","responsive_description":"","section_custom_css":"","custom_css_description":"","section_custom_css_pro":"","custom_css_pro":""},"elements":[{"id":"3cd2","settings":{"_column_size":100,"_inline_size":null,"section_style":"","box_shadow_box_shadow":{"horizontal":0,"vertical":0,"blur":10,"spread":0,"inset":"","color":"rgba(0,0,0,0.5)"},"section_background_overlay":"","section_typo":"","section_advanced":"","section_responsive":"","screen_xs":"default","screen_xs_width":"100","section_custom_css":"","custom_css_description":"","section_custom_css_pro":"","custom_css_pro":""},"elements":[{"id":"55b3","settings":{"section_title":"","title":"What We Do","link":{"is_external":"","url":""},"header_size":"h3","align_mobile":"center","section_title_style":"","title_color":"#e0c387","typography_typography":"custom","typography_font_size":{"unit":"px","size":"35"},"typography_font_family":"Poppins","typography_font_weight":"500","typography_line_height_tablet":{"unit":"em","size":""},"typography_line_height_mobile":{"unit":"em","size":""},"typography_letter_spacing":{"unit":"px","size":"-1.2"},"_section_style":"","_section_background":"","_box_shadow_box_shadow":{"horizontal":0,"vertical":0,"blur":10,"spread":0,"inset":"","color":"rgba(0,0,0,0.5)"},"_section_responsive":"","responsive_description":"","section_custom_css":"","custom_css_description":"","section_custom_css_pro":"","custom_css_pro":""},"elements":[],"isInner":false,"widgetType":"heading","elType":"widget"},{"id":"187a","settings":{"section_layout":"","gap":"no","structure":"30","section_background":"","background_overlay_section":"","section_border":"","box_shadow_box_shadow":{"horizontal":0,"vertical":0,"blur":10,"spread":0,"inset":"","color":"rgba(0,0,0,0.5)"},"section_typo":"","section_advanced":"","padding":{"unit":"px","top":"30","right":"0","bottom":"30","left":"0","isLinked":false},"padding_tablet":{"unit":"px","top":"30","right":"0","bottom":"20","left":"0","isLinked":false},"_section_responsive":"","heading_visibility":"","responsive_description":"","section_custom_css":"","custom_css_description":""},"elements":[{"id":"6ae9","settings":{"_column_size":33,"_inline_size":null,"section_style":"","box_shadow_box_shadow":{"horizontal":0,"vertical":0,"blur":10,"spread":0,"inset":"","color":"rgba(0,0,0,0.5)"},"section_background_overlay":"","section_typo":"","section_advanced":"","margin":{"unit":"px","top":"0","right":"40","bottom":"0","left":"0","isLinked":false},"margin_tablet":{"unit":"px","top":"0","right":"20","bottom":"0","left":"0","isLinked":false},"margin_mobile":{"unit":"px","top":"0","right":"0","bottom":"0","left":"0","isLinked":true},"section_responsive":"","screen_xs":"default","screen_xs_width":"100","section_custom_css":"","custom_css_description":""},"elements":[{"id":"3770","settings":{"section_icon":"","icon":"fa fa-briefcase","title_text":"Workspace","description_text":"Customer centric hit the ground running powerPointless hammer out, so get all your ducks in a row nor high level ","link":{"is_external":"","url":""},"section_style_icon":"","primary_color":"#bfc9d1","section_hover":"","hover_primary_color":"#e0c387","hover_animation":"float","section_style_content":"","heading_title":"","title_bottom_space":{"unit":"px","size":14},"title_color":"#002949","title_typography_typography":"custom","title_typography_font_size":{"unit":"px","size":"19"},"title_typography_font_family":"Poppins","title_typography_font_weight":"600","title_typography_line_height_tablet":{"unit":"em","size":""},"title_typography_line_height_mobile":{"unit":"em","size":""},"heading_description":"","description_typography_typography":"custom","description_typography_font_size":{"unit":"px","size":"15"},"description_typography_font_family":"Lora","description_typography_line_height":{"unit":"em","size":"1.6"},"description_typography_line_height_tablet":{"unit":"em","size":""},"description_typography_line_height_mobile":{"unit":"em","size":""},"_section_style":"","_margin_mobile":{"unit":"px","top":"0","right":"0","bottom":"30","left":"0","isLinked":false},"_padding":{"unit":"px","top":"65","right":"35","bottom":"65","left":"35","isLinked":false},"_section_background":"","_background_background":"classic","_background_color":"#ffffff","_border_border":"solid","_border_width":{"unit":"px","top":"1","right":"1","bottom":"1","left":"1","isLinked":true},"_border_color":"#e0c387","_box_shadow_box_shadow_type":"outset","_box_shadow_box_shadow":{"horizontal":0,"vertical":0,"blur":23,"spread":0,"inset":"","color":"rgba(0,0,0,0.12)"},"_section_responsive":"","responsive_description":"","section_custom_css":"","custom_css_description":"","section_custom_css_pro":"","custom_css_pro":""},"elements":[],"isInner":false,"widgetType":"icon-box","elType":"widget"}],"isInner":true,"elType":"column"},{"id":"1a0f","settings":{"_column_size":33,"_inline_size":null,"section_style":"","box_shadow_box_shadow":{"horizontal":0,"vertical":0,"blur":10,"spread":0,"inset":"","color":"rgba(0,0,0,0.5)"},"section_background_overlay":"","section_typo":"","section_advanced":"","margin":{"unit":"px","top":"0","right":"20","bottom":"0","left":"20","isLinked":false},"margin_tablet":{"unit":"px","top":"0","right":"10","bottom":"0","left":"10","isLinked":false},"margin_mobile":{"unit":"px","top":"0","right":"0","bottom":"0","left":"0","isLinked":true},"section_responsive":"","screen_xs":"default","screen_xs_width":"100","section_custom_css":"","custom_css_description":""},"elements":[{"id":"336e","settings":{"section_icon":"","icon":"fa fa-shopping-bag","title_text":"Storefront","description_text":"Customer centric hit the ground running powerPointless hammer out, so get all your ducks in a row nor high level ","link":{"is_external":"","url":""},"section_style_icon":"","primary_color":"#bfc9d1","section_hover":"","hover_primary_color":"#e0c387","hover_animation":"float","section_style_content":"","heading_title":"","title_bottom_space":{"unit":"px","size":14},"title_color":"#002949","title_typography_typography":"custom","title_typography_font_size":{"unit":"px","size":"19"},"title_typography_font_family":"Poppins","title_typography_font_weight":"600","title_typography_line_height_tablet":{"unit":"em","size":""},"title_typography_line_height_mobile":{"unit":"em","size":""},"heading_description":"","description_typography_typography":"custom","description_typography_font_size":{"unit":"px","size":"15"},"description_typography_font_family":"Lora","description_typography_line_height":{"unit":"em","size":"1.6"},"description_typography_line_height_tablet":{"unit":"em","size":""},"description_typography_line_height_mobile":{"unit":"em","size":""},"_section_style":"","_margin_mobile":{"unit":"px","top":"0","right":"0","bottom":"30","left":"0","isLinked":false},"_padding":{"unit":"px","top":"65","right":"35","bottom":"65","left":"35","isLinked":false},"_section_background":"","_background_background":"classic","_background_color":"#ffffff","_border_border":"solid","_border_width":{"unit":"px","top":"1","right":"1","bottom":"1","left":"1","isLinked":true},"_border_color":"#e0c387","_box_shadow_box_shadow_type":"outset","_box_shadow_box_shadow":{"horizontal":0,"vertical":0,"blur":23,"spread":0,"inset":"","color":"rgba(0,0,0,0.12)"},"_section_responsive":"","responsive_description":"","section_custom_css":"","custom_css_description":"","section_custom_css_pro":"","custom_css_pro":""},"elements":[],"isInner":false,"widgetType":"icon-box","elType":"widget"}],"isInner":true,"elType":"column"},{"id":"4ca5","settings":{"_column_size":33,"_inline_size":null,"section_style":"","box_shadow_box_shadow":{"horizontal":0,"vertical":0,"blur":10,"spread":0,"inset":"","color":"rgba(0,0,0,0.5)"},"section_background_overlay":"","section_typo":"","section_advanced":"","margin":{"unit":"px","top":"0","right":"0","bottom":"0","left":"40","isLinked":false},"margin_tablet":{"unit":"px","top":"0","right":"0","bottom":"0","left":"20","isLinked":false},"margin_mobile":{"unit":"px","top":"0","right":"0","bottom":"0","left":"0","isLinked":true},"section_responsive":"","screen_xs":"default","screen_xs_width":"100","section_custom_css":"","custom_css_description":""},"elements":[{"id":"5a9c","settings":{"section_icon":"","icon":"fa fa-wpexplorer","title_text":"Apartments","description_text":"Customer centric hit the ground running powerPointless hammer out, so get all your ducks in a row nor high level ","link":{"is_external":"","url":""},"section_style_icon":"","primary_color":"#bfc9d1","section_hover":"","hover_primary_color":"#e0c387","hover_animation":"float","section_style_content":"","heading_title":"","title_bottom_space":{"unit":"px","size":14},"title_color":"#002949","title_typography_typography":"custom","title_typography_font_size":{"unit":"px","size":"19"},"title_typography_font_family":"Poppins","title_typography_font_weight":"600","title_typography_line_height_tablet":{"unit":"em","size":""},"title_typography_line_height_mobile":{"unit":"em","size":""},"heading_description":"","description_typography_typography":"custom","description_typography_font_size":{"unit":"px","size":"15"},"description_typography_font_family":"Lora","description_typography_line_height":{"unit":"em","size":"1.6"},"description_typography_line_height_tablet":{"unit":"em","size":""},"description_typography_line_height_mobile":{"unit":"em","size":""},"_section_style":"","_margin_mobile":{"unit":"px","top":"0","right":"0","bottom":"10","left":"0","isLinked":false},"_padding":{"unit":"px","top":"65","right":"35","bottom":"65","left":"35","isLinked":false},"_section_background":"","_background_background":"classic","_background_color":"#ffffff","_border_border":"solid","_border_width":{"unit":"px","top":"1","right":"1","bottom":"1","left":"1","isLinked":true},"_border_color":"#e0c387","_box_shadow_box_shadow_type":"outset","_box_shadow_box_shadow":{"horizontal":0,"vertical":0,"blur":23,"spread":0,"inset":"","color":"rgba(0,0,0,0.12)"},"_section_responsive":"","responsive_description":"","section_custom_css":"","custom_css_description":"","section_custom_css_pro":"","custom_css_pro":""},"elements":[],"isInner":false,"widgetType":"icon-box","elType":"widget"}],"isInner":true,"elType":"column"}],"isInner":true,"elType":"section"},{"id":"6b5d","settings":{"section_layout":"","gap":"no","structure":"30","section_background":"","background_overlay_section":"","section_border":"","box_shadow_box_shadow":{"horizontal":0,"vertical":0,"blur":10,"spread":0,"inset":"","color":"rgba(0,0,0,0.5)"},"section_typo":"","section_advanced":"","padding":{"unit":"px","top":"30","right":"0","bottom":"30","left":"0","isLinked":false},"padding_tablet":{"unit":"px","top":"20","right":"0","bottom":"50","left":"0","isLinked":false},"_section_responsive":"","heading_visibility":"","responsive_description":"","section_custom_css":"","custom_css_description":""},"elements":[{"id":"488","settings":{"_column_size":33,"_inline_size":null,"section_style":"","box_shadow_box_shadow":{"horizontal":0,"vertical":0,"blur":10,"spread":0,"inset":"","color":"rgba(0,0,0,0.5)"},"section_background_overlay":"","section_typo":"","section_advanced":"","margin":{"unit":"px","top":"0","right":"40","bottom":"0","left":"0","isLinked":false},"margin_tablet":{"unit":"px","top":"0","right":"20","bottom":"0","left":"0","isLinked":false},"margin_mobile":{"unit":"px","top":"0","right":"0","bottom":"0","left":"0","isLinked":true},"section_responsive":"","screen_xs":"default","screen_xs_width":"100","section_custom_css":"","custom_css_description":""},"elements":[{"id":"482b","settings":{"section_icon":"","icon":"fa fa-bell-o","title_text":"Hotels","description_text":"Customer centric hit the ground running powerPointless hammer out, so get all your ducks in a row nor high level ","link":{"is_external":"","url":""},"section_style_icon":"","primary_color":"#bfc9d1","section_hover":"","hover_primary_color":"#e0c387","hover_animation":"float","section_style_content":"","heading_title":"","title_bottom_space":{"unit":"px","size":14},"title_color":"#002949","title_typography_typography":"custom","title_typography_font_size":{"unit":"px","size":"19"},"title_typography_font_family":"Poppins","title_typography_font_weight":"600","title_typography_line_height_tablet":{"unit":"em","size":""},"title_typography_line_height_mobile":{"unit":"em","size":""},"heading_description":"","description_typography_typography":"custom","description_typography_font_size":{"unit":"px","size":"15"},"description_typography_font_family":"Lora","description_typography_line_height":{"unit":"em","size":"1.6"},"description_typography_line_height_tablet":{"unit":"em","size":""},"description_typography_line_height_mobile":{"unit":"em","size":""},"_section_style":"","_margin_mobile":{"unit":"px","top":"0","right":"0","bottom":"30","left":"0","isLinked":false},"_padding":{"unit":"px","top":"65","right":"35","bottom":"65","left":"35","isLinked":false},"_section_background":"","_background_background":"classic","_background_color":"#ffffff","_border_border":"solid","_border_width":{"unit":"px","top":"1","right":"1","bottom":"1","left":"1","isLinked":true},"_border_color":"#e0c387","_box_shadow_box_shadow_type":"outset","_box_shadow_box_shadow":{"horizontal":0,"vertical":0,"blur":23,"spread":0,"inset":"","color":"rgba(0,0,0,0.12)"},"_section_responsive":"","responsive_description":"","section_custom_css":"","custom_css_description":"","section_custom_css_pro":"","custom_css_pro":""},"elements":[],"isInner":false,"widgetType":"icon-box","elType":"widget"}],"isInner":true,"elType":"column"},{"id":"4246","settings":{"_column_size":33,"_inline_size":null,"section_style":"","box_shadow_box_shadow":{"horizontal":0,"vertical":0,"blur":10,"spread":0,"inset":"","color":"rgba(0,0,0,0.5)"},"section_background_overlay":"","section_typo":"","section_advanced":"","margin":{"unit":"px","top":"0","right":"20","bottom":"0","left":"20","isLinked":false},"margin_tablet":{"unit":"px","top":"0","right":"10","bottom":"0","left":"10","isLinked":false},"margin_mobile":{"unit":"px","top":"0","right":"0","bottom":"0","left":"0","isLinked":true},"section_responsive":"","screen_xs":"default","screen_xs_width":"100","section_custom_css":"","custom_css_description":""},"elements":[{"id":"e21","settings":{"section_icon":"","icon":"fa fa-connectdevelop","title_text":"Concepts","description_text":"Customer centric hit the ground running powerPointless hammer out, so get all your ducks in a row nor high level ","link":{"is_external":"","url":""},"section_style_icon":"","primary_color":"#bfc9d1","section_hover":"","hover_primary_color":"#e0c387","hover_animation":"float","section_style_content":"","heading_title":"","title_bottom_space":{"unit":"px","size":14},"title_color":"#002949","title_typography_typography":"custom","title_typography_font_size":{"unit":"px","size":"19"},"title_typography_font_family":"Poppins","title_typography_font_weight":"600","title_typography_line_height_tablet":{"unit":"em","size":""},"title_typography_line_height_mobile":{"unit":"em","size":""},"heading_description":"","description_typography_typography":"custom","description_typography_font_size":{"unit":"px","size":"15"},"description_typography_font_family":"Lora","description_typography_line_height":{"unit":"em","size":"1.6"},"description_typography_line_height_tablet":{"unit":"em","size":""},"description_typography_line_height_mobile":{"unit":"em","size":""},"_section_style":"","_margin_mobile":{"unit":"px","top":"0","right":"0","bottom":"30","left":"0","isLinked":false},"_padding":{"unit":"px","top":"65","right":"35","bottom":"65","left":"35","isLinked":false},"_section_background":"","_background_background":"classic","_background_color":"#ffffff","_border_border":"solid","_border_width":{"unit":"px","top":"1","right":"1","bottom":"1","left":"1","isLinked":true},"_border_color":"#e0c387","_box_shadow_box_shadow_type":"outset","_box_shadow_box_shadow":{"horizontal":0,"vertical":0,"blur":23,"spread":0,"inset":"","color":"rgba(0,0,0,0.12)"},"_section_responsive":"","responsive_description":"","section_custom_css":"","custom_css_description":"","section_custom_css_pro":"","custom_css_pro":""},"elements":[],"isInner":false,"widgetType":"icon-box","elType":"widget"}],"isInner":true,"elType":"column"},{"id":"6134","settings":{"_column_size":33,"_inline_size":null,"section_style":"","box_shadow_box_shadow":{"horizontal":0,"vertical":0,"blur":10,"spread":0,"inset":"","color":"rgba(0,0,0,0.5)"},"section_background_overlay":"","section_typo":"","section_advanced":"","margin":{"unit":"px","top":"0","right":"0","bottom":"0","left":"40","isLinked":false},"margin_tablet":{"unit":"px","top":"0","right":"0","bottom":"0","left":"20","isLinked":false},"margin_mobile":{"unit":"px","top":"0","right":"0","bottom":"0","left":"0","isLinked":true},"section_responsive":"","screen_xs":"default","screen_xs_width":"100","section_custom_css":"","custom_css_description":""},"elements":[{"id":"3c07","settings":{"section_icon":"","icon":"fa fa-glass","title_text":"Restaurant","description_text":"Customer centric hit the ground running powerPointless hammer out, so get all your ducks in a row nor high level ","link":{"is_external":"","url":""},"section_style_icon":"","primary_color":"#bfc9d1","section_hover":"","hover_primary_color":"#e0c387","hover_animation":"float","section_style_content":"","heading_title":"","title_bottom_space":{"unit":"px","size":14},"title_color":"#002949","title_typography_typography":"custom","title_typography_font_size":{"unit":"px","size":"19"},"title_typography_font_family":"Poppins","title_typography_font_weight":"600","title_typography_line_height_tablet":{"unit":"em","size":""},"title_typography_line_height_mobile":{"unit":"em","size":""},"heading_description":"","description_typography_typography":"custom","description_typography_font_size":{"unit":"px","size":"15"},"description_typography_font_family":"Lora","description_typography_line_height":{"unit":"em","size":"1.6"},"description_typography_line_height_tablet":{"unit":"em","size":""},"description_typography_line_height_mobile":{"unit":"em","size":""},"_section_style":"","_padding":{"unit":"px","top":"65","right":"35","bottom":"65","left":"35","isLinked":false},"_section_background":"","_background_background":"classic","_background_color":"#ffffff","_border_border":"solid","_border_width":{"unit":"px","top":"1","right":"1","bottom":"1","left":"1","isLinked":true},"_border_color":"#e0c387","_box_shadow_box_shadow_type":"outset","_box_shadow_box_shadow":{"horizontal":0,"vertical":0,"blur":23,"spread":0,"inset":"","color":"rgba(0,0,0,0.12)"},"_section_responsive":"","responsive_description":"","section_custom_css":"","custom_css_description":"","section_custom_css_pro":"","custom_css_pro":""},"elements":[],"isInner":false,"widgetType":"icon-box","elType":"widget"}],"isInner":true,"elType":"column"}],"isInner":true,"elType":"section"}],"isInner":false,"elType":"column"}],"isInner":false,"elType":"section"},{"id":"24ff","settings":{"section_layout":"","layout":"full_width","gap":"no","height":"min-height","custom_height":{"unit":"px","size":""},"column_position":"stretch","content_position":"middle","structure":"20","section_background":"","background_background":"classic","background_image":{"id":909,"url":"http:\/\/localhost\/checkupdate\/wp-content\/uploads\/2018\/03\/StockSnap_60RZGXHD06.jpg"},"background_position":"center left","background_size":"cover","background_overlay_section":"","section_border":"","box_shadow_box_shadow":{"horizontal":0,"vertical":0,"blur":10,"spread":0,"inset":"","color":"rgba(0,0,0,0.5)"},"section_typo":"","section_advanced":"","margin":{"unit":"px","top":"0","right":0,"bottom":"20","left":0,"isLinked":false},"_section_responsive":"","heading_visibility":"","responsive_description":"","section_custom_css":"","custom_css_description":"","section_custom_css_pro":"","custom_css_pro":""},"elements":[{"id":"5ca0","settings":{"_column_size":50,"_inline_size":"38.333","section_style":"","background_background":"none","background_color":"#ffffff","background_position":"center center","background_size":"cover","box_shadow_box_shadow":{"horizontal":0,"vertical":0,"blur":10,"spread":0,"inset":"","color":"rgba(0,0,0,0.5)"},"section_background_overlay":"","section_typo":"","section_advanced":"","section_responsive":"","screen_xs":"default","screen_xs_width":"100","section_custom_css":"","custom_css_description":"","section_custom_css_pro":"","custom_css_pro":""},"elements":[],"isInner":false,"elType":"column"},{"id":"541e","settings":{"_column_size":50,"_inline_size":"61.667","section_style":"","background_background":"classic","background_color":"#e0c387","box_shadow_box_shadow":{"horizontal":0,"vertical":0,"blur":10,"spread":0,"inset":"","color":"rgba(0,0,0,0.5)"},"section_background_overlay":"","section_typo":"","section_advanced":"","padding":{"unit":"%","top":"9","right":"16","bottom":"9","left":"0","isLinked":false},"padding_mobile":{"unit":"px","top":"50","right":"30","bottom":"50","left":"0","isLinked":false},"section_responsive":"","screen_xs":"default","screen_xs_width":"100","section_custom_css":"","custom_css_description":"","section_custom_css_pro":"","custom_css_pro":""},"elements":[{"id":"6059","settings":{"section_testimonial":"","testimonial_content":"\"Click edit button to change this text. Lorem ipsum dolor sit amet, consectetur adipiscing elit. Ut elit tellus, luctus nec ullamcorper mattis, pulvinar dapibus\"","testimonial_image":{"id":"897","url":"http:\/\/localhost\/checkupdate\/wp-content\/uploads\/2018\/03\/cropped-StockSnap_H7X6H0Q4IA.jpg"},"testimonial_name":"Stephen Geist","testimonial_job":"Artist","testimonial_image_position":"top","section_style_testimonial_content":"","content_typography_typography":"custom","content_typography_font_family":"Lora","content_typography_line_height":{"unit":"em","size":1.9},"content_typography_line_height_tablet":{"unit":"em","size":""},"content_typography_line_height_mobile":{"unit":"em","size":""},"section_style_testimonial_image":"","image_size":{"unit":"px","size":86},"section_style_testimonial_name":"","name_text_color":"#002949","name_typography_typography":"custom","name_typography_font_family":"Poppins","name_typography_font_weight":"600","name_typography_text_transform":"uppercase","name_typography_line_height_tablet":{"unit":"em","size":""},"name_typography_line_height_mobile":{"unit":"em","size":""},"name_typography_letter_spacing":{"unit":"px","size":2.1},"section_style_testimonial_job":"","job_text_color":"#e0c387","job_typography_typography":"custom","job_typography_font_family":"Lora","job_typography_line_height":{"unit":"em","size":1.7},"job_typography_line_height_tablet":{"unit":"em","size":""},"job_typography_line_height_mobile":{"unit":"em","size":""},"_section_style":"","_margin":{"unit":"%","top":"0","right":"0","bottom":"0","left":"-17","isLinked":false},"_margin_mobile":{"unit":"px","top":"0","right":"0","bottom":"0","left":"0","isLinked":true},"_padding":{"unit":"px","top":"80","right":"50","bottom":"80","left":"50","isLinked":false},"_padding_mobile":{"unit":"px","top":"40","right":"40","bottom":"40","left":"40","isLinked":true},"_section_background":"","_background_background":"classic","_background_color":"#ffffff","_box_shadow_box_shadow_type":"outset","_box_shadow_box_shadow":{"horizontal":0,"vertical":0,"blur":"50","spread":0,"inset":"","color":"rgba(0,0,0,0.18)"},"_section_responsive":"","responsive_description":"","section_custom_css":"","custom_css_description":"","section_custom_css_pro":"","custom_css_pro":""},"elements":[],"isInner":false,"widgetType":"testimonial","elType":"widget"}],"isInner":false,"elType":"column"}],"isInner":false,"elType":"section"}]}