{"version":"0.4","title":"Coming Soon 10","type":"page","content":[{"id":"4e05","settings":{"height":"min-height","custom_height":{"unit":"vh","size":100},"background_background":"classic","background_image":{"id":930,"url":"http:\/\/localhost\/checkupdate\/wp-content\/uploads\/2018\/03\/ant-rozetsky-256125.jpg"},"background_position":"center center","background_size":"cover","background_overlay_background":"gradient","background_overlay_color":"rgba(0,0,0,0.32)","background_overlay_opacity":{"unit":"px","size":1},"content_width":{"unit":"px","size":"1040"},"content_position":"top","background_overlay_color_stop":{"unit":"%","size":"52"},"background_overlay_color_b":"#ffd725","background_overlay_color_b_stop":{"unit":"%","size":"48"},"shape_divider_bottom_color":"#ffd725","shape_divider_bottom_width":{"unit":"%","size":160},"shape_divider_bottom_height":{"unit":"px","size":"700"},"shape_divider_bottom_flip":"yes","column_position":"top","padding":{"unit":"px","top":"50","right":"0","bottom":"0","left":"0","isLinked":false},"padding_tablet":{"unit":"px","top":"20","right":"20","bottom":"20","left":"20","isLinked":true}},"elements":[{"id":"57c","settings":{"_column_size":100,"_inline_size":null},"elements":[{"id":"224d","settings":{"gap":"no","structure":"20"},"elements":[{"id":"6376","settings":{"_column_size":50,"_inline_size":null,"padding_mobile":{"unit":"%","top":"0","right":"20","bottom":"0","left":"0","isLinked":false},"screen_sm":"custom","screen_sm_width":"50"},"elements":[{"id":"3611","settings":{"image":{"id":929,"url":"http:\/\/localhost\/checkupdate\/wp-content\/uploads\/2018\/03\/Group-149-1.png"},"image_size":"custom","image_custom_dimension":{"width":"180","height":""},"align":"left"},"elements":[],"isInner":false,"widgetType":"image","elType":"widget"}],"isInner":true,"elType":"column"},{"id":"5de4","settings":{"_column_size":50,"_inline_size":null,"screen_sm":"custom","screen_sm_width":"50"},"elements":[{"id":"7d77","settings":{"social_icon_list":[{"social":"fa fa-facebook","_id":"dj0oqxg","link":{"url":"","is_external":"true","nofollow":""}},{"social":"fa fa-twitter","_id":"9sl36ju","link":{"url":"","is_external":"true","nofollow":""}},{"social":"fa fa-google-plus","_id":"pppuvwd","link":{"url":"","is_external":"true","nofollow":""}}],"align":"right","icon_color":"custom","icon_primary_color":"rgba(0,0,0,0)","icon_secondary_color":"#ffffff","icon_size":{"unit":"px","size":"19"},"hover_secondary_color":"#ffd725"},"elements":[],"isInner":false,"widgetType":"social-icons","elType":"widget"}],"isInner":true,"elType":"column"}],"isInner":true,"elType":"section"},{"id":"246f","settings":{"structure":"20","padding":{"unit":"px","top":"150","right":"0","bottom":"150","left":"0","isLinked":false},"padding_tablet":{"unit":"px","top":"260","right":"0","bottom":"0","left":"0","isLinked":false},"padding_mobile":{"unit":"px","top":"0","right":"0","bottom":"0","left":"0","isLinked":false}},"elements":[{"id":"7450","settings":{"_column_size":50,"_inline_size":"57.157","padding":{"unit":"px","top":"0","right":"100","bottom":"0","left":"0","isLinked":false},"padding_tablet":{"unit":"px","top":"0","right":"60","bottom":"0","left":"0","isLinked":false},"padding_mobile":{"unit":"px","top":"0","right":"0","bottom":"0","left":"0","isLinked":false}},"elements":[{"id":"4102","settings":{"title":"Coming Soon","align":"left","title_color":"#ffd725","typography_typography":"custom","typography_font_size":{"unit":"px","size":147},"typography_font_family":"Oswald","typography_text_transform":"uppercase","typography_font_size_tablet":{"unit":"px","size":107},"_padding":{"unit":"px","top":"30","right":"0","bottom":"0","left":"0","isLinked":false},"align_mobile":"center","typography_font_size_mobile":{"unit":"px","size":82}},"elements":[],"isInner":false,"widgetType":"heading","elType":"widget"},{"id":"7a13","settings":{"label_days":"Days","label_hours":"Hours","label_minutes":"Minutes","label_seconds":"Seconds","container_width":{"unit":"%","size":""},"box_background_color":"rgba(255,255,255,0)","box_padding":{"unit":"px","top":"0","right":"0","bottom":"0","left":"0","isLinked":true},"digits_color":"#000000","digits_typography_typography":"custom","digits_typography_font_size":{"unit":"px","size":"41"},"digits_typography_font_family":"Oswald","digits_typography_font_weight":"bold","label_color":"#000000","label_typography_typography":"custom","label_typography_font_family":"Oswald","label_typography_font_weight":"200","label_typography_text_transform":"uppercase","_padding":{"unit":"px","top":"0","right":"0","bottom":"30","left":"0","isLinked":false},"label_typography_line_height":{"unit":"em","size":1.5},"due_date":"2017-11-16 01:00"},"elements":[],"isInner":false,"widgetType":"countdown","elType":"widget"}],"isInner":true,"elType":"column"},{"id":"6b4e","settings":{"_column_size":50,"_inline_size":"42.843","background_background":"classic","background_color":"#000000","padding":{"unit":"px","top":"50","right":"50","bottom":"50","left":"50","isLinked":true},"padding_tablet":{"unit":"px","top":"30","right":"30","bottom":"30","left":"30","isLinked":true}},"elements":[{"id":"1649","settings":{"button_text":"Log In","button_size":"md","align":"stretch","user_label":" Username or Email Address","user_placeholder":" Username or Email Address","password_label":"Password","password_placeholder":"Password","row_gap":{"unit":"px","size":15},"links_color":"#ffffff","links_hover_color":"#ffd725","label_color":"#ffffff","label_typography_typography":"custom","label_typography_font_family":"Oswald","label_typography_font_weight":"200","label_typography_text_transform":"uppercase","label_typography_line_height":{"unit":"em","size":"2"},"field_border_width":{"unit":"px","top":"0","right":"0","bottom":"0","left":"0","isLinked":true},"field_border_radius":{"unit":"px","top":"0","right":"0","bottom":"0","left":"0","isLinked":true},"button_text_color":"#000000","button_typography_typography":"custom","button_typography_font_family":"Oswald","button_typography_text_transform":"uppercase","button_background_color":"#ffd725","button_border_radius":{"unit":"px","top":"0","right":"0","bottom":"0","left":"0","isLinked":true}},"elements":[],"isInner":false,"widgetType":"login","elType":"widget"}],"isInner":true,"elType":"column"}],"isInner":true,"elType":"section"}],"isInner":false,"elType":"column"}],"isInner":false,"elType":"section"}],"page_settings":{"hide_title":"yes"}}