{"version":"0.4","title":"Restaurant Site \u2013 About","type":"page","content":[{"id":"1a85","settings":{"height":"min-height","custom_height":{"unit":"px","size":328},"background_background":"classic","background_image":{"id":958,"url":"http:\/\/localhost\/checkupdate\/wp-content\/uploads\/2018\/03\/aboutBG01.png"},"background_position":"bottom center","background_size":"cover","background_overlay_background":"classic","background_overlay_image":{"id":"939","url":"http:\/\/localhost\/checkupdate\/wp-content\/uploads\/2018\/03\/Brushoverlay03.png"},"background_overlay_position":"bottom center","background_overlay_repeat":"no-repeat","background_overlay_size":"contain","background_overlay_opacity":{"unit":"px","size":1},"background_overlay_color":"rgba(2,2,2,0.61)","margin":{"unit":"px","top":"","right":0,"bottom":"","left":0,"isLinked":true},"padding":{"unit":"px","top":"0","right":"0","bottom":"80","left":"0","isLinked":false},"padding_mobile":{"unit":"px","top":"0","right":"0","bottom":"0","left":"0","isLinked":true}},"elements":[{"id":"33fc","settings":{"_column_size":100},"elements":[{"id":"55ce","settings":{"title":"About Our Restaurant ","header_size":"h3","align":"center","title_color":"#ffffff","typography_typography":"custom","typography_font_size":{"unit":"px","size":50},"typography_font_family":"Lora","typography_font_weight":"100","typography_letter_spacing":{"unit":"px","size":0.1},"typography_line_height":{"unit":"px","size":""},"typography_font_size_mobile":{"unit":"px","size":32}},"elements":[],"isInner":false,"widgetType":"heading","elType":"widget"},{"id":"7cef","settings":{"style":"double","weight":{"unit":"px","size":4},"color":"#9b1f1a","width":{"unit":"px","size":75},"gap":{"unit":"px","size":5},"_margin":{"unit":"px","top":"-10","right":"0","bottom":"0","left":"0","isLinked":false},"align":"center"},"elements":[],"isInner":false,"widgetType":"divider","elType":"widget"}],"isInner":false,"elType":"column"}],"isInner":false,"elType":"section"},{"id":"5132","settings":{"height":"min-height","custom_height":{"unit":"px","size":650},"structure":"20","background_position":"top center","background_repeat":"no-repeat","background_size":"contain","margin":{"unit":"px","top":"","right":0,"bottom":"","left":0,"isLinked":true},"padding":{"unit":"px","top":"140","right":"0","bottom":"0","left":"0","isLinked":false},"background_background":"classic","background_color":"#ffffff","margin_mobile":{"unit":"px","top":"70","right":0,"bottom":"0","left":0,"isLinked":false},"padding_mobile":{"unit":"px","top":"0","right":"0","bottom":"0","left":"0","isLinked":true}},"elements":[{"id":"da","settings":{"_column_size":50,"_inline_size":44,"background_background":"classic","background_color":"#ffffff","padding":{"unit":"px","top":"0","right":"0","bottom":"0","left":"0","isLinked":false},"border_radius":{"unit":"px","top":"2","right":"2","bottom":"2","left":"2","isLinked":true},"z_index":1,"content_position":"center","margin":{"unit":"px","top":"0","right":"0","bottom":"0","left":"0","isLinked":false},"_inline_size_tablet":38,"_inline_size_mobile":22},"elements":[],"isInner":false,"elType":"column"},{"id":"153d","settings":{"_column_size":50,"_inline_size":58,"space_between_widgets":0,"background_image":{"id":959,"url":"http:\/\/localhost\/checkupdate\/wp-content\/uploads\/2018\/03\/grillimage1.png"},"background_position":"top center","background_size":"cover","background_repeat":"no-repeat","background_background":"classic","background_overlay_position":"bottom left","background_overlay_size":"auto","background_overlay_opacity":{"unit":"px","size":1},"background_overlay_color":"rgba(255,255,255,0)","background_overlay_color_stop":{"unit":"%","size":20},"background_overlay_color_b":"#020000","background_overlay_gradient_type":"radial","background_overlay_repeat":"no-repeat","border_radius":{"unit":"px","top":"2","right":"2","bottom":"2","left":"2","isLinked":true},"margin":{"unit":"px","top":"0","right":"0","bottom":"0","left":"0","isLinked":false},"padding":{"unit":"px","top":"0","right":"0","bottom":"0","left":"0","isLinked":false},"z_index":0,"background_overlay_background":"classic","background_overlay_image":{"id":962,"url":"http:\/\/localhost\/checkupdate\/wp-content\/uploads\/2018\/03\/Brushoverlay06.png"},"_inline_size_tablet":62,"_inline_size_mobile":78,"margin_tablet":{"unit":"px","top":"0","right":"20","bottom":"0","left":"0","isLinked":false},"padding_mobile":{"unit":"px","top":"0","right":"0","bottom":"40","left":"0","isLinked":false}},"elements":[{"id":"694","settings":{"background_background":"classic","margin":{"unit":"px","top":"140","right":0,"bottom":"180","left":0,"isLinked":false},"margin_mobile":{"unit":"px","top":"","right":0,"bottom":"","left":0,"isLinked":true}},"elements":[{"id":"1ae7","settings":{"_column_size":100,"_inline_size":null,"background_background":"classic","background_color":"#ffffff","border_radius":{"unit":"px","top":"2","right":"2","bottom":"2","left":"2","isLinked":true},"margin":{"unit":"px","top":"0","right":"0","bottom":"0","left":"-440","isLinked":false},"padding":{"unit":"px","top":"30","right":"70","bottom":"70","left":"70","isLinked":false},"margin_tablet":{"unit":"px","top":"0","right":"0","bottom":"0","left":"-300","isLinked":false},"margin_mobile":{"unit":"px","top":"0","right":"0","bottom":"0","left":"-65","isLinked":false},"padding_tablet":{"unit":"px","top":"40","right":"40","bottom":"40","left":"40","isLinked":true},"padding_mobile":{"unit":"px","top":"30","right":"30","bottom":"30","left":"7","isLinked":false}},"elements":[{"id":"790b","settings":{"title":"01","header_size":"p","align":"left","title_color":"#9b1f1a","typography_typography":"custom","typography_font_size":{"unit":"px","size":13},"typography_font_family":"Josefin Sans","typography_font_weight":"400","typography_text_transform":"uppercase","typography_line_height":{"unit":"em","size":1.4},"_margin":{"unit":"%","top":"","right":"","bottom":"","left":"","isLinked":true}},"elements":[],"isInner":false,"widgetType":"heading","elType":"widget"},{"id":"13e8","settings":{"title":"Tales from\nthe kitchen ","header_size":"h3","align":"left","title_color":"#191919","typography_typography":"custom","typography_font_size":{"unit":"px","size":45},"typography_font_family":"Lora","typography_font_weight":"100","typography_letter_spacing":{"unit":"px","size":0.1},"typography_line_height":{"unit":"px","size":55},"_margin":{"unit":"px","top":"40","right":"0","bottom":"0","left":"0","isLinked":false},"typography_font_size_tablet":{"unit":"px","size":38},"typography_font_size_mobile":{"unit":"px","size":34},"_margin_mobile":{"unit":"px","top":"0","right":"0","bottom":"0","left":"0","isLinked":true}},"elements":[],"isInner":false,"widgetType":"heading","elType":"widget"},{"id":"5a01","settings":{"style":"double","weight":{"unit":"px","size":4},"color":"#9b1f1a","width":{"unit":"px","size":75},"gap":{"unit":"px","size":5},"_margin":{"unit":"px","top":"-10","right":"0","bottom":"0","left":"0","isLinked":false}},"elements":[],"isInner":false,"widgetType":"divider","elType":"widget"},{"id":"50a6","settings":{"editor":"<p>Nori grape silver beet broccoli kombu beet greens fava bean potato quandong celery. Bunya nuts black-eyed pea prairie turnip leek lentil turnip greens parsnip. Sea lettuce lettuce water chestnut eggplant winter purslane fennel azuki bean earthnut pea sierra leone bologi leek soko chicory celtuce parsley j\u00edcama salsify.Celery quandong swiss chard chicory earthnut pea potato. Salsify taro catsear garlic gram celery bitterleaf wattle seed collard greens<\/p>","typography_typography":"custom","typography_font_family":"Josefin Sans","typography_font_size":{"unit":"px","size":17},"typography_font_size_mobile":{"unit":"px","size":16},"typography_font_weight":"300","typography_line_height":{"unit":"em","size":1.6},"typography_letter_spacing":{"unit":"px","size":0.1},"_margin":{"unit":"px","top":"40","right":"0","bottom":"0","left":"0","isLinked":false}},"elements":[],"isInner":false,"widgetType":"text-editor","elType":"widget"}],"isInner":true,"elType":"column"}],"isInner":true,"elType":"section"}],"isInner":false,"elType":"column"}],"isInner":false,"elType":"section"},{"id":"2f56","settings":{"height":"min-height","structure":"20","background_background":"classic","background_position":"top center","background_repeat":"no-repeat","background_size":"auto","margin":{"unit":"px","top":"70","right":0,"bottom":"0","left":0,"isLinked":false},"padding":{"unit":"px","top":"100","right":"0","bottom":"151","left":"0","isLinked":false},"background_overlay_background":"classic","background_overlay_position":"bottom center","background_overlay_repeat":"no-repeat","background_overlay_size":"auto","background_overlay_opacity":{"unit":"px","size":1},"custom_height":{"unit":"px","size":781},"margin_tablet":{"unit":"px","top":"0","right":0,"bottom":"0","left":0,"isLinked":true},"margin_mobile":{"unit":"px","top":"0","right":0,"bottom":"0","left":0,"isLinked":false},"padding_tablet":{"unit":"px","top":"80","right":"0","bottom":"0","left":"0","isLinked":false},"padding_mobile":{"unit":"px","top":"0","right":"15","bottom":"0","left":"15","isLinked":false}},"elements":[{"id":"7fdf","settings":{"_column_size":50,"_inline_size":30,"content_position":"center","space_between_widgets":20,"margin":{"unit":"px","top":"40","right":"-70","bottom":"0","left":"70","isLinked":false},"background_background":"classic","background_color":"#f7f3ed","background_color_b":"#9b1f1a","background_gradient_type":"radial","background_gradient_position":"bottom left","border_radius":{"unit":"px","top":"2","right":"2","bottom":"2","left":"2","isLinked":true},"padding":{"unit":"px","top":"40","right":"40","bottom":"40","left":"40","isLinked":false},"z_index":1,"_inline_size_tablet":35,"margin_tablet":{"unit":"px","top":"0","right":"0","bottom":"0","left":"15","isLinked":false},"margin_mobile":{"unit":"px","top":"0","right":"0","bottom":"0","left":"0","isLinked":true},"padding_tablet":{"unit":"px","top":"30","right":"30","bottom":"30","left":"30","isLinked":false},"padding_mobile":{"unit":"px","top":"30","right":"30","bottom":"30","left":"30","isLinked":true}},"elements":[{"id":"7e83","settings":{"title":"02","header_size":"p","align":"left","title_color":"#9b1f1a","typography_typography":"custom","typography_font_size":{"unit":"px","size":13},"typography_font_family":"Josefin Sans","typography_font_weight":"400","typography_text_transform":"uppercase","typography_line_height":{"unit":"em","size":1.4},"_margin":{"unit":"%","top":"","right":"","bottom":"","left":"","isLinked":true}},"elements":[],"isInner":false,"widgetType":"heading","elType":"widget"},{"id":"7800","settings":{"title":"Tales from<br> \nthe winery","header_size":"h3","align":"left","title_color":"#191919","typography_typography":"custom","typography_font_size":{"unit":"px","size":45},"typography_font_family":"Lora","typography_font_weight":"100","typography_letter_spacing":{"unit":"px","size":0.1},"typography_line_height":{"unit":"px","size":55},"_margin":{"unit":"px","top":"40","right":"0","bottom":"0","left":"0","isLinked":false},"typography_font_size_tablet":{"unit":"px","size":38},"typography_font_size_mobile":{"unit":"px","size":34},"_margin_mobile":{"unit":"px","top":"0","right":"0","bottom":"0","left":"0","isLinked":true}},"elements":[],"isInner":false,"widgetType":"heading","elType":"widget"},{"id":"4839","settings":{"style":"double","weight":{"unit":"px","size":4},"color":"#9b1f1a","width":{"unit":"px","size":75},"gap":{"unit":"px","size":5},"_margin":{"unit":"px","top":"-10","right":"0","bottom":"0","left":"0","isLinked":false}},"elements":[],"isInner":false,"widgetType":"divider","elType":"widget"},{"id":"4e7e","settings":{"editor":"<p>Pea horseradish azuki bean lettuce avocado asparagus okra. Kohlrabi radish okra azuki bean corn fava bean mustard tigernut j\u00edcama green bean celtuce collard greens avocado quandong fennel gumbo.\u00a0<\/p><p>Black-eyed pea. Grape silver beet watercress potato tigernut corn groundnut. Chickweed okra pea winter purslane.<\/p>","typography_typography":"custom","typography_font_family":"Josefin Sans","typography_font_size":{"unit":"px","size":17},"typography_font_size_mobile":{"unit":"px","size":16},"typography_font_weight":"300","typography_line_height":{"unit":"em","size":1.6},"typography_letter_spacing":{"unit":"px","size":0.1}},"elements":[],"isInner":false,"widgetType":"text-editor","elType":"widget"}],"isInner":false,"elType":"column"},{"id":"4571","settings":{"_column_size":50,"_inline_size":70,"margin":{"unit":"px","top":"0","right":"0","bottom":"-240","left":"-50","isLinked":false},"space_between_widgets":0,"background_background":"classic","background_color_b":"#9b1f1a","background_gradient_type":"radial","background_gradient_position":"bottom left","background_image":{"id":964,"url":"http:\/\/localhost\/checkupdate\/wp-content\/uploads\/2018\/03\/wineglass6.png"},"background_position":"bottom right","background_repeat":"no-repeat","background_size":"auto","background_overlay_background":"classic","background_overlay_position":"bottom center","background_overlay_repeat":"no-repeat","background_overlay_size":"contain","background_overlay_opacity":{"unit":"px","size":1},"border_radius":{"unit":"px","top":"2","right":"2","bottom":"2","left":"2","isLinked":true},"padding":{"unit":"px","top":"0","right":"070","bottom":"0","left":"520","isLinked":false},"z_index":0,"_inline_size_tablet":65,"_inline_size_mobile":100,"margin_tablet":{"unit":"px","top":"40","right":"0","bottom":"40","left":"0","isLinked":false},"margin_mobile":{"unit":"px","top":"0","right":"0","bottom":"0","left":"0","isLinked":true},"padding_tablet":{"unit":"px","top":"0","right":"20","bottom":"0","left":"250","isLinked":false},"padding_mobile":{"unit":"px","top":"0","right":"0","bottom":"0","left":"0","isLinked":false}},"elements":[{"id":"142c","settings":{"image":{"id":963,"url":"http:\/\/localhost\/checkupdate\/wp-content\/uploads\/2018\/03\/grapes3.png"},"image_size":"full","_box_shadow_box_shadow":{"horizontal":0,"vertical":0,"blur":30,"spread":-9,"color":"rgba(0,0,0,0.5)"},"image_border_radius":{"unit":"px","top":"2","right":"2","bottom":"0","left":"0","isLinked":false},"_margin":{"unit":"px","top":"-174","right":"0","bottom":"0","left":"0","isLinked":false},"align":"right","image_box_shadow_box_shadow":{"horizontal":0,"vertical":0,"blur":50,"spread":-2,"color":"rgba(0,0,0,0.31)"},"space_mobile":{"unit":"%","size":100},"_margin_mobile":{"unit":"px","top":"0","right":"0","bottom":"0","left":"0","isLinked":false},"_padding_mobile":{"unit":"px","top":"0","right":"0","bottom":"0","left":"0","isLinked":false}},"elements":[],"isInner":false,"widgetType":"image","elType":"widget"},{"id":"4718","settings":{"gap":"no","border_radius":{"unit":"px","top":"0","right":"0","bottom":"2","left":"2","isLinked":false},"box_shadow_box_shadow":{"horizontal":0,"vertical":0,"blur":50,"spread":-2,"color":"rgba(0,0,0,0.31)"},"margin":{"unit":"px","top":"0","right":0,"bottom":"0","left":0,"isLinked":false},"background_background":"gradient","background_color":"#770f0f","padding":{"unit":"px","top":"70","right":"44","bottom":"60","left":"44","isLinked":false},"background_color_b":"#9b1f1a","background_gradient_type":"radial","background_gradient_position":"bottom left","z_index":0,"margin_mobile":{"unit":"px","top":"-1","right":0,"bottom":"0","left":0,"isLinked":false},"padding_tablet":{"unit":"px","top":"40","right":"40","bottom":"40","left":"40","isLinked":true},"padding_mobile":{"unit":"px","top":"70","right":"50","bottom":"60","left":"50","isLinked":false}},"elements":[{"id":"3afb","settings":{"_column_size":100,"_inline_size":null,"space_between_widgets":0},"elements":[{"id":"2ef5","settings":{"title":"Le Boudoir","header_size":"h3","align":"left","title_color":"#ffffff","typography_typography":"custom","typography_font_size":{"unit":"px","size":22},"typography_font_family":"Josefin Sans","typography_font_weight":"300","typography_line_height":{"unit":"px","size":35},"_margin":{"unit":"px","top":"0","right":"0","bottom":"0","left":"0","isLinked":false},"_background_background":"classic","typography_letter_spacing":{"unit":"px","size":0.4}},"elements":[],"isInner":false,"widgetType":"heading","elType":"widget"},{"id":"548a","settings":{"title":"Providing the highest quality food and service","header_size":"p","align":"left","title_color":"#ffffff","typography_typography":"custom","typography_font_size":{"unit":"px","size":17},"typography_font_family":"Josefin Sans","typography_font_weight":"200","typography_line_height":{"unit":"em","size":1.6},"typography_letter_spacing":{"unit":"px","size":0.4},"_margin":{"unit":"px","top":"20","right":"0","bottom":"0","left":"0","isLinked":false}},"elements":[],"isInner":false,"widgetType":"heading","elType":"widget"}],"isInner":true,"elType":"column"}],"isInner":true,"elType":"section"}],"isInner":false,"elType":"column"}],"isInner":false,"elType":"section"},{"id":"e73","settings":{"height":"min-height","background_color":"#f7f3ed","padding":{"unit":"px","top":"140","right":"0","bottom":"70","left":"0","isLinked":false},"background_image":{"id":"950","url":"http:\/\/localhost\/checkupdate\/wp-content\/uploads\/2018\/03\/Brushoverlay02.png"},"background_position":"bottom right","background_repeat":"no-repeat","background_size":"cover","background_overlay_background":"classic","background_overlay_position":"top center","background_overlay_repeat":"no-repeat","background_overlay_size":"auto","background_overlay_opacity":{"unit":"px","size":0.04},"background_color_b":"rgba(242,41,91,0)","background_gradient_angle":{"unit":"deg","size":0},"background_background":"gradient","margin":{"unit":"px","top":"","right":0,"bottom":"","left":0,"isLinked":true},"margin_tablet":{"unit":"px","top":"0","right":0,"bottom":"0","left":0,"isLinked":true},"padding_tablet":{"unit":"px","top":"40","right":"0","bottom":"0","left":"0","isLinked":false},"padding_mobile":{"unit":"px","top":"60","right":"0","bottom":"0","left":"0","isLinked":false}},"elements":[{"id":"6ae2","settings":{"_column_size":100},"elements":[{"id":"bd7","settings":{"title":"Clients Opinion","header_size":"h3","align":"center","title_color":"#191919","typography_typography":"custom","typography_font_size":{"unit":"px","size":45},"typography_font_family":"Lora","typography_font_weight":"100","typography_letter_spacing":{"unit":"px","size":0.1},"typography_line_height":{"unit":"px","size":""},"typography_font_size_mobile":{"unit":"px","size":34}},"elements":[],"isInner":false,"widgetType":"heading","elType":"widget"},{"id":"3cc4","settings":{"style":"double","weight":{"unit":"px","size":4},"color":"#9b1f1a","width":{"unit":"px","size":75},"gap":{"unit":"px","size":5},"_margin":{"unit":"px","top":"0","right":"0","bottom":"0","left":"0","isLinked":false},"align":"center"},"elements":[],"isInner":false,"widgetType":"divider","elType":"widget"},{"id":"47ad","settings":{"slides":[{"content":"Celery quandong swiss chard chicory earthnut pea potato. Salsify taro catsear garlic gram celery bitterleaf wattle seed collard greens nori. Grape wattle seed kombu beetroot","name":"Elizabeth P. Page","title":"Guest","image":{"id":965,"url":"http:\/\/localhost\/checkupdate\/wp-content\/uploads\/2018\/03\/7-2.png"},"_id":"39342db"},{"content":"Celery quandong swiss chard chicory earthnut pea potato. Salsify taro catsear garlic gram celery bitterleaf wattle seed collard greens nori. Grape wattle seed kombu beetroot","name":"Ronald Gonzalez","title":"Guest","image":{"id":966,"url":"http:\/\/localhost\/checkupdate\/wp-content\/uploads\/2018\/03\/https-d3iw72m71ie81c.cloudfront.netmale-25.png"},"_id":"b7fefca"},{"content":"Celery quandong swiss chard chicory earthnut pea potato. Salsify taro catsear garlic gram celery bitterleaf wattle seed collard greens nori. Grape wattle seed kombu beetroot","name":"Kathy Taube","title":"Guest","image":{"id":967,"url":"http:\/\/localhost\/checkupdate\/wp-content\/uploads\/2018\/03\/42-1.png"},"_id":"3153677"}],"layout":"image_above","slides_to_scroll":"2","width":{"unit":"%","size":69},"content_gap":{"unit":"px","size":20},"content_color":"#7c7c7c","content_typography_typography":"custom","content_typography_font_size":{"unit":"px","size":17},"content_typography_font_family":"Josefin Sans","content_typography_font_weight":"300","content_typography_font_style":"normal","content_typography_line_height":{"unit":"em","size":1.6},"image_size":{"unit":"px","size":108},"image_border":"yes","image_border_color":"rgba(155,31,26,0.12)","image_border_width":{"unit":"px","size":5},"image_border_radius":{"unit":"px","size":100},"pagination_color":"#9b1f1a","_margin":{"unit":"px","top":"80","right":"0","bottom":"0","left":"0","isLinked":false},"slide_border_size":{"unit":"px","top":"0","right":"0","bottom":"0","left":"0","isLinked":true},"content_typography_letter_spacing":{"unit":"px","size":0.1},"name_color":"#000000","name_typography_typography":"custom","name_typography_font_size":{"unit":"px","size":18},"name_typography_font_family":"Lora","name_typography_font_weight":"600","name_typography_font_style":"normal","name_typography_line_height":{"unit":"em","size":1.3},"title_color":"#9b1f1a","title_typography_typography":"custom","title_typography_font_size":{"unit":"px","size":13},"title_typography_font_family":"Josefin Sans","title_typography_font_weight":"400","title_typography_text_transform":"uppercase","title_typography_font_style":"normal","title_typography_letter_spacing":{"unit":"px","size":0.5},"arrows_size":{"unit":"px","size":22},"arrows_color":"#9b1f1a","slides_per_view":"1","title_typography_line_height":{"unit":"em","size":2.4},"image_gap":{"unit":"px","size":0},"slides_per_view_mobile":"1","width_mobile":{"unit":"px","size":360},"content_typography_font_size_mobile":{"unit":"px","size":15},"_margin_mobile":{"unit":"px","top":"0","right":"0","bottom":"0","left":"0","isLinked":true},"_padding_mobile":{"unit":"px","top":"0","right":"0","bottom":"0","left":"0","isLinked":true},"slides_per_view_tablet":"1","width_tablet":{"unit":"px","size":638}},"elements":[],"isInner":false,"widgetType":"testimonial-carousel","elType":"widget"}],"isInner":false,"elType":"column"}],"isInner":false,"elType":"section"},{"id":"743a","settings":{"height":"min-height","custom_height":{"unit":"px","size":""},"structure":"20","background_background":"classic","background_color":"#f7f3ed","background_image":{"id":"939","url":"http:\/\/localhost\/checkupdate\/wp-content\/uploads\/2018\/03\/Brushoverlay03.png"},"background_position":"bottom center","background_repeat":"no-repeat","background_size":"auto","margin":{"unit":"px","top":"0","right":0,"bottom":"200","left":0,"isLinked":false},"background_overlay_background":"classic","background_overlay_opacity":{"unit":"px","size":0.04},"margin_mobile":{"unit":"px","top":"0","right":0,"bottom":"40","left":0,"isLinked":false},"padding_mobile":{"unit":"px","top":"0","right":"0","bottom":"0","left":"0","isLinked":true},"reverse_order_mobile":"reverse-mobile","padding_tablet":{"unit":"px","top":"0","right":"15","bottom":"0","left":"15","isLinked":false}},"elements":[{"id":"1ecf","settings":{"_column_size":50,"_inline_size":27,"content_position":"center","space_between_widgets":10,"_inline_size_tablet":40},"elements":[{"id":"6130","settings":{"icon":"fa fa-instagram","align":"left","primary_color":"#9b1f1a","size":{"unit":"px","size":30},"_margin":{"unit":"px","top":"100","right":"0","bottom":"0","left":"0","isLinked":false},"align_mobile":"center","_margin_mobile":{"unit":"px","top":"30","right":"0","bottom":"0","left":"0","isLinked":false}},"elements":[],"isInner":false,"widgetType":"icon","elType":"widget"},{"id":"31a9","settings":{"title":"Photos <br>taken by our customers","header_size":"h3","align":"left","title_color":"#191919","typography_typography":"custom","typography_font_size":{"unit":"px","size":38},"typography_font_family":"Lora","typography_font_weight":"100","typography_letter_spacing":{"unit":"px","size":0.1},"typography_line_height":{"unit":"px","size":55},"_margin":{"unit":"px","top":"0","right":"0","bottom":"0","left":"0","isLinked":false},"align_mobile":"center"},"elements":[],"isInner":false,"widgetType":"heading","elType":"widget"},{"id":"532e","settings":{"text":"More on instagram","align":"left","icon_align":"right","typography_typography":"custom","typography_font_family":"Josefin Sans","typography_font_size":{"unit":"px","size":15},"typography_font_weight":"300","typography_text_transform":"uppercase","typography_letter_spacing":{"unit":"px","size":1.8},"button_text_color":"#ffffff","background_color":"#191919","border_radius":{"unit":"px","top":"2","right":"2","bottom":"2","left":"2","isLinked":true},"text_padding":{"unit":"px","top":"17","right":"30","bottom":"16","left":"30","isLinked":false},"_margin":{"unit":"px","top":"40","right":"0","bottom":"0","left":"0","isLinked":false},"hover_color":"#ffffff","button_background_hover_color":"#770f0f","hover_animation":"shrink","align_mobile":"center"},"elements":[],"isInner":false,"widgetType":"button","elType":"widget"}],"isInner":false,"elType":"column"},{"id":"3f65","settings":{"_column_size":50,"_inline_size":73,"_inline_size_tablet":60},"elements":[{"id":"605c","settings":{"slides":[{"image":{"id":968,"url":"http:\/\/localhost\/checkupdate\/wp-content\/uploads\/2018\/03\/salminBG.png"},"_id":"85969d3","type":"image","image_link_to_type":"","image_link_to":{"url":"","is_external":"","nofollow":""},"video":{"url":"","is_external":"","nofollow":""}},{"image":{"id":"949","url":"http:\/\/localhost\/checkupdate\/wp-content\/uploads\/2018\/03\/BGmenu01.png"},"_id":"586ef86","type":"image","image_link_to_type":"","image_link_to":{"url":"","is_external":"","nofollow":""},"video":{"url":"","is_external":"","nofollow":""}},{"image":{"id":970,"url":"http:\/\/localhost\/checkupdate\/wp-content\/uploads\/2018\/03\/Dish3half.png"},"_id":"460bd6f","type":"image","image_link_to_type":"","image_link_to":{"url":"","is_external":"","nofollow":""},"video":{"url":"","is_external":"","nofollow":""}},{"image":{"id":975,"url":"http:\/\/localhost\/checkupdate\/wp-content\/uploads\/2018\/03\/dish04.png"},"_id":"2e5ae88","type":"image","image_link_to_type":"","image_link_to":{"url":"","is_external":"","nofollow":""},"video":{"url":"","is_external":"","nofollow":""}}],"slides_per_view":"3","height":{"unit":"px","size":520},"width":{"unit":"%","size":100},"space_between":{"unit":"px","size":16},"slide_border_radius":{"unit":"px","size":2},"pagination_color":"#9b1f1a","_margin":{"unit":"px","top":"150","right":"0","bottom":"-40","left":"0","isLinked":false},"show_arrows":"","pagination_size":{"unit":"px","size":7},"_margin_mobile":{"unit":"px","top":"60","right":"0","bottom":"0","left":"0","isLinked":false},"slides_per_view_tablet":"2","space_between_tablet":{"unit":"px","size":16}},"elements":[],"isInner":false,"widgetType":"media-carousel","elType":"widget"}],"isInner":false,"elType":"column"}],"isInner":false,"elType":"section"}]}