{"version":"0.4","title":"Landing Page \u2013 Ebook 2","type":"page","content":[{"id":"25ca","settings":{"gap":"no","height":"min-height","custom_height":{"unit":"vh","size":100},"column_position":"stretch","content_position":"bottom","background_background":"classic","background_image":{"id":517,"url":"http:\/\/localhost\/checkupdate\/wp-content\/uploads\/2018\/03\/5-1-3.png"},"background_size":"cover","background_overlay_background":"classic","background_overlay_image":{"id":518,"url":"http:\/\/localhost\/checkupdate\/wp-content\/uploads\/2018\/03\/xx-1.png"},"background_overlay_position":"top right","background_overlay_repeat":"no-repeat","background_overlay_size":"contain","background_overlay_opacity":{"unit":"px","size":1},"margin_tablet":{"unit":"px","top":"0","right":0,"bottom":"0","left":0,"isLinked":true},"padding_tablet":{"unit":"px","top":"0","right":"0","bottom":"0","left":"0","isLinked":true},"background_overlay_attachment":"fixed"},"elements":[{"id":"7d35","settings":{"_column_size":100,"_inline_size":null,"content_position":"center","margin":{"unit":"%","top":"0","right":"50","bottom":"0","left":"0","isLinked":false},"margin_tablet":{"unit":"px","top":"0","right":"0","bottom":"0","left":"0","isLinked":false},"margin_mobile":{"unit":"px","top":"0","right":"0","bottom":"0","left":"0","isLinked":true},"padding_tablet":{"unit":"px","top":"550","right":"130","bottom":"30","left":"50","isLinked":false},"padding_mobile":{"unit":"px","top":"300","right":"20","bottom":"20","left":"20","isLinked":false}},"elements":[{"id":"3279","settings":{"image":{"id":516,"url":"http:\/\/localhost\/checkupdate\/wp-content\/uploads\/2018\/03\/Group-17-1.png"},"align":"left","space":{"unit":"%","size":"10"},"_padding":{"unit":"px","top":"0","right":"0","bottom":"30","left":"0","isLinked":false},"align_tablet":"left","_margin_tablet":{"unit":"px","top":"0","right":"170","bottom":"0","left":"0","isLinked":false},"_margin_mobile":{"unit":"px","top":"0","right":"0","bottom":"0","left":"0","isLinked":true},"_padding_tablet":{"unit":"px","top":"0","right":"0","bottom":"0","left":"0","isLinked":true}},"elements":[],"isInner":false,"widgetType":"image","elType":"widget"},{"id":"bbe","settings":{"title":"What Every Architect Needs to Know to Succeed","title_color":"#ffffff","typography_typography":"custom","typography_font_size":{"unit":"px","size":"63"},"header_size":"h1","align_mobile":"center","typography_font_size_tablet":{"unit":"px","size":"50"},"typography_font_size_mobile":{"unit":"px","size":"30"},"typography_line_height_tablet":{"unit":"em","size":1},"typography_line_height_mobile":{"unit":"em","size":"1.2"},"_padding_mobile":{"unit":"px","top":"0","right":"10","bottom":"0","left":"10","isLinked":false}},"elements":[],"isInner":false,"widgetType":"heading","elType":"widget"},{"id":"141f","settings":{"editor":"<p class=\"p1\">Most architectural books contain conflicting\u00a0details. This curated ebook gathers everything architects need to know to know on any given day.<\/p>","text_color":"#e0e6ec","typography_typography":"custom","typography_font_size":{"unit":"px","size":"21"},"typography_font_weight":"300","typography_line_height":{"unit":"em","size":"1.6"},"_padding":{"unit":"px","top":"20","right":"0","bottom":"40","left":"0","isLinked":false},"align_mobile":"center","typography_font_size_tablet":{"unit":"px","size":"18"},"typography_font_size_mobile":{"unit":"px","size":"14"},"_padding_tablet":{"unit":"px","top":"0","right":"0","bottom":"0","left":"0","isLinked":false}},"elements":[],"isInner":false,"widgetType":"text-editor","elType":"widget"},{"id":"336c","settings":{"text":"Grab your copy","typography_typography":"custom","typography_font_size":{"unit":"px","size":"18"},"typography_text_transform":"uppercase","typography_letter_spacing":{"unit":"px","size":"1.5"},"background_color":"#a1c5e9","hover_color":"#ffffff","button_background_hover_color":"rgba(0,0,0,0)","border_border":"solid","border_width":{"unit":"px","top":"3","right":"3","bottom":"3","left":"3","isLinked":true},"border_color":"#a1c5e9","border_radius":{"unit":"px","top":"0","right":"0","bottom":"0","left":"0","isLinked":true},"text_padding":{"unit":"px","top":"20","right":"40","bottom":"20","left":"40","isLinked":false},"button_hover_border_color":"#ffffff","align_mobile":"justify","typography_font_size_tablet":{"unit":"px","size":"16"},"typography_font_size_mobile":{"unit":"px","size":"15"},"_padding_tablet":{"unit":"px","top":"30","right":"0","bottom":"30","left":"0","isLinked":false},"_padding_mobile":{"unit":"px","top":"10","right":"0","bottom":"30","left":"0","isLinked":false}},"elements":[],"isInner":false,"widgetType":"button","elType":"widget"}],"isInner":false,"elType":"column"}],"isInner":false,"elType":"section"},{"id":"1ded","settings":{"content_position":"middle","structure":"20","padding":{"unit":"px","top":"130","right":"0","bottom":"130","left":"0","isLinked":false},"gap":"no","padding_tablet":{"unit":"px","top":"70","right":"50","bottom":"70","left":"50","isLinked":false},"padding_mobile":{"unit":"px","top":"50","right":"25","bottom":"50","left":"25","isLinked":false},"reverse_order_mobile":"reverse-mobile"},"elements":[{"id":"5496","settings":{"_column_size":50,"_inline_size":null,"margin":{"unit":"%","top":"0","right":"10","bottom":"0","left":"0","isLinked":false},"padding":{"unit":"%","top":"","right":"","bottom":"","left":"","isLinked":true},"margin_tablet":{"unit":"px","top":"0","right":"0","bottom":"0","left":"0","isLinked":false}},"elements":[{"id":"533b","settings":{"title":"The streets of New York, as seen by an architect's eyes","title_color":"#3b4656","typography_typography":"custom","typography_font_size":{"unit":"px","size":"30"},"typography_font_weight":"600","typography_line_height":{"unit":"em","size":1.3},"_padding":{"unit":"px","top":"0","right":"0","bottom":"0","left":"0","isLinked":false},"header_size":"h3","align_mobile":"center","typography_font_size_tablet":{"unit":"px","size":"24"},"typography_font_size_mobile":{"unit":"px","size":"23"}},"elements":[],"isInner":false,"widgetType":"heading","elType":"widget"},{"id":"1a58","settings":{"editor":"<p class=\"p1\">John Moore has been the design architect for a wide range of project types and has managed to capture New York in a new and riveting way.<\/p>","text_color":"#3b4656","typography_typography":"custom","typography_font_size":{"unit":"px","size":"17"},"typography_font_weight":"300","typography_line_height":{"unit":"em","size":"1.6"},"_padding":{"unit":"px","top":"10","right":"0","bottom":"10","left":"0","isLinked":false},"align_mobile":"center","typography_font_size_tablet":{"unit":"px","size":"13"},"typography_font_size_mobile":{"unit":"px","size":"14"},"_padding_tablet":{"unit":"px","top":"0","right":"0","bottom":"0","left":"0","isLinked":false},"typography_line_height_tablet":{"unit":"em","size":"1.8"}},"elements":[],"isInner":false,"widgetType":"text-editor","elType":"widget"},{"id":"37b1","settings":{"icon_list":[{"text":"The book also includes a video tour of the city","icon":"fa fa-check-circle","_id":"6fbbjvd","link":{"url":"","is_external":"","nofollow":""}}],"icon_color":"#a1c5e9","icon_size":{"unit":"px","size":"20"},"text_indent":{"unit":"px","size":10},"text_color":"#3b4656","icon_typography_typography":"custom","icon_typography_font_size":{"unit":"px","size":"17"},"icon_typography_font_weight":"300","icon_typography_font_size_tablet":{"unit":"px","size":"13"},"icon_typography_font_size_mobile":{"unit":"px","size":"11"}},"elements":[],"isInner":false,"widgetType":"icon-list","elType":"widget"}],"isInner":false,"elType":"column"},{"id":"404","settings":{"_column_size":50,"_inline_size":null,"margin":{"unit":"%","top":"0","right":"0","bottom":"0","left":"10","isLinked":false},"margin_mobile":{"unit":"px","top":"0","right":"0","bottom":"0","left":"0","isLinked":false},"padding_mobile":{"unit":"px","top":"0","right":"0","bottom":"50","left":"0","isLinked":false}},"elements":[{"id":"6817","settings":{"link":"https:\/\/www.youtube.com\/watch?v=ytWx0VI-D3I","vimeo_link":"https:\/\/vimeo.com\/170933924","yt_controls":"","yt_showinfo":"","show_image_overlay":"yes","image_overlay":{"url":"","id":""}},"elements":[],"isInner":false,"widgetType":"video","elType":"widget"}],"isInner":false,"elType":"column"}],"isInner":false,"elType":"section"},{"id":"f46","settings":{"background_background":"classic","background_color":"#3b4656","shape_divider_top":"split","shape_divider_top_width":{"unit":"%","size":"200"},"shape_divider_bottom":"split","shape_divider_bottom_color":"#e0e6ec","shape_divider_bottom_width":{"unit":"%","size":"200"},"padding":{"unit":"px","top":"100","right":"0","bottom":"160","left":"0","isLinked":false},"gap":"no","shape_divider_top_width_mobile":{"unit":"%","size":300},"shape_divider_bottom_width_mobile":{"unit":"%","size":300},"padding_tablet":{"unit":"px","top":"70","right":"50","bottom":"120","left":"50","isLinked":false},"padding_mobile":{"unit":"px","top":"70","right":"20","bottom":"70","left":"20","isLinked":false}},"elements":[{"id":"6f21","settings":{"_column_size":100,"_inline_size":null},"elements":[{"id":"2422","settings":{"title":"10,000+ architects can't be wrong","title_color":"#ffffff","typography_typography":"custom","typography_font_size":{"unit":"px","size":"40"},"align":"center","typography_font_weight":"600","typography_line_height":{"unit":"em","size":1.3},"_padding":{"unit":"px","top":"0","right":"0","bottom":"60","left":"0","isLinked":false},"header_size":"h4","typography_font_size_tablet":{"unit":"px","size":"35"},"typography_font_size_mobile":{"unit":"px","size":"35"},"_padding_tablet":{"unit":"px","top":"0","right":"0","bottom":"50","left":"0","isLinked":false},"_padding_mobile":{"unit":"px","top":"0","right":"0","bottom":"20","left":"0","isLinked":false}},"elements":[],"isInner":false,"widgetType":"heading","elType":"widget"},{"id":"4988","settings":{"content_width":{"unit":"px","size":"1000"},"gap":"no","structure":"30"},"elements":[{"id":"2be9","settings":{"_column_size":33,"_inline_size":null,"background_background":"classic","background_color":"#e0e6ec","margin":{"unit":"%","top":"0","right":"6","bottom":"0","left":"0","isLinked":false},"padding":{"unit":"px","top":"40","right":"40","bottom":"40","left":"40","isLinked":true},"margin_tablet":{"unit":"%","top":"0","right":"4","bottom":"0","left":"0","isLinked":false},"margin_mobile":{"unit":"px","top":"0","right":"0","bottom":"40","left":"0","isLinked":false},"padding_tablet":{"unit":"px","top":"30","right":"15","bottom":"30","left":"15","isLinked":false},"padding_mobile":{"unit":"px","top":"30","right":"30","bottom":"40","left":"30","isLinked":false}},"elements":[{"id":"6eb3","settings":{"image":{"id":519,"url":"http:\/\/localhost\/checkupdate\/wp-content\/uploads\/2018\/03\/https-stocksnap.iophoto6CF35C4141.png"},"space":{"unit":"%","size":"40"},"_padding":{"unit":"px","top":"0","right":"0","bottom":"30","left":"0","isLinked":false},"_margin_mobile":{"unit":"px","top":"15","right":"15","bottom":"30","left":"15","isLinked":false},"_padding_tablet":{"unit":"px","top":"0","right":"0","bottom":"0","left":"0","isLinked":false}},"elements":[],"isInner":false,"widgetType":"image","elType":"widget"},{"id":"5c70","settings":{"icon":"fa fa-quote-left","title_text":"I just loved the clarity and feel of the book. It resonated with my past as an interior designer working in the city alone","description_text":"Clara Francis","primary_color":"#3b4656","icon_size":{"unit":"px","size":"35"},"title_bottom_space":{"unit":"px","size":"30"},"title_color":"#3b4656","title_typography_typography":"custom","title_typography_font_size":{"unit":"px","size":"15"},"title_typography_font_family":"Poppins","title_typography_font_weight":"300","title_typography_line_height":{"unit":"em","size":"1.6"},"description_color":"#a1c5e9","description_typography_typography":"custom","description_typography_font_size":{"unit":"px","size":"23"},"description_typography_font_family":"Playfair Display","description_typography_font_weight":"bold","description_typography_text_transform":"capitalize","title_bottom_space_tablet":{"unit":"px","size":"18"},"title_typography_font_size_tablet":{"unit":"px","size":"14"},"description_typography_font_size_tablet":{"unit":"px","size":"20"}},"elements":[],"isInner":false,"widgetType":"icon-box","elType":"widget"}],"isInner":true,"elType":"column"},{"id":"4f9c","settings":{"_column_size":33,"_inline_size":null,"background_background":"classic","background_color":"#e0e6ec","margin":{"unit":"%","top":"0","right":"3","bottom":"0","left":"3","isLinked":false},"padding":{"unit":"px","top":"40","right":"40","bottom":"40","left":"40","isLinked":true},"margin_tablet":{"unit":"%","top":"0","right":"2","bottom":"0","left":"2","isLinked":false},"margin_mobile":{"unit":"px","top":"0","right":"0","bottom":"40","left":"0","isLinked":false},"padding_tablet":{"unit":"px","top":"30","right":"15","bottom":"30","left":"15","isLinked":false},"padding_mobile":{"unit":"px","top":"30","right":"30","bottom":"40","left":"30","isLinked":false}},"elements":[{"id":"606e","settings":{"image":{"id":"378","url":"http:\/\/localhost\/checkupdate\/wp-content\/uploads\/2018\/03\/https-www.pexels.comphotoman-wearing-blue-denim-buttons-up-long-sleeve-and-blace-frame-eyelgasses-26939-1.png"},"space":{"unit":"%","size":"40"},"_padding":{"unit":"px","top":"0","right":"0","bottom":"30","left":"0","isLinked":false},"_margin_mobile":{"unit":"px","top":"15","right":"15","bottom":"30","left":"15","isLinked":false},"_padding_tablet":{"unit":"px","top":"0","right":"0","bottom":"0","left":"0","isLinked":true}},"elements":[],"isInner":false,"widgetType":"image","elType":"widget"},{"id":"430f","settings":{"icon":"fa fa-quote-left","title_text":"The genius way in which John sees everything differently. It's like he has the insight into the mind of the city dweller","description_text":"Edgar Korn","primary_color":"#3b4656","icon_size":{"unit":"px","size":"35"},"title_bottom_space":{"unit":"px","size":"30"},"title_color":"#3b4656","title_typography_typography":"custom","title_typography_font_size":{"unit":"px","size":"15"},"title_typography_font_family":"Poppins","title_typography_font_weight":"300","title_typography_line_height":{"unit":"em","size":"1.6"},"description_color":"#a1c5e9","description_typography_typography":"custom","description_typography_font_size":{"unit":"px","size":"23"},"description_typography_font_family":"Playfair Display","description_typography_font_weight":"bold","description_typography_text_transform":"capitalize","title_bottom_space_tablet":{"unit":"px","size":"18"},"title_typography_font_size_tablet":{"unit":"px","size":"14"},"description_typography_font_size_tablet":{"unit":"px","size":"20"}},"elements":[],"isInner":false,"widgetType":"icon-box","elType":"widget"}],"isInner":true,"elType":"column"},{"id":"12b","settings":{"_column_size":33,"_inline_size":null,"background_background":"classic","background_color":"#e0e6ec","margin":{"unit":"%","top":"0","right":"0","bottom":"0","left":"6","isLinked":false},"padding":{"unit":"px","top":"40","right":"40","bottom":"40","left":"40","isLinked":true},"margin_tablet":{"unit":"%","top":"0","right":"0","bottom":"0","left":"4","isLinked":false},"margin_mobile":{"unit":"px","top":"0","right":"0","bottom":"0","left":"0","isLinked":true},"padding_tablet":{"unit":"px","top":"30","right":"15","bottom":"30","left":"15","isLinked":false},"padding_mobile":{"unit":"px","top":"30","right":"30","bottom":"40","left":"30","isLinked":false}},"elements":[{"id":"1da5","settings":{"image":{"id":522,"url":"http:\/\/localhost\/checkupdate\/wp-content\/uploads\/2018\/03\/https-hd.unsplash.comphoto-1463104264350-ec39e9ccd74b-2.png"},"space":{"unit":"%","size":"40"},"_padding":{"unit":"px","top":"0","right":"0","bottom":"30","left":"0","isLinked":false},"_margin_mobile":{"unit":"px","top":"15","right":"15","bottom":"30","left":"15","isLinked":false},"_padding_tablet":{"unit":"px","top":"0","right":"0","bottom":"0","left":"0","isLinked":true}},"elements":[],"isInner":false,"widgetType":"image","elType":"widget"},{"id":"157a","settings":{"icon":"fa fa-quote-left","title_text":"As a designer, I am constantly on the lookout for something new. In this book I have found a new way to view NYC","description_text":"Henry Cough","primary_color":"#3b4656","icon_size":{"unit":"px","size":"35"},"title_bottom_space":{"unit":"px","size":"30"},"title_color":"#3b4656","title_typography_typography":"custom","title_typography_font_size":{"unit":"px","size":"17"},"title_typography_font_family":"Poppins","title_typography_font_weight":"300","title_typography_line_height":{"unit":"em","size":"1.6"},"description_color":"#a1c5e9","description_typography_typography":"custom","description_typography_font_size":{"unit":"px","size":"23"},"description_typography_font_family":"Playfair Display","description_typography_font_weight":"bold","description_typography_text_transform":"capitalize","title_bottom_space_tablet":{"unit":"px","size":"18"},"title_typography_font_size_tablet":{"unit":"px","size":"14"},"description_typography_font_size_tablet":{"unit":"px","size":"20"}},"elements":[],"isInner":false,"widgetType":"icon-box","elType":"widget"}],"isInner":true,"elType":"column"}],"isInner":true,"elType":"section"}],"isInner":false,"elType":"column"}],"isInner":false,"elType":"section"},{"id":"59d2","settings":{"background_background":"classic","background_color":"#e0e6ec","padding":{"unit":"px","top":"100","right":"0","bottom":"160","left":"0","isLinked":false},"shape_divider_bottom":"split","shape_divider_bottom_color":"#ffffff","shape_divider_bottom_width":{"unit":"%","size":"200"},"shape_divider_bottom_negative":"yes","shape_divider_bottom_width_mobile":{"unit":"%","size":300},"padding_tablet":{"unit":"px","top":"100","right":"150","bottom":"120","left":"150","isLinked":false},"padding_mobile":{"unit":"px","top":"70","right":"30","bottom":"080","left":"30","isLinked":false}},"elements":[{"id":"5c5d","settings":{"_column_size":100,"_inline_size":null,"padding":{"unit":"%","top":"0","right":"21","bottom":"0","left":"21","isLinked":false},"margin_mobile":{"unit":"px","top":"0","right":"0","bottom":"0","left":"0","isLinked":true},"padding_tablet":{"unit":"px","top":"0","right":"0","bottom":"0","left":"0","isLinked":true},"padding_mobile":{"unit":"px","top":"0","right":"0","bottom":"0","left":"0","isLinked":true}},"elements":[{"id":"507","settings":{"title":"Journal reviews ","title_color":"#3b4656","typography_typography":"custom","typography_font_size":{"unit":"px","size":"40"},"align":"center","typography_font_weight":"600","typography_line_height":{"unit":"em","size":1.3},"_padding":{"unit":"px","top":"0","right":"0","bottom":"60","left":"0","isLinked":false},"header_size":"h3","typography_font_size_tablet":{"unit":"px","size":"35"},"typography_font_size_mobile":{"unit":"px","size":"35"}},"elements":[],"isInner":false,"widgetType":"heading","elType":"widget"},{"id":"7634","settings":{"image":{"id":523,"url":"http:\/\/localhost\/checkupdate\/wp-content\/uploads\/2018\/03\/quest.png"},"title_text":"\"","description_text":"Simply brilliant and clear. What the author has to say about architecture is both historical and brand new ","title_color":"#3b4656","title_typography_typography":"custom","title_typography_font_size":{"unit":"px","size":"120"},"title_typography_font_family":"Ramaraja","description_color":"#3b4656","description_typography_typography":"custom","description_typography_font_size":{"unit":"px","size":"19"},"description_typography_line_height":{"unit":"em","size":"1.7"},"image_space":{"unit":"px","size":100},"title_bottom_space":{"unit":"px","size":0},"title_typography_line_height":{"unit":"em","size":"0.5"},"title_bottom_space_tablet":{"unit":"px","size":0},"title_typography_font_size_tablet":{"unit":"px","size":"80"},"description_typography_font_size_tablet":{"unit":"px","size":"17"}},"elements":[],"isInner":false,"widgetType":"image-box","elType":"widget"}],"isInner":false,"elType":"column"}],"isInner":false,"elType":"section"},{"id":"6291","settings":{"background_background":"classic","background_color":"#ffffff","padding":{"unit":"px","top":"100","right":"0","bottom":"100","left":"0","isLinked":false},"gap":"no","padding_tablet":{"unit":"px","top":"80","right":"30","bottom":"120","left":"30","isLinked":false},"padding_mobile":{"unit":"px","top":"70","right":"20","bottom":"70","left":"20","isLinked":false}},"elements":[{"id":"24b8","settings":{"_column_size":100,"_inline_size":null},"elements":[{"id":"6aa3","settings":{"title":"Choose your favorite format","title_color":"#3b4656","typography_typography":"custom","typography_font_size":{"unit":"px","size":"40"},"align":"center","typography_font_weight":"600","typography_line_height":{"unit":"em","size":1.3},"typography_font_size_tablet":{"unit":"px","size":"35"},"typography_font_size_mobile":{"unit":"px","size":"35"}},"elements":[],"isInner":false,"widgetType":"heading","elType":"widget"},{"id":"41a0","settings":{"editor":"<p>It's only a book, but it comes in many shapes and formats of your choice<\/p>","text_color":"#3b4656","typography_typography":"custom","typography_font_size":{"unit":"px","size":"19"},"typography_font_weight":"300","typography_line_height":{"unit":"em","size":"1.6"},"_padding":{"unit":"%","top":"0","right":"17","bottom":"0","left":"17","isLinked":false},"align":"center","typography_font_size_tablet":{"unit":"px","size":"17"},"typography_font_size_mobile":{"unit":"px","size":"16"},"_padding_tablet":{"unit":"px","top":"0","right":"0","bottom":"0","left":"0","isLinked":true}},"elements":[],"isInner":false,"widgetType":"text-editor","elType":"widget"},{"id":"b1b","settings":{"content_width":{"unit":"px","size":"978"},"gap":"no","content_position":"middle","structure":"30","padding":{"unit":"px","top":"60","right":"0","bottom":"0","left":"0","isLinked":false},"padding_tablet":{"unit":"px","top":"40","right":"0","bottom":"0","left":"0","isLinked":false},"padding_mobile":{"unit":"px","top":"10","right":"10","bottom":"10","left":"10","isLinked":true}},"elements":[{"id":"411e","settings":{"_column_size":33,"_inline_size":null},"elements":[{"id":"6159","settings":{"heading":"Review chapter 1","sub_heading":"","price":"Free!","period":"","features_list":[{"item_text":"Donec id metus ac ex pretium mattis quis vel leo. Nullam lacinia mollis ex, vitae consequat.","item_icon":"","_id":"zp96p1y","item_icon_color":""}],"button_text":"Preview chapter","footer_additional_info":"","show_ribbon":"","ribbon_title":"","header_bg_color":"rgba(224,230,236,0)","header_padding":{"unit":"px","top":"50","right":"0","bottom":"0","left":"0","isLinked":false},"heading_color":"#3b4656","heading_typography_typography":"custom","heading_typography_font_size":{"unit":"px","size":"20"},"heading_typography_font_family":"Poppins","heading_typography_font_weight":"600","pricing_element_padding":{"unit":"px","top":"30","right":"0","bottom":"40","left":"0","isLinked":false},"price_color":"#a1c5e9","price_typography_typography":"custom","price_typography_font_size":{"unit":"px","size":"55"},"price_typography_font_family":"Playfair Display","price_typography_font_weight":"700","currency_size":{"unit":"px","size":"70"},"currency_vertical_position":"bottom","fractional-part_size":{"unit":"px","size":"40"},"fractional_part_vertical_position":"middle","features_list_padding":{"unit":"%","top":"0","right":"5","bottom":"0","left":"5","isLinked":false},"features_list_color":"#3b4656","features_list_typography_typography":"custom","features_list_typography_font_size":{"unit":"px","size":"14"},"features_list_typography_font_family":"Poppins","features_list_typography_font_weight":"300","features_list_typography_line_height":{"unit":"em","size":"1.6"},"list_divider":"","footer_padding":{"unit":"px","top":"40","right":"0","bottom":"60","left":"0","isLinked":false},"button_typography_typography":"custom","button_typography_font_size":{"unit":"px","size":"15"},"button_typography_font_weight":"700","button_typography_text_transform":"uppercase","button_typography_letter_spacing":{"unit":"px","size":"1.5"},"button_background_color":"#3b4656","button_border_radius":{"unit":"px","top":"0","right":"0","bottom":"0","left":"0","isLinked":true},"button_text_padding":{"unit":"px","top":"20","right":"40","bottom":"20","left":"40","isLinked":false},"button_background_hover_color":"#a1c5e9","_background_background":"classic","_background_color":"#ffffff","_box_shadow_box_shadow_type":"yes","_box_shadow_box_shadow":{"horizontal":0,"vertical":0,"blur":"40","spread":0,"inset":"","color":"rgba(0,0,0,0.11)"},"header_padding_tablet":{"unit":"px","top":"40","right":"0","bottom":"0","left":"0","isLinked":false},"heading_typography_font_size_tablet":{"unit":"px","size":"18"},"footer_padding_tablet":{"unit":"px","top":"40","right":"10","bottom":"40","left":"10","isLinked":false},"button_typography_font_size_tablet":{"unit":"px","size":"9"},"button_typography_font_size_mobile":{"unit":"px","size":"16"}},"elements":[],"isInner":false,"widgetType":"price-table","elType":"widget"}],"isInner":true,"elType":"column"},{"id":"57cc","settings":{"_column_size":33,"_inline_size":null,"padding_mobile":{"unit":"px","top":"40","right":"0","bottom":"40","left":"0","isLinked":false},"z_index":1},"elements":[{"id":"dff","settings":{"heading":"Hardcover","sub_heading":"","price":"11.90","period":"","features_list":[{"item_text":"Lorem ipsum dolor sit amet, consectetur adipiscing elit. Etiam aliquet ex elit, at consequat lacus condimeut.","item_icon":"","_id":"zp96p1y","item_icon_color":""}],"button_text":"Get the book!","footer_additional_info":"","show_ribbon":"","ribbon_title":"","header_bg_color":"rgba(224,230,236,0)","header_padding":{"unit":"px","top":"50","right":"0","bottom":"0","left":"0","isLinked":false},"heading_color":"#3b4656","heading_typography_typography":"custom","heading_typography_font_family":"Poppins","heading_typography_font_weight":"600","pricing_element_padding":{"unit":"px","top":"20","right":"0","bottom":"40","left":"0","isLinked":false},"price_color":"#ffffff","price_typography_typography":"custom","price_typography_font_size":{"unit":"px","size":"80"},"price_typography_font_family":"Playfair Display","price_typography_font_weight":"700","currency_size":{"unit":"px","size":"70"},"currency_vertical_position":"bottom","fractional-part_size":{"unit":"px","size":"40"},"fractional_part_vertical_position":"middle","features_list_padding":{"unit":"%","top":"0","right":"5","bottom":"0","left":"5","isLinked":false},"features_list_color":"#3b4656","features_list_typography_typography":"custom","features_list_typography_font_size":{"unit":"px","size":"16"},"features_list_typography_font_family":"Poppins","features_list_typography_font_weight":"300","features_list_typography_line_height":{"unit":"em","size":"1.6"},"list_divider":"","footer_padding":{"unit":"px","top":"40","right":"0","bottom":"60","left":"0","isLinked":false},"button_typography_typography":"custom","button_typography_font_weight":"700","button_typography_text_transform":"uppercase","button_typography_letter_spacing":{"unit":"px","size":"1.5"},"button_background_color":"#3b4656","button_border_radius":{"unit":"px","top":"0","right":"0","bottom":"0","left":"0","isLinked":true},"button_text_padding":{"unit":"px","top":"20","right":"40","bottom":"20","left":"40","isLinked":false},"button_hover_color":"#3b4656","button_background_hover_color":"#ffffff","_background_background":"classic","_background_color":"#a1c5e9","_box_shadow_box_shadow_type":"yes","_box_shadow_box_shadow":{"horizontal":0,"vertical":0,"blur":"40","spread":0,"inset":"","color":"rgba(0,0,0,0.19)"},"features_list_padding_tablet":{"unit":"px","top":"0","right":"6","bottom":"0","left":"6","isLinked":false},"features_list_typography_font_size_tablet":{"unit":"px","size":"14.5"},"button_typography_font_size_tablet":{"unit":"px","size":"12"},"button_typography_font_size_mobile":{"unit":"px","size":"16"}},"elements":[],"isInner":false,"widgetType":"price-table","elType":"widget"}],"isInner":true,"elType":"column"},{"id":"512a","settings":{"_column_size":33,"_inline_size":null},"elements":[{"id":"3a15","settings":{"heading":"PDF Download","sub_heading":"","price":"4.90","period":"","features_list":[{"item_text":"Pellentesque habitant morbi tristique senectus et netus et malesuada fames ac turpis egestas. ","item_icon":"","_id":"zp96p1y","item_icon_color":""}],"button_text":"Get the book!","footer_additional_info":"","show_ribbon":"","ribbon_title":"","header_bg_color":"rgba(224,230,236,0)","header_padding":{"unit":"px","top":"50","right":"0","bottom":"0","left":"0","isLinked":false},"heading_color":"#3b4656","heading_typography_typography":"custom","heading_typography_font_size":{"unit":"px","size":"20"},"heading_typography_font_family":"Poppins","heading_typography_font_weight":"600","pricing_element_padding":{"unit":"px","top":"30","right":"0","bottom":"40","left":"0","isLinked":false},"price_color":"#a1c5e9","price_typography_typography":"custom","price_typography_font_size":{"unit":"px","size":"55"},"price_typography_font_family":"Playfair Display","price_typography_font_weight":"700","currency_size":{"unit":"px","size":"70"},"currency_vertical_position":"bottom","fractional-part_size":{"unit":"px","size":"40"},"fractional_part_vertical_position":"middle","features_list_padding":{"unit":"%","top":"0","right":"5","bottom":"0","left":"5","isLinked":false},"features_list_color":"#3b4656","features_list_typography_typography":"custom","features_list_typography_font_size":{"unit":"px","size":"14"},"features_list_typography_font_family":"Poppins","features_list_typography_font_weight":"300","features_list_typography_line_height":{"unit":"em","size":"1.6"},"list_divider":"","footer_padding":{"unit":"px","top":"40","right":"0","bottom":"60","left":"0","isLinked":false},"button_typography_typography":"custom","button_typography_font_size":{"unit":"px","size":"15"},"button_typography_font_weight":"700","button_typography_text_transform":"uppercase","button_typography_letter_spacing":{"unit":"px","size":"1.5"},"button_background_color":"#3b4656","button_border_radius":{"unit":"px","top":"0","right":"0","bottom":"0","left":"0","isLinked":true},"button_text_padding":{"unit":"px","top":"20","right":"40","bottom":"20","left":"40","isLinked":false},"button_background_hover_color":"#a1c5e9","_background_background":"classic","_background_color":"#ffffff","_box_shadow_box_shadow_type":"yes","_box_shadow_box_shadow":{"horizontal":0,"vertical":0,"blur":"40","spread":0,"inset":"","color":"rgba(0,0,0,0.11)"},"header_padding_tablet":{"unit":"px","top":"40","right":"0","bottom":"0","left":"0","isLinked":false},"heading_typography_font_size_tablet":{"unit":"px","size":"18"},"footer_padding_tablet":{"unit":"px","top":"40","right":"10","bottom":"40","left":"10","isLinked":false},"button_typography_font_size_tablet":{"unit":"px","size":"9"},"button_typography_font_size_mobile":{"unit":"px","size":"16"}},"elements":[],"isInner":false,"widgetType":"price-table","elType":"widget"}],"isInner":true,"elType":"column"}],"isInner":true,"elType":"section"}],"isInner":false,"elType":"column"}],"isInner":false,"elType":"section"}],"page_settings":{"hide_title":"yes"}}