{"version":"0.4","title":"Landing Page \u2013 Agency","type":"page","content":[{"id":"5a27","settings":{"background_background":"classic","background_gradient_angle":{"unit":"deg","size":330},"background_image":{"id":719,"url":"http:\/\/localhost\/checkupdate\/wp-content\/uploads\/2018\/03\/pexels-261146.jpeg"},"background_position":"bottom center","background_size":"cover","background_overlay_background":"gradient","background_overlay_color":"#2b5876","background_overlay_color_b":"#754074","background_overlay_gradient_angle":{"unit":"deg","size":120},"background_overlay_opacity":{"unit":"px","size":0.82},"shape_divider_bottom":"waves-pattern","shape_divider_bottom_width":{"unit":"%","size":"200"},"padding":{"unit":"px","top":"110","right":"0","bottom":"0","left":"0","isLinked":false},"content_width":{"unit":"px","size":639},"shape_divider_bottom_height":{"unit":"px","size":"10"},"margin":{"unit":"px","top":"","right":0,"bottom":"","left":0,"isLinked":true},"padding_mobile":{"unit":"px","top":"50","right":"20","bottom":"20","left":"20","isLinked":false}},"elements":[{"id":"4e6","settings":{"_column_size":100,"_inline_size":null},"elements":[{"id":"1a3c","settings":{"title":"Luxury Homes With An Ocean View","align":"center","title_color":"#ffffff","typography_typography":"custom","typography_font_size":{"unit":"px","size":63},"typography_font_family":"Patua One","typography_font_weight":"normal","_padding":{"unit":"px","top":"0","right":"0","bottom":"20","left":"0","isLinked":false},"typography_font_size_mobile":{"unit":"px","size":46}},"elements":[],"isInner":false,"widgetType":"heading","elType":"widget"},{"id":"23c5","settings":{"label_days":"Days","label_hours":"Hours","label_minutes":"Minutes","label_seconds":"Seconds","container_width":{"unit":"%","size":"70"},"box_background_color":"rgba(255,255,255,0.67)","box_border_width":{"unit":"px","top":"2","right":"2","bottom":"2","left":"2","isLinked":true},"box_border_color":"#f24f9e","box_border_radius":{"unit":"px","top":"10","right":"10","bottom":"10","left":"10","isLinked":true},"box_spacing":{"unit":"px","size":"19"},"box_padding":{"unit":"px","top":"20","right":"0","bottom":"20","left":"0","isLinked":false},"digits_color":"#f24f9e","digits_typography_typography":"custom","digits_typography_font_size":{"unit":"px","size":"40"},"digits_typography_font_family":"Patua One","digits_typography_line_height":{"unit":"em","size":"1.1"},"label_color":"rgba(242,79,158,0.55)","label_typography_typography":"custom","label_typography_font_size":{"unit":"px","size":"12"},"label_typography_line_height":{"unit":"em","size":"1.4"},"due_date":"2017-12-12 09:31","digits_typography_font_size_mobile":{"unit":"px","size":31},"_padding":{"unit":"px","top":"15","right":"0","bottom":"15","left":"0","isLinked":false}},"elements":[],"isInner":false,"widgetType":"countdown","elType":"widget"},{"id":"3741","settings":{"background_background":"none","margin":{"unit":"px","top":"0","right":0,"bottom":"-200","left":0,"isLinked":false},"padding":{"unit":"px","top":"30","right":"30","bottom":"30","left":"30","isLinked":true},"padding_mobile":{"unit":"px","top":"30","right":"0","bottom":"0","left":"0","isLinked":false}},"elements":[{"id":"1e28","settings":{"_column_size":100,"_inline_size":null,"background_background":"classic","background_color":"#ffffff","border_radius":{"unit":"px","top":"5","right":"5","bottom":"5","left":"5","isLinked":true},"box_shadow_box_shadow_type":"yes","box_shadow_box_shadow":{"horizontal":0,"vertical":0,"blur":"30","spread":0,"inset":"","color":"rgba(0,0,0,0.2)"},"padding":{"unit":"px","top":"30","right":"30","bottom":"30","left":"30","isLinked":true}},"elements":[{"id":"711a","settings":{"title":"Request Appointment","header_size":"h3","align":"center","title_color":"#5d666b","typography_typography":"custom","typography_font_family":"Roboto","typography_font_weight":"300","_padding":{"unit":"px","top":"0","right":"0","bottom":"15","left":"0","isLinked":false}},"elements":[],"isInner":false,"widgetType":"heading","elType":"widget"},{"id":"444b","elType":"widget","settings":{"form_name":"New Form","form_fields":[{"field_type":"text","field_label":"Name","placeholder":"Name","width":"100","_id":"7osv0r5","required":"","field_options":"","inline_list":"","width_tablet":"","width_mobile":"","rows":4,"recaptcha_size":"normal","recaptcha_style":"light","css_classes":"","field_value":"","file_sizes":"","file_types":"","allow_multiple_upload":"","max_files":"","acceptance_text":"","checked_by_default":"","field_min":"","field_max":"","min_date":"","max_date":"","use_native_date":"","use_native_time":"","allow_multiple":"","select_size":"","field_html":""},{"field_type":"email","required":true,"field_label":"Email","placeholder":"Email","width":"100","_id":"h2vqoor","field_options":"","inline_list":"","width_tablet":"","width_mobile":"","rows":4,"recaptcha_size":"normal","recaptcha_style":"light","css_classes":"","field_value":"","file_sizes":"","file_types":"","allow_multiple_upload":"","max_files":"","acceptance_text":"","checked_by_default":"","field_min":"","field_max":"","min_date":"","max_date":"","use_native_date":"","use_native_time":"","allow_multiple":"","select_size":"","field_html":""},{"field_type":"textarea","field_label":"Message","placeholder":"Message","width":"100","_id":"5kq6fks","required":"","field_options":"","inline_list":"","width_tablet":"","width_mobile":"","rows":"5","recaptcha_size":"normal","recaptcha_style":"light","css_classes":"","field_value":"","file_sizes":"","file_types":"","allow_multiple_upload":"","max_files":"","acceptance_text":"","checked_by_default":"","field_min":"","field_max":"","min_date":"","max_date":"","use_native_date":"","use_native_time":"","allow_multiple":"","select_size":"","field_html":""}],"input_size":"md","show_labels":"","button_text":"Submit","button_size":"lg","success_message":"The message was sent successfully!","error_message":"There's something wrong... Please fill in the required fields.","required_field_message":"Required","invalid_message":"There's something wrong... The form is invalid.","row_gap":{"unit":"px","size":"20"},"field_typography_typography":"custom","field_typography_font_family":"Roboto","field_typography_font_weight":"normal","field_background_color":"rgba(145,156,167,0.22)","field_border_color":"#686f77","field_border_width":{"unit":"px","top":"0","right":"0","bottom":"0","left":"0","isLinked":true},"field_border_radius":{"unit":"px","top":"0","right":"0","bottom":"0","left":"0","isLinked":true},"button_typography_typography":"custom","button_typography_font_family":"Patua One","button_typography_text_transform":"uppercase","button_typography_letter_spacing":{"unit":"px","size":4.7},"button_background_color":"#f12184","button_border_radius":{"unit":"px","top":"0","right":"0","bottom":"0","left":"0","isLinked":true},"_background_background":"none","_box_shadow_box_shadow":{"horizontal":0,"vertical":0,"blur":40,"spread":0,"inset":"","color":""},"email_to":"no-reply@elementor.com","email_subject":"New message from \"Library\"","email_from":"email@library.elementor.com","email_from_name":"Library","email_content":"[all-fields]","email_to_2":"vuducanh18394@gmail.com","email_subject_2":"New message from \"check\"","email_content_2":"[all-fields]","email_from_2":"email@localhost","email_from_name_2":"check","email_reply_to_2":"vuducanh18394@gmail.com"},"elements":[],"widgetType":"form"}],"isInner":true,"elType":"column"}],"isInner":true,"elType":"section"}],"isInner":false,"elType":"column"}],"isInner":false,"elType":"section"},{"id":"4abe","settings":{"gap":"wider","custom_height":{"unit":"px","size":""},"structure":"30","padding":{"unit":"px","top":"240","right":"0","bottom":"20","left":"0","isLinked":false}},"elements":[{"id":"67d","settings":{"_column_size":33,"_inline_size":null},"elements":[{"id":"74d4","settings":{"view":"stacked","icon":"fa fa-tree","title_text":"Near a secluded forest","description_text":"Click edit button to change this text. Lorem ipsum dolor sit amet, consec elit. Ut elit tellus, luctus nec ullarper mattis, pulvinar dapibus leo.","primary_color":"#543ab2","secondary_color":"#ffffff","icon_space":{"unit":"px","size":30},"icon_size":{"unit":"px","size":"21"},"icon_padding":{"unit":"px","size":"25"},"border_width":{"unit":"px","top":"2","right":"2","bottom":"2","left":"2","isLinked":true},"border_radius":{"unit":"px","top":"10","right":"10","bottom":"10","left":"10","isLinked":true},"text_align":"center","title_color":"#1b1b6b","title_typography_typography":"custom","title_typography_font_family":"Patua One","title_typography_font_weight":"normal","description_typography_typography":"custom","description_typography_font_family":"Roboto","description_typography_line_height":{"unit":"em","size":"2"},"description_color":"rgba(74,100,119,0.72)"},"elements":[],"isInner":false,"widgetType":"icon-box","elType":"widget"}],"isInner":false,"elType":"column"},{"id":"71c3","settings":{"_column_size":33,"_inline_size":null},"elements":[{"id":"972","settings":{"view":"stacked","icon":"fa fa-automobile","title_text":"Full driveway included","description_text":"Click edit button to change this text. Lorem ipsum dolor sit amet, consec elit. Ut elit tellus, luctus nec ullarper mattis, pulvinar dapibus leo.","primary_color":"#543ab2","secondary_color":"#ffffff","icon_space":{"unit":"px","size":30},"icon_size":{"unit":"px","size":"21"},"icon_padding":{"unit":"px","size":"25"},"border_width":{"unit":"px","top":"2","right":"2","bottom":"2","left":"2","isLinked":true},"border_radius":{"unit":"px","top":"10","right":"10","bottom":"10","left":"10","isLinked":true},"text_align":"center","title_color":"#1b1b6b","title_typography_typography":"custom","title_typography_font_family":"Patua One","title_typography_font_weight":"normal","description_typography_typography":"custom","description_typography_font_family":"Roboto","description_typography_line_height":{"unit":"em","size":"2"},"description_color":"rgba(74,100,119,0.72)"},"elements":[],"isInner":false,"widgetType":"icon-box","elType":"widget"}],"isInner":false,"elType":"column"},{"id":"d79","settings":{"_column_size":33,"_inline_size":null},"elements":[{"id":"a40","settings":{"view":"stacked","icon":"fa fa-coffee","title_text":"Full driveway included","description_text":"Click edit button to change this text. Lorem ipsum dolor sit amet, consec elit. Ut elit tellus, luctus nec ullarper mattis, pulvinar dapibus leo.","primary_color":"#543ab2","secondary_color":"#ffffff","icon_space":{"unit":"px","size":30},"icon_size":{"unit":"px","size":"21"},"icon_padding":{"unit":"px","size":"25"},"border_width":{"unit":"px","top":"2","right":"2","bottom":"2","left":"2","isLinked":true},"border_radius":{"unit":"px","top":"10","right":"10","bottom":"10","left":"10","isLinked":true},"text_align":"center","title_color":"#1b1b6b","title_typography_typography":"custom","title_typography_font_family":"Patua One","title_typography_font_weight":"normal","description_typography_typography":"custom","description_typography_font_family":"Roboto","description_typography_line_height":{"unit":"em","size":"2"},"description_color":"rgba(74,100,119,0.72)"},"elements":[],"isInner":false,"widgetType":"icon-box","elType":"widget"}],"isInner":false,"elType":"column"}],"isInner":false,"elType":"section"},{"id":"72b1","settings":{"gap":"wider","custom_height":{"unit":"px","size":""},"structure":"30","padding":{"unit":"px","top":"20","right":"0","bottom":"100","left":"0","isLinked":false}},"elements":[{"id":"a6c","settings":{"_column_size":33,"_inline_size":null},"elements":[{"id":"671f","settings":{"view":"stacked","icon":"fa fa-briefcase","title_text":"Close to business district","description_text":"Click edit button to change this text. Lorem ipsum dolor sit amet, consec elit. Ut elit tellus, luctus nec ullarper mattis, pulvinar dapibus leo.","primary_color":"#543ab2","secondary_color":"#ffffff","icon_space":{"unit":"px","size":30},"icon_size":{"unit":"px","size":"21"},"icon_padding":{"unit":"px","size":"25"},"border_width":{"unit":"px","top":"2","right":"2","bottom":"2","left":"2","isLinked":true},"border_radius":{"unit":"px","top":"10","right":"10","bottom":"10","left":"10","isLinked":true},"text_align":"center","title_color":"#1b1b6b","title_typography_typography":"custom","title_typography_font_family":"Patua One","title_typography_font_weight":"normal","description_typography_typography":"custom","description_typography_font_family":"Roboto","description_typography_line_height":{"unit":"em","size":"2"},"description_color":"rgba(74,100,119,0.72)"},"elements":[],"isInner":false,"widgetType":"icon-box","elType":"widget"}],"isInner":false,"elType":"column"},{"id":"54ca","settings":{"_column_size":33,"_inline_size":null},"elements":[{"id":"835","settings":{"view":"stacked","icon":"fa fa-leaf","title_text":"Surrounded by mountains","description_text":"Click edit button to change this text. Lorem ipsum dolor sit amet, consec elit. Ut elit tellus, luctus nec ullarper mattis, pulvinar dapibus leo.","primary_color":"#543ab2","secondary_color":"#ffffff","icon_space":{"unit":"px","size":30},"icon_size":{"unit":"px","size":"21"},"icon_padding":{"unit":"px","size":"25"},"border_width":{"unit":"px","top":"2","right":"2","bottom":"2","left":"2","isLinked":true},"border_radius":{"unit":"px","top":"10","right":"10","bottom":"10","left":"10","isLinked":true},"text_align":"center","title_color":"#1b1b6b","title_typography_typography":"custom","title_typography_font_family":"Patua One","title_typography_font_weight":"normal","description_typography_typography":"custom","description_typography_font_family":"Roboto","description_typography_line_height":{"unit":"em","size":"2"},"description_color":"rgba(74,100,119,0.72)"},"elements":[],"isInner":false,"widgetType":"icon-box","elType":"widget"}],"isInner":false,"elType":"column"},{"id":"6158","settings":{"_column_size":33,"_inline_size":null},"elements":[{"id":"563b","settings":{"view":"stacked","icon":"fa fa-bank","title_text":"Excellent schools","description_text":"Click edit button to change this text. Lorem ipsum dolor sit amet, consec elit. Ut elit tellus, luctus nec ullarper mattis, pulvinar dapibus leo.","primary_color":"#543ab2","secondary_color":"#ffffff","icon_space":{"unit":"px","size":30},"icon_size":{"unit":"px","size":"21"},"icon_padding":{"unit":"px","size":"25"},"border_width":{"unit":"px","top":"2","right":"2","bottom":"2","left":"2","isLinked":true},"border_radius":{"unit":"px","top":"10","right":"10","bottom":"10","left":"10","isLinked":true},"text_align":"center","title_color":"#1b1b6b","title_typography_typography":"custom","title_typography_font_family":"Patua One","title_typography_font_weight":"normal","description_typography_typography":"custom","description_typography_font_family":"Roboto","description_typography_line_height":{"unit":"em","size":"2"},"description_color":"rgba(74,100,119,0.72)"},"elements":[],"isInner":false,"widgetType":"icon-box","elType":"widget"}],"isInner":false,"elType":"column"}],"isInner":false,"elType":"section"},{"id":"370","settings":{"content_width":{"unit":"px","size":"1080"},"content_position":"middle","structure":"20","background_background":"classic","background_color":"#f12184","shape_divider_top":"waves-pattern","shape_divider_top_width":{"unit":"%","size":"200"},"shape_divider_bottom":"waves-pattern","shape_divider_bottom_width":{"unit":"%","size":"200"},"padding":{"unit":"px","top":"75","right":"0","bottom":"75","left":"0","isLinked":false},"shape_divider_top_height":{"unit":"px","size":"10"},"shape_divider_bottom_height":{"unit":"px","size":"10"},"padding_tablet":{"unit":"px","top":"70","right":"40","bottom":"70","left":"40","isLinked":false},"reverse_order_mobile":"reverse-mobile"},"elements":[{"id":"8ed","settings":{"_column_size":50,"_inline_size":"45.556","padding":{"unit":"px","top":"0","right":"80","bottom":"0","left":"0","isLinked":false},"padding_tablet":{"unit":"px","top":"0","right":"20","bottom":"0","left":"0","isLinked":false},"padding_mobile":{"unit":"px","top":"30","right":"0","bottom":"0","left":"0","isLinked":false}},"elements":[{"id":"7396","settings":{"title":"Meet the owner","title_color":"#ffffff","typography_typography":"custom","typography_font_size":{"unit":"px","size":42},"typography_font_family":"Patua One","typography_font_weight":"normal"},"elements":[],"isInner":false,"widgetType":"heading","elType":"widget"},{"id":"1b17","settings":{"editor":"<p>I am text block. Click edit button to change this text. Lorem ipsum dolor sit amet, consectetur adipiscing elit. Ut elit tellus, luctus nec ullamcorper mattis, pulvinar dapibus leo.<\/p>","typography_typography":"custom","typography_font_size":{"unit":"px","size":15},"typography_font_family":"Roboto","typography_line_height":{"unit":"em","size":1.9},"_padding":{"unit":"px","top":"10","right":"0","bottom":"10","left":"0","isLinked":false},"text_color":"#ffffff"},"elements":[],"isInner":false,"widgetType":"text-editor","elType":"widget"},{"id":"3b04","settings":{"text":"Contact Us","size":"md","typography_typography":"custom","typography_font_family":"Patua One","typography_text_transform":"uppercase","typography_letter_spacing":{"unit":"px","size":2.3},"background_color":"#ffffff","border_radius":{"unit":"px","top":"0","right":"0","bottom":"0","left":"0","isLinked":true},"button_text_color":"#f12184"},"elements":[],"isInner":false,"widgetType":"button","elType":"widget"}],"isInner":false,"elType":"column"},{"id":"51b3","settings":{"_column_size":50,"_inline_size":"54.445"},"elements":[{"id":"3322","settings":{"link":"https:\/\/www.youtube.com\/watch?v=lN3wsUIMWos","vimeo_link":"https:\/\/vimeo.com\/170933924","yt_controls":"","yt_showinfo":"","image_overlay":{"id":720,"url":"http:\/\/localhost\/checkupdate\/wp-content\/uploads\/2018\/03\/placeholder-2.png"}},"elements":[],"isInner":false,"widgetType":"video","elType":"widget"}],"isInner":false,"elType":"column"}],"isInner":false,"elType":"section"},{"id":"560f","settings":{"content_width":{"unit":"px","size":766},"padding":{"unit":"px","top":"120","right":"0","bottom":"120","left":"0","isLinked":false},"padding_tablet":{"unit":"px","top":"50","right":"50","bottom":"50","left":"50","isLinked":true}},"elements":[{"id":"5f6e","settings":{"_column_size":100,"_inline_size":null},"elements":[{"id":"46e9","settings":{"testimonial_content":"\"I know that buying your first home is daunting, since it's one of the most important investments you'll ever make. This is why I want you to feel as comfortable and confident that this is the home you really want\"","testimonial_image":{"id":721,"url":"http:\/\/localhost\/checkupdate\/wp-content\/uploads\/2018\/03\/team_4.jpg"},"testimonial_name":"John Doe","testimonial_job":"Designer","testimonial_image_position":"top","content_content_color":"#1b1b6b","content_typography_typography":"custom","content_typography_font_size":{"unit":"px","size":"25"},"content_typography_font_family":"Roboto","content_typography_font_weight":"300","content_typography_font_style":"oblique","content_typography_line_height":{"unit":"em","size":1.9},"image_size":{"unit":"px","size":93},"name_text_color":"#543ab2","name_typography_typography":"custom","name_typography_font_size":{"unit":"px","size":19},"name_typography_font_family":"Patua One","name_typography_font_weight":"normal","name_typography_letter_spacing":{"unit":"px","size":2.2},"content_typography_letter_spacing":{"unit":"px","size":-0.3},"name_typography_line_height":{"unit":"em","size":2.1},"job_text_color":"#4a6477","content_typography_font_size_tablet":{"unit":"px","size":22},"content_typography_font_size_mobile":{"unit":"px","size":18}},"elements":[],"isInner":false,"widgetType":"testimonial","elType":"widget"}],"isInner":false,"elType":"column"}],"isInner":false,"elType":"section"},{"id":"47a","settings":{"content_width":{"unit":"px","size":"1080"},"padding":{"unit":"px","top":"120","right":"0","bottom":"120","left":"0","isLinked":false},"background_background":"classic","background_color":"#f2f2f2","shape_divider_top":"waves-pattern","shape_divider_top_width":{"unit":"%","size":"200"},"shape_divider_top_height":{"unit":"px","size":"10"},"padding_tablet":{"unit":"px","top":"90","right":"30","bottom":"90","left":"30","isLinked":false}},"elements":[{"id":"68a5","settings":{"_column_size":100,"_inline_size":null},"elements":[{"id":"669c","settings":{"carousel":[{"id":"388","url":"http:\/\/localhost\/checkupdate\/wp-content\/uploads\/2018\/03\/MADRIN.png"},{"id":"385","url":"http:\/\/localhost\/checkupdate\/wp-content\/uploads\/2018\/03\/BOLEIR.png"},{"id":"413","url":"http:\/\/localhost\/checkupdate\/wp-content\/uploads\/2018\/03\/FIFTHFLOUR.png"},{"id":"414","url":"http:\/\/localhost\/checkupdate\/wp-content\/uploads\/2018\/03\/GEO.png"},{"id":"384","url":"http:\/\/localhost\/checkupdate\/wp-content\/uploads\/2018\/03\/ARMOND.png"},{"id":"415","url":"http:\/\/localhost\/checkupdate\/wp-content\/uploads\/2018\/03\/BASTIL.png"},{"id":"491","url":"http:\/\/localhost\/checkupdate\/wp-content\/uploads\/2018\/03\/darkside-1-2.png"},{"id":722,"url":"http:\/\/localhost\/checkupdate\/wp-content\/uploads\/2018\/03\/madrin-1-2-1.png"}],"thumbnail_size":"full","slides_to_show":"6","image_spacing":"custom","image_spacing_custom":{"unit":"px","size":63},"navigation":"dots"},"elements":[],"isInner":false,"widgetType":"image-carousel","elType":"widget"}],"isInner":false,"elType":"column"}],"isInner":false,"elType":"section"}]}