{"version":"0.4","title":"Landing Page \u2013 Real Estate 4","type":"page","content":[{"id":"33c3","settings":{"layout":"full_width","structure":"20","background_background":"classic","background_color":"#3b4656","padding":{"unit":"px","top":"0","right":"0","bottom":"0","left":"0","isLinked":true},"content_position":"middle"},"elements":[{"id":"6ed4","settings":{"_column_size":50,"_inline_size":null,"background_background":"classic","margin":{"unit":"%","top":"0","right":"13","bottom":"0","left":"20","isLinked":false},"padding":{"unit":"px","top":"120","right":"0","bottom":"120","left":"0","isLinked":false},"margin_tablet":{"unit":"px","top":"0","right":"0","bottom":"0","left":"0","isLinked":true},"margin_mobile":{"unit":"px","top":"0","right":"0","bottom":"0","left":"0","isLinked":false},"padding_tablet":{"unit":"px","top":"70","right":"30","bottom":"70","left":"30","isLinked":false}},"elements":[{"id":"7828","settings":{"image":{"id":804,"url":"http:\/\/localhost\/checkupdate\/wp-content\/uploads\/2018\/03\/MF-PARTNERS.png"},"align":"left","space":{"unit":"%","size":"18"},"_padding":{"unit":"px","top":"0","right":"0","bottom":"60","left":"0","isLinked":false},"align_tablet":"left","image_size":"full","_padding_mobile":{"unit":"px","top":"0","right":"0","bottom":"30","left":"0","isLinked":false}},"elements":[],"isInner":false,"widgetType":"image","elType":"widget"},{"id":"941","settings":{"title":"150 South Oakland Ace","title_color":"#ffffff","typography_typography":"custom","typography_font_size":{"unit":"px","size":"48"},"typography_font_family":"Helvetica","align_mobile":"center","typography_font_size_mobile":{"unit":"px","size":"38"},"_padding_mobile":{"unit":"px","top":"0","right":"0","bottom":"0","left":"0","isLinked":true}},"elements":[],"isInner":false,"widgetType":"heading","elType":"widget"},{"id":"6ee6","settings":{"editor":"<p class=\"p1\">If you require assistance in arranging a survey or would like to discuss a mortgage with a financial advisor please let us know.<\/p>","text_color":"#ededed","typography_typography":"custom","typography_font_size":{"unit":"px","size":"22"},"typography_font_family":"Helvetica","typography_font_weight":"300","typography_line_height":{"unit":"em","size":"1.6"},"_padding":{"unit":"px","top":"10","right":"0","bottom":"50","left":"0","isLinked":false},"align_mobile":"center","typography_font_size_tablet":{"unit":"px","size":"17"},"typography_font_size_mobile":{"unit":"px","size":"16"},"_padding_tablet":{"unit":"px","top":"0","right":"0","bottom":"10","left":"0","isLinked":false},"_padding_mobile":{"unit":"px","top":"0","right":"0","bottom":"5","left":"0","isLinked":false}},"elements":[],"isInner":false,"widgetType":"text-editor","elType":"widget"},{"id":"7c27","settings":{"text":"Get the best deal today","typography_typography":"custom","typography_font_size":{"unit":"px","size":"20"},"typography_font_family":"Helvetica","typography_font_weight":"600","typography_text_transform":"uppercase","typography_letter_spacing":{"unit":"px","size":"2"},"background_color":"#f6a623","hover_color":"#f6a623","button_background_hover_color":"rgba(0,0,0,0)","button_hover_border_color":"#f6a623","hover_animation":"float","border_border":"solid","border_width":{"unit":"px","top":"4","right":"4","bottom":"4","left":"4","isLinked":true},"border_color":"#f6a623","border_radius":{"unit":"px","top":"10","right":"10","bottom":"10","left":"10","isLinked":true},"text_padding":{"unit":"px","top":"22","right":"40","bottom":"22","left":"40","isLinked":false},"align_tablet":"justify","align_mobile":"center","typography_font_size_tablet":{"unit":"px","size":"16"},"typography_font_size_mobile":{"unit":"px","size":"13"},"typography_letter_spacing_tablet":{"unit":"px","size":"0.3"}},"elements":[],"isInner":false,"widgetType":"button","elType":"widget"}],"isInner":false,"elType":"column"},{"id":"1372","settings":{"_column_size":50,"_inline_size":null,"background_background":"classic","background_image":{"id":806,"url":"http:\/\/localhost\/checkupdate\/wp-content\/uploads\/2018\/03\/pexels-photo-154172.png"},"background_position":"center center","background_size":"cover","padding_mobile":{"unit":"px","top":"80","right":"0","bottom":"80","left":"0","isLinked":false}},"elements":[{"id":"787d","settings":[],"elements":[],"isInner":false,"widgetType":"spacer","elType":"widget"}],"isInner":false,"elType":"column"}],"isInner":false,"elType":"section"},{"id":"491f","settings":{"padding":{"unit":"px","top":"100","right":"0","bottom":"50","left":"0","isLinked":false},"gap":"no","padding_tablet":{"unit":"px","top":"50","right":"30","bottom":"30","left":"30","isLinked":false},"padding_mobile":{"unit":"px","top":"20","right":"20","bottom":"20","left":"20","isLinked":true}},"elements":[{"id":"74be","settings":{"_column_size":100,"_inline_size":null},"elements":[{"id":"2440","settings":{"title":"About the property","align":"center","title_color":"#ffffff","typography_typography":"custom","typography_font_size":{"unit":"px","size":"33"},"typography_font_family":"Helvetica","typography_font_weight":"600","_padding":{"unit":"px","top":"25","right":"25","bottom":"25","left":"25","isLinked":true},"_background_background":"classic","_background_color":"#3b4656","_border_radius":{"unit":"px","top":"10","right":"10","bottom":"0","left":"0","isLinked":false},"header_size":"h3","typography_font_size_tablet":{"unit":"px","size":"25"},"typography_font_size_mobile":{"unit":"px","size":"20"}},"elements":[],"isInner":false,"widgetType":"heading","elType":"widget"},{"id":"1f79","settings":{"carousel":[{"id":808,"url":"http:\/\/localhost\/checkupdate\/wp-content\/uploads\/2018\/03\/marcus-neto-96661.png"},{"id":811,"url":"http:\/\/localhost\/checkupdate\/wp-content\/uploads\/2018\/03\/pexels-photo-189295.png"},{"id":812,"url":"http:\/\/localhost\/checkupdate\/wp-content\/uploads\/2018\/03\/pexels-photo-280208.png"}],"thumbnail_size":"custom","thumbnail_custom_dimension":{"width":"1140","height":"600"},"slides_to_show":"1","image_stretch":"yes","navigation":"arrows","_margin":{"unit":"px","top":"-21","right":"0","bottom":"0","left":"0","isLinked":false}},"elements":[],"isInner":false,"widgetType":"image-carousel","elType":"widget"}],"isInner":false,"elType":"column"}],"isInner":false,"elType":"section"},{"id":"42a0","settings":{"structure":"20","padding":{"unit":"px","top":"0","right":"0","bottom":"80","left":"0","isLinked":false},"padding_tablet":{"unit":"px","top":"0","right":"30","bottom":"30","left":"30","isLinked":false},"padding_mobile":{"unit":"px","top":"20","right":"20","bottom":"20","left":"20","isLinked":true}},"elements":[{"id":"58e9","settings":{"_column_size":50,"_inline_size":null,"margin":{"unit":"%","top":"0","right":"5","bottom":"0","left":"0","isLinked":false},"margin_tablet":{"unit":"px","top":"0","right":"30","bottom":"0","left":"0","isLinked":false},"margin_mobile":{"unit":"px","top":"0","right":"0","bottom":"0","left":"0","isLinked":true},"padding_mobile":{"unit":"px","top":"0","right":"0","bottom":"0","left":"0","isLinked":true}},"elements":[{"id":"446c","settings":{"weight":{"unit":"px","size":"2"},"color":"#c6c6c6","gap":{"unit":"px","size":"7"},"_margin":{"unit":"px","top":"-7","right":"0","bottom":"0","left":"0","isLinked":false}},"elements":[],"isInner":false,"widgetType":"divider","elType":"widget"},{"id":"3a35","settings":{"title":"$500,000","title_color":"#f6a623","typography_typography":"custom","typography_font_size":{"unit":"px","size":"33"},"typography_font_family":"Helvetica","typography_font_size_tablet":{"unit":"px","size":"30"},"typography_font_size_mobile":{"unit":"px","size":"25"}},"elements":[],"isInner":false,"widgetType":"heading","elType":"widget"},{"id":"1eca","settings":{"weight":{"unit":"px","size":"2"},"color":"#c6c6c6","gap":{"unit":"px","size":"7"}},"elements":[],"isInner":false,"widgetType":"divider","elType":"widget"},{"id":"583b","settings":{"title":"Detailes ","title_color":"#4f4f4f","typography_typography":"custom","typography_font_size":{"unit":"px","size":"23"},"typography_font_family":"Helvetica","header_size":"h3"},"elements":[],"isInner":false,"widgetType":"heading","elType":"widget"},{"id":"3b58","settings":{"editor":"<p>With this condo you get everything you ever needed to have from a home. A bed, a cabinet, some great neighbors and schools. The best bonus is that you don't have to spend so much time commuting, it's right near a large train station. See the ratings our schools get and you will see why people are flocking to buy in one of our projects.\u00a0<\/p>","text_color":"#919191","typography_typography":"custom","typography_font_size":{"unit":"px","size":"16"},"typography_font_family":"Helvetica","typography_font_weight":"300","typography_line_height":{"unit":"em","size":"1.6"},"_padding":{"unit":"px","top":"10","right":"0","bottom":"10","left":"0","isLinked":false},"_padding_mobile":{"unit":"px","top":"0","right":"0","bottom":"5","left":"0","isLinked":false}},"elements":[],"isInner":false,"widgetType":"text-editor","elType":"widget"},{"id":"7aed","settings":{"gap":"no","structure":"20","padding":{"unit":"px","top":"0","right":"0","bottom":"40","left":"0","isLinked":false}},"elements":[{"id":"5d96","settings":{"_column_size":50,"_inline_size":null,"padding":{"unit":"px","top":"0","right":"20","bottom":"0","left":"0","isLinked":false},"padding_tablet":{"unit":"px","top":"0","right":"5","bottom":"0","left":"0","isLinked":false},"padding_mobile":{"unit":"px","top":"0","right":"0","bottom":"20","left":"0","isLinked":false}},"elements":[{"id":"44b1","settings":{"text":"Area profile","typography_typography":"custom","typography_font_family":"Helvetica","typography_font_weight":"700","button_text_color":"#4f4f4f","background_color":"#d8d8d8","border_radius":{"unit":"px","top":"0","right":"0","bottom":"0","left":"0","isLinked":true},"text_padding":{"unit":"px","top":"20","right":"20","bottom":"20","left":"20","isLinked":true},"align":"justify","align_mobile":"justify","size":"xl","typography_font_size_tablet":{"unit":"px","size":"16"},"typography_font_size_mobile":{"unit":"px","size":"18"},"typography_line_height_tablet":{"unit":"em","size":"1.3"},"hover_animation":"grow"},"elements":[],"isInner":false,"widgetType":"button","elType":"widget"}],"isInner":true,"elType":"column"},{"id":"3504","settings":{"_column_size":50,"_inline_size":null,"padding":{"unit":"px","top":"0","right":"0","bottom":"0","left":"20","isLinked":false},"padding_tablet":{"unit":"px","top":"0","right":"0","bottom":"0","left":"5","isLinked":false},"padding_mobile":{"unit":"px","top":"0","right":"0","bottom":"40","left":"0","isLinked":false}},"elements":[{"id":"3d17","settings":{"text":"Brochure","align":"justify","typography_typography":"custom","typography_font_family":"Helvetica","typography_font_weight":"700","button_text_color":"#4f4f4f","background_color":"#d8d8d8","border_radius":{"unit":"px","top":"0","right":"0","bottom":"0","left":"0","isLinked":true},"text_padding":{"unit":"px","top":"20","right":"20","bottom":"20","left":"20","isLinked":true},"align_mobile":"justify","size":"xl","typography_font_size_tablet":{"unit":"px","size":"16"},"typography_font_size_mobile":{"unit":"px","size":"18"},"typography_line_height_tablet":{"unit":"em","size":"1.3"},"hover_animation":"grow"},"elements":[],"isInner":false,"widgetType":"button","elType":"widget"}],"isInner":true,"elType":"column"}],"isInner":true,"elType":"section"},{"id":"3d22","settings":{"title":"Additional details","title_color":"#4f4f4f","typography_typography":"custom","typography_font_size":{"unit":"px","size":"23"},"typography_font_family":"Helvetica","_padding":{"unit":"px","top":"10","right":"0","bottom":"10","left":"0","isLinked":false},"header_size":"h3"},"elements":[],"isInner":false,"widgetType":"heading","elType":"widget"},{"id":"13b3","settings":{"icon_list":[{"text":"Bedrooms: 2.5","icon":"fa fa-circle","_id":"3qulcof","link":{"url":"","is_external":"","nofollow":""}},{"text":"Built in: 2013 ","icon":"fa fa-circle","_id":"t0qzwbz","link":{"url":"","is_external":"","nofollow":""}},{"text":"Parking: 2 spaces, 1 covered","icon":"fa fa-circle","_id":"aphbsys","link":{"url":"","is_external":"","nofollow":""}},{"text":"Flooring: Ceramic floor, Carpet","icon":"fa fa-circle","_id":"qmf5588","link":{"url":"","is_external":"","nofollow":""}},{"text":"Flooring: Ceramic floor, Carpet","icon":"fa fa-circle","_id":"u7kba0a","link":{"url":"","is_external":"","nofollow":""}}],"space_between":{"unit":"px","size":"8"},"icon_color":"#f6a623","icon_size":{"unit":"px","size":"10"},"text_indent":{"unit":"px","size":13},"text_color":"#919191","icon_typography_typography":"custom","icon_typography_font_size":{"unit":"px","size":"16"},"icon_typography_font_family":"Helvetica","icon_typography_font_weight":"500","_padding_mobile":{"unit":"px","top":"0","right":"0","bottom":"0","left":"5","isLinked":false}},"elements":[],"isInner":false,"widgetType":"icon-list","elType":"widget"},{"id":"1d70","settings":{"weight":{"unit":"px","size":"2"},"color":"#c6c6c6","gap":{"unit":"px","size":34}},"elements":[],"isInner":false,"widgetType":"divider","elType":"widget"}],"isInner":false,"elType":"column"},{"id":"4fa3","settings":{"_column_size":50,"_inline_size":null,"margin":{"unit":"%","top":"0","right":"0","bottom":"0","left":"5","isLinked":false},"margin_tablet":{"unit":"px","top":"0","right":"0","bottom":"0","left":"10","isLinked":false},"margin_mobile":{"unit":"px","top":"0","right":"0","bottom":"0","left":"0","isLinked":true},"padding_mobile":{"unit":"px","top":"0","right":"0","bottom":"0","left":"0","isLinked":true}},"elements":[{"id":"96e","settings":{"text":"Request a showing","align":"justify","typography_typography":"custom","typography_font_size":{"unit":"px","size":"20"},"typography_font_family":"Helvetica","typography_font_weight":"600","typography_text_transform":"uppercase","typography_letter_spacing":{"unit":"px","size":"2"},"background_color":"#f6a623","hover_color":"#ffffff","button_background_hover_color":"#3b4656","button_hover_border_color":"#3b4656","border_border":"solid","border_width":{"unit":"px","top":"4","right":"4","bottom":"4","left":"4","isLinked":true},"border_color":"#f6a623","border_radius":{"unit":"px","top":"10","right":"10","bottom":"10","left":"10","isLinked":true},"text_padding":{"unit":"px","top":"32","right":"32","bottom":"32","left":"32","isLinked":true},"typography_font_size_tablet":{"unit":"px","size":"16"}},"elements":[],"isInner":false,"widgetType":"button","elType":"widget"},{"id":"380f","settings":{"title":"Features","title_color":"#4f4f4f","typography_typography":"custom","typography_font_size":{"unit":"px","size":"23"},"typography_font_family":"Helvetica","_padding":{"unit":"px","top":"10","right":"0","bottom":"20","left":"0","isLinked":false},"header_size":"h3"},"elements":[],"isInner":false,"widgetType":"heading","elType":"widget"},{"id":"5846","settings":{"gap":"no","structure":"30","padding":{"unit":"px","top":"0","right":"0","bottom":"30","left":"0","isLinked":false},"padding_tablet":{"unit":"px","top":"0","right":"0","bottom":"40","left":"0","isLinked":false}},"elements":[{"id":"1aa5","settings":{"_column_size":33,"_inline_size":null},"elements":[{"id":"209c","settings":{"icon_list":[{"text":"2 Stories","icon":"fa fa-automobile","_id":"3qulcof","link":{"url":"","is_external":"","nofollow":""}},{"text":"Back yard","icon":"fa fa-dribbble","_id":"aphbsys","link":{"url":"","is_external":"","nofollow":""}},{"text":"Swimming pool","icon":"fa fa-font-awesome","_id":"9wqegxl","link":{"url":"","is_external":"","nofollow":""}},{"text":"Bike path","icon":"fa fa-bicycle","_id":"qmf5588","link":{"url":"","is_external":"","nofollow":""}}],"space_between":{"unit":"px","size":"18"},"icon_color":"#f6a623","icon_size":{"unit":"px","size":"25"},"text_indent":{"unit":"px","size":"16"},"text_color":"#919191","icon_typography_typography":"custom","icon_typography_font_size":{"unit":"px","size":"16"},"icon_typography_font_family":"Helvetica","icon_typography_font_weight":"500","icon_typography_font_size_tablet":{"unit":"px","size":"13"},"icon_typography_font_size_mobile":{"unit":"px","size":"16"}},"elements":[],"isInner":false,"widgetType":"icon-list","elType":"widget"}],"isInner":true,"elType":"column"},{"id":"462b","settings":{"_column_size":33,"_inline_size":null,"margin":{"unit":"%","top":"0","right":"0","bottom":"0","left":"5","isLinked":false},"margin_mobile":{"unit":"px","top":"0","right":"0","bottom":"0","left":"0","isLinked":true},"padding_mobile":{"unit":"px","top":"20","right":"0","bottom":"020","left":"0","isLinked":false}},"elements":[{"id":"4e7a","settings":{"icon_list":[{"text":"Gazebo","icon":"fa fa-institution","_id":"3qulcof","link":{"url":"","is_external":"","nofollow":""}},{"text":"Alarm system","icon":"fa fa-spinner","_id":"aphbsys","link":{"url":"","is_external":"","nofollow":""}},{"text":"Security cameras","icon":"fa fa-camera","_id":"9wqegxl","link":{"url":"","is_external":"","nofollow":""}},{"text":"Central cooling","icon":"fa fa-stack-overflow","_id":"qmf5588","link":{"url":"","is_external":"","nofollow":""}}],"space_between":{"unit":"px","size":"18"},"icon_align":"left","icon_color":"#f6a623","icon_size":{"unit":"px","size":"25"},"text_indent":{"unit":"px","size":"16"},"text_color":"#919191","icon_typography_typography":"custom","icon_typography_font_size":{"unit":"px","size":"16"},"icon_typography_font_family":"Helvetica","icon_typography_font_weight":"500","icon_typography_font_size_tablet":{"unit":"px","size":"13"},"icon_typography_font_size_mobile":{"unit":"px","size":"16"}},"elements":[],"isInner":false,"widgetType":"icon-list","elType":"widget"}],"isInner":true,"elType":"column"},{"id":"3c21","settings":{"_column_size":33,"_inline_size":null,"margin":{"unit":"%","top":"0","right":"0","bottom":"0","left":"14","isLinked":false},"margin_mobile":{"unit":"px","top":"0","right":"0","bottom":"0","left":"0","isLinked":true},"padding_mobile":{"unit":"px","top":"0","right":"0","bottom":"0","left":"0","isLinked":true}},"elements":[{"id":"2a88","settings":{"icon_list":[{"text":"Back yard","icon":"fa fa-dribbble","_id":"0182nvm","link":{"url":"","is_external":"","nofollow":""}},{"text":"Swimming pool","icon":"fa fa-font-awesome","_id":"9wqegxl","link":{"url":"","is_external":"","nofollow":""}},{"text":"Bike path","icon":"fa fa-bicycle","_id":"qmf5588","link":{"url":"","is_external":"","nofollow":""}},{"text":"2 Stories","icon":"fa fa-automobile","_id":"6xc2b3h","link":{"url":"","is_external":"","nofollow":""}}],"space_between":{"unit":"px","size":"18"},"icon_align":"left","icon_color":"#f6a623","icon_size":{"unit":"px","size":"25"},"text_indent":{"unit":"px","size":"16"},"text_color":"#919191","icon_typography_typography":"custom","icon_typography_font_size":{"unit":"px","size":"16"},"icon_typography_font_family":"Helvetica","icon_typography_font_weight":"500","icon_typography_font_size_tablet":{"unit":"px","size":"13"},"icon_typography_font_size_mobile":{"unit":"px","size":"16"}},"elements":[],"isInner":false,"widgetType":"icon-list","elType":"widget"}],"isInner":true,"elType":"column"}],"isInner":true,"elType":"section"},{"id":"1a07","settings":{"weight":{"unit":"px","size":"2"},"color":"#c6c6c6","gap":{"unit":"px","size":"7"}},"elements":[],"isInner":false,"widgetType":"divider","elType":"widget"},{"id":"6734","settings":{"title":"Location","title_color":"#4f4f4f","typography_typography":"custom","typography_font_size":{"unit":"px","size":"23"},"typography_font_family":"Helvetica","_padding":{"unit":"px","top":"10","right":"0","bottom":"0","left":"0","isLinked":false},"header_size":"h3"},"elements":[],"isInner":false,"widgetType":"heading","elType":"widget"},{"id":"795d","settings":{"editor":"<p>Lorem ipsum dolor sit amet, consectetur adipiscing elit. Vestibulum scelerisque ante eu velit fermentum dolor scelerisque.\u00a0<\/p>","text_color":"#919191","typography_typography":"custom","typography_font_size":{"unit":"px","size":"16"},"typography_font_family":"Helvetica","typography_font_weight":"300","typography_line_height":{"unit":"em","size":"1.6"},"_padding":{"unit":"px","top":"10","right":"0","bottom":"10","left":"0","isLinked":false}},"elements":[],"isInner":false,"widgetType":"text-editor","elType":"widget"},{"id":"32d2","settings":{"address":"London Eye, London, United Kingdom","height":{"unit":"px","size":"180"},"_padding_mobile":{"unit":"px","top":"0","right":"0","bottom":"60","left":"0","isLinked":false}},"elements":[],"isInner":false,"widgetType":"google_maps","elType":"widget"}],"isInner":false,"elType":"column"}],"isInner":false,"elType":"section"},{"id":"101b","settings":{"layout":"full_width","gap":"no","content_position":"bottom","structure":"20","background_background":"classic","background_image":{"id":816,"url":"http:\/\/localhost\/checkupdate\/wp-content\/uploads\/2018\/03\/philipp-bernddst-173197-1.png"},"background_position":"center center","background_size":"cover","padding":{"unit":"px","top":"70","right":"0","bottom":"0","left":"0","isLinked":false},"padding_mobile":{"unit":"px","top":"70","right":"20","bottom":"0","left":"20","isLinked":false},"reverse_order_mobile":"reverse-mobile"},"elements":[{"id":"2a1e","settings":{"_column_size":50,"_inline_size":"30.399"},"elements":[{"id":"4e59","settings":{"image":{"id":815,"url":"http:\/\/localhost\/checkupdate\/wp-content\/uploads\/2018\/03\/f-1.png"},"image_size":"full","_margin":{"unit":"px","top":"-107","right":"-49","bottom":"0","left":"0","isLinked":false},"_margin_tablet":{"unit":"px","top":"0","right":"-75","bottom":"0","left":"0","isLinked":false},"_margin_mobile":{"unit":"px","top":"0","right":"0","bottom":"0","left":"0","isLinked":true},"hide_mobile":"hidden-phone"},"elements":[],"isInner":false,"widgetType":"image","elType":"widget"}],"isInner":false,"elType":"column"},{"id":"4a2a","settings":{"_column_size":50,"_inline_size":"69.600","content_position":"center","margin":{"unit":"%","top":"0","right":"40","bottom":"0","left":"0","isLinked":false},"margin_tablet":{"unit":"px","top":"0","right":"0","bottom":"0","left":"0","isLinked":true},"margin_mobile":{"unit":"px","top":"0","right":"0","bottom":"0","left":"0","isLinked":true},"padding_tablet":{"unit":"px","top":"0","right":"30","bottom":"00","left":"80","isLinked":false},"padding_mobile":{"unit":"px","top":"0","right":"0","bottom":"0","left":"0","isLinked":true}},"elements":[{"id":"42ff","settings":{"title":"Open house will officially start in","align":"center","title_color":"#4f4f4f","typography_typography":"custom","typography_font_size":{"unit":"px","size":"33"},"typography_font_family":"Helvetica","align_tablet":"center","typography_font_size_tablet":{"unit":"px","size":"22"},"typography_font_size_mobile":{"unit":"px","size":"28"},"typography_line_height_mobile":{"unit":"em","size":"1.3"}},"elements":[],"isInner":false,"widgetType":"heading","elType":"widget"},{"id":"68cc","settings":{"label_days":"Days","label_hours":"Hours","label_minutes":"Minutes","label_seconds":"Seconds","container_width":{"unit":"%","size":"85"},"box_background_color":"rgba(255,255,255,0.82)","box_spacing":{"unit":"px","size":"15"},"box_padding":{"unit":"px","top":"30","right":"20","bottom":"30","left":"20","isLinked":false},"digits_color":"#4f4f4f","digits_typography_typography":"custom","digits_typography_font_size":{"unit":"px","size":"50"},"digits_typography_font_family":"Helvetica","digits_typography_font_weight":"700","digits_typography_letter_spacing":{"unit":"px","size":"3"},"label_color":"#f6a623","label_typography_typography":"custom","label_typography_font_size":{"unit":"px","size":"16"},"_padding":{"unit":"px","top":"50","right":"0","bottom":"50","left":"0","isLinked":false},"box_padding_tablet":{"unit":"px","top":"15","right":"0","bottom":"15","left":"0","isLinked":false},"digits_typography_font_size_tablet":{"unit":"px","size":"40"},"digits_typography_font_size_mobile":{"unit":"px","size":"27"},"digits_typography_line_height_tablet":{"unit":"em","size":1.2},"digits_typography_letter_spacing_tablet":{"unit":"px","size":"0"},"label_typography_font_size_tablet":{"unit":"px","size":"13"},"_padding_tablet":{"unit":"px","top":"10","right":"0","bottom":"10","left":"0","isLinked":false},"digits_typography_line_height":{"unit":"em","size":1.4}},"elements":[],"isInner":false,"widgetType":"countdown","elType":"widget"},{"id":"7715","settings":{"text":"Schedule your visit","align":"center","typography_typography":"custom","typography_font_size":{"unit":"px","size":"20"},"typography_font_family":"Helvetica","typography_font_weight":"600","typography_text_transform":"uppercase","typography_letter_spacing":{"unit":"px","size":"2"},"background_color":"#f6a623","hover_color":"#f6a623","button_background_hover_color":"rgba(0,0,0,0)","button_hover_border_color":"#f6a623","border_border":"solid","border_width":{"unit":"px","top":"4","right":"4","bottom":"4","left":"4","isLinked":true},"border_color":"#f6a623","border_radius":{"unit":"px","top":"10","right":"10","bottom":"10","left":"10","isLinked":true},"text_padding":{"unit":"px","top":"22","right":"40","bottom":"22","left":"40","isLinked":false},"_padding":{"unit":"px","top":"0","right":"0","bottom":"70","left":"0","isLinked":false},"align_mobile":"center","typography_font_size_tablet":{"unit":"px","size":"16"},"_padding_tablet":{"unit":"px","top":"0","right":"0","bottom":"30","left":"0","isLinked":false},"typography_font_size_mobile":{"unit":"px","size":"15"}},"elements":[],"isInner":false,"widgetType":"button","elType":"widget"}],"isInner":false,"elType":"column"}],"isInner":false,"elType":"section"},{"id":"564","settings":{"gap":"no","structure":"20","background_background":"classic","background_image":{"id":817,"url":"http:\/\/localhost\/checkupdate\/wp-content\/uploads\/2018\/03\/joao-silas-103185.png"},"background_overlay_background":"classic","background_overlay_color":"#3b4656","background_overlay_opacity":{"unit":"px","size":"0.9"},"padding":{"unit":"px","top":"70","right":"0","bottom":"70","left":"0","isLinked":false},"content_position":"middle","padding_tablet":{"unit":"px","top":"80","right":"30","bottom":"80","left":"30","isLinked":false},"padding_mobile":{"unit":"px","top":"60","right":"40","bottom":"60","left":"40","isLinked":false}},"elements":[{"id":"6f91","settings":{"_column_size":50,"_inline_size":null,"content_position":"center"},"elements":[{"id":"45b8","settings":{"title":"ATD real estate was rated the \nbest agency in LA for 2017!","align":"left","title_color":"#ffffff","typography_typography":"custom","typography_font_size":{"unit":"px","size":"34"},"typography_font_family":"Helvetica","typography_line_height":{"unit":"em","size":"1.3"},"header_size":"h3","align_mobile":"center","typography_font_size_tablet":{"unit":"px","size":"28"},"typography_font_size_mobile":{"unit":"px","size":"31"},"_padding_mobile":{"unit":"px","top":"0","right":"0","bottom":"40","left":"0","isLinked":false}},"elements":[],"isInner":false,"widgetType":"heading","elType":"widget"}],"isInner":false,"elType":"column"},{"id":"12f7","settings":{"_column_size":50,"_inline_size":null,"margin_tablet":{"unit":"px","top":"0","right":"0","bottom":"0","left":"0","isLinked":true},"padding_tablet":{"unit":"px","top":"0","right":"0","bottom":"0","left":"0","isLinked":true}},"elements":[{"id":"5ef6","settings":{"title":"1-700-507-507","align":"right","title_color":"#f6a623","typography_typography":"custom","typography_font_size":{"unit":"px","size":"45"},"typography_font_family":"Helvetica","_margin":{"unit":"%","top":"0","right":"16","bottom":"0","left":"16","isLinked":false},"_padding":{"unit":"px","top":"20","right":"20","bottom":"20","left":"20","isLinked":true},"_border_border":"solid","_border_width":{"unit":"px","top":"4","right":"0","bottom":"4","left":"0","isLinked":false},"_border_color":"#f6a623","header_size":"h3","align_tablet":"center","typography_font_size_tablet":{"unit":"px","size":"25"},"typography_font_size_mobile":{"unit":"px","size":"29"},"_margin_mobile":{"unit":"px","top":"0","right":"0","bottom":"0","left":"0","isLinked":true}},"elements":[],"isInner":false,"widgetType":"heading","elType":"widget"}],"isInner":false,"elType":"column"}],"isInner":false,"elType":"section"}]}