{"version":"0.4","title":"Restaurant Site \u2013 Menu","type":"page","content":[{"id":"1a06","settings":{"height":"min-height","custom_height":{"unit":"px","size":328},"background_background":"classic","background_image":{"id":949,"url":"http:\/\/localhost\/checkupdate\/wp-content\/uploads\/2018\/03\/BGmenu01.png"},"background_position":"bottom center","background_size":"cover","background_overlay_background":"classic","background_overlay_position":"bottom center","background_overlay_repeat":"no-repeat","background_overlay_size":"contain","background_overlay_opacity":{"unit":"px","size":1},"margin":{"unit":"px","top":"","right":0,"bottom":"","left":0,"isLinked":true},"gap":"no","background_overlay_color":"rgba(0,0,0,0.5)","margin_tablet":{"unit":"px","top":"","right":0,"bottom":"","left":0,"isLinked":true},"margin_mobile":{"unit":"px","top":"0","right":0,"bottom":"0","left":0,"isLinked":true},"background_overlay_image":{"id":"939","url":"http:\/\/localhost\/checkupdate\/wp-content\/uploads\/2018\/03\/Brushoverlay03.png"},"padding":{"unit":"px","top":"0","right":"0","bottom":"80","left":"0","isLinked":false}},"elements":[{"id":"6ce1","settings":{"_column_size":100,"background_position":"bottom center","background_size":"contain","background_overlay_color":"#020202","background_repeat":"no-repeat"},"elements":[{"id":"58eb","settings":{"title":"Savor Our Dishes","header_size":"h3","align":"center","title_color":"#ffffff","typography_typography":"custom","typography_font_size":{"unit":"px","size":50},"typography_font_family":"Lora","typography_font_weight":"100","typography_letter_spacing":{"unit":"px","size":0.1},"typography_line_height":{"unit":"px","size":55},"_margin":{"unit":"px","top":"40","right":"0","bottom":"0","left":"0","isLinked":false},"typography_font_size_mobile":{"unit":"px","size":32}},"elements":[],"isInner":false,"widgetType":"heading","elType":"widget"},{"id":"2648","settings":{"style":"double","weight":{"unit":"px","size":4},"color":"#9b1f1a","width":{"unit":"px","size":75},"gap":{"unit":"px","size":5},"_margin":{"unit":"px","top":"-10","right":"0","bottom":"0","left":"0","isLinked":false},"align":"center"},"elements":[],"isInner":false,"widgetType":"divider","elType":"widget"}],"isInner":false,"elType":"column"}],"isInner":false,"elType":"section"},{"id":"7a63","settings":{"content_width":{"unit":"px","size":836},"height":"min-height","background_background":"classic","background_image":{"id":952,"url":"http:\/\/localhost\/checkupdate\/wp-content\/uploads\/2018\/03\/10thDishRender.png"},"background_position":"bottom right","background_repeat":"no-repeat","background_size":"contain","background_overlay_background":"classic","background_overlay_position":"bottom right","background_overlay_repeat":"no-repeat","background_overlay_size":"contain","background_overlay_opacity":{"unit":"px","size":1},"padding":{"unit":"px","top":"80","right":"0","bottom":"400","left":"0","isLinked":false},"padding_tablet":{"unit":"px","top":"80","right":"30","bottom":"280","left":"30","isLinked":false},"padding_mobile":{"unit":"px","top":"60","right":"12","bottom":"100","left":"12","isLinked":false}},"elements":[{"id":"5092","settings":{"_column_size":100,"_inline_size":null},"elements":[{"id":"18c7","settings":{"title":"Entr\u00e9e","header_size":"h3","align":"center","title_color":"#191919","typography_typography":"custom","typography_font_size":{"unit":"px","size":45},"typography_font_family":"Lora","typography_font_weight":"100","typography_letter_spacing":{"unit":"px","size":0.1},"typography_line_height":{"unit":"px","size":""},"typography_font_size_mobile":{"unit":"px","size":38}},"elements":[],"isInner":false,"widgetType":"heading","elType":"widget"},{"id":"5ef4","settings":{"style":"double","weight":{"unit":"px","size":4},"color":"#9b1f1a","width":{"unit":"px","size":75},"gap":{"unit":"px","size":5},"_margin":{"unit":"px","top":"-10","right":"0","bottom":"0","left":"0","isLinked":false},"align":"center"},"elements":[],"isInner":false,"widgetType":"divider","elType":"widget"},{"id":"761d","settings":{"price_list":[{"title":"Beef Tenderloin","item_description":"Pea horseradish azuki bean lettuce avocado asparagus okra. Kohlrabi radish okra azuki bean","price":"$8.00","link":{"url":"#","is_external":"","nofollow":""},"_id":"6ad3755","image":{"url":"","id":""}},{"title":"Delmonico","item_description":"Corn fava bean mustard tigernut j\u00edcama green bean celtuce collard greens Pea horseradish azuki","price":"$11.00","link":{"url":"#","is_external":"","nofollow":""},"_id":"4342d62","image":{"url":"","id":""}},{"title":"Prime Rib","item_description":"Avocado quandong fennel gumbo black-eyed pea bean corn fava bean mustard tigernut","price":"$4.75","link":{"url":"#","is_external":"","nofollow":""},"_id":"9456a58","image":{"url":"","id":""}},{"title":"New Orleans Bouillabaisse","item_description":"Pea horseradish azuki bean lettuce avocado asparagus okra. Kohlrabi radish okra azuki bean","price":"$6.50","link":{"url":"#","is_external":"","nofollow":""},"_id":"3978e55","image":{"url":"","id":""}},{"title":"Coho Salmon","item_description":"Corn fava bean mustard tigernut j\u00edcama green bean celtuce collard greens Pea horseradish azuki","price":"$9,00","link":{"url":"#","is_external":"","nofollow":""},"_id":"6be7af0","image":{"url":"","id":""}},{"title":"Duck","item_description":"Avocado quandong fennel gumbo black-eyed pea bean corn fava bean mustard tigernut","price":"$7,90","link":{"url":"#","is_external":"","nofollow":""},"_id":"1ca64e1","image":{"url":"","id":""}},{"title":"Oregon Trout","item_description":"Pea horseradish azuki bean lettuce avocado asparagus okra. Kohlrabi radish okra azuki bean","price":"$5,00","link":{"url":"#","is_external":"","nofollow":""},"_id":"752e454","image":{"url":"","id":""}}],"heading_color":"#191919","heading_typography_typography":"custom","heading_typography_font_family":"Lora","heading_typography_font_size":{"unit":"px","size":23},"heading_typography_font_weight":"100","heading_typography_line_height":{"unit":"em","size":1.6},"heading_typography_letter_spacing":{"unit":"px","size":0.1},"description_color":"#545454","description_typography_typography":"custom","description_typography_font_family":"Josefin Sans","description_typography_font_size":{"unit":"px","size":17},"description_typography_font_weight":"300","description_typography_line_height":{"unit":"em","size":1.5},"separator_style":"solid","separator_weight":{"unit":"px","size":1},"separator_color":"rgba(0,0,0,0.06)","separator_spacing":{"unit":"px","size":40},"image_spacing":{"unit":"px","size":""},"row_gap":{"unit":"px","size":45},"vertical_align":"top","_margin":{"unit":"px","top":"80","right":"0","bottom":"0","left":"0","isLinked":false},"_margin_mobile":{"unit":"px","top":"40","right":"0","bottom":"0","left":"0","isLinked":false}},"elements":[],"isInner":false,"widgetType":"price-list","elType":"widget"}],"isInner":false,"elType":"column"}],"isInner":false,"elType":"section"},{"id":"188c","settings":{"content_width":{"unit":"px","size":836},"height":"min-height","background_background":"classic","background_color":"#f7f3ed","background_image":{"id":953,"url":"http:\/\/localhost\/checkupdate\/wp-content\/uploads\/2018\/03\/Brushoverlay04.png"},"background_position":"bottom left","background_size":"cover","background_overlay_background":"classic","background_overlay_image":{"id":956,"url":"http:\/\/localhost\/checkupdate\/wp-content\/uploads\/2018\/03\/6thDishRender2.png"},"background_overlay_position":"bottom left","background_overlay_repeat":"no-repeat","background_overlay_size":"contain","background_overlay_opacity":{"unit":"px","size":1},"padding":{"unit":"px","top":"0","right":"0","bottom":"400","left":"0","isLinked":false},"margin_mobile":{"unit":"px","top":"","right":0,"bottom":"","left":0,"isLinked":true},"padding_tablet":{"unit":"px","top":"0","right":"30","bottom":"250","left":"30","isLinked":false},"padding_mobile":{"unit":"px","top":"60","right":"12","bottom":"100","left":"12","isLinked":false}},"elements":[{"id":"59bf","settings":{"_column_size":100,"_inline_size":null},"elements":[{"id":"7660","settings":{"title":"Main Courses ","header_size":"h3","align":"center","title_color":"#191919","typography_typography":"custom","typography_font_size":{"unit":"px","size":45},"typography_font_family":"Lora","typography_font_weight":"100","typography_letter_spacing":{"unit":"px","size":0.1},"typography_line_height":{"unit":"px","size":""},"typography_font_size_mobile":{"unit":"px","size":38}},"elements":[],"isInner":false,"widgetType":"heading","elType":"widget"},{"id":"5719","settings":{"style":"double","weight":{"unit":"px","size":4},"color":"#9b1f1a","width":{"unit":"px","size":75},"gap":{"unit":"px","size":5},"_margin":{"unit":"px","top":"-10","right":"0","bottom":"0","left":"0","isLinked":false},"align":"center"},"elements":[],"isInner":false,"widgetType":"divider","elType":"widget"},{"id":"63de","settings":{"price_list":[{"title":"Beef Tenderloin","item_description":"Pea horseradish azuki bean lettuce avocado asparagus okra. Kohlrabi radish okra azuki bean\n","price":"$8.00","link":{"url":"#","is_external":"","nofollow":""},"_id":"6ad3755","image":{"url":"","id":""}},{"title":"Delmonico","item_description":"Corn fava bean mustard tigernut j\u00edcama green bean celtuce collard greens Pea horseradish azuki\n","price":"$11.00","link":{"url":"#","is_external":"","nofollow":""},"_id":"4342d62","image":{"url":"","id":""}},{"title":"Prime Rib","item_description":"Avocado quandong fennel gumbo black-eyed pea bean corn fava bean mustard tigernut","price":"$4.75","link":{"url":"#","is_external":"","nofollow":""},"_id":"9456a58","image":{"url":"","id":""}},{"title":"New Orleans Bouillabaisse","item_description":"Pea horseradish azuki bean lettuce avocado asparagus okra. Kohlrabi radish okra azuki bean\n","price":"$6.50","link":{"url":"#","is_external":"","nofollow":""},"_id":"3978e55","image":{"url":"","id":""}},{"title":"Coho Salmon","item_description":"Corn fava bean mustard tigernut j\u00edcama green bean celtuce collard greens Pea horseradish azuki\n","price":"$9,00","link":{"url":"#","is_external":"","nofollow":""},"_id":"6be7af0","image":{"url":"","id":""}},{"title":"Duck","item_description":"Avocado quandong fennel gumbo black-eyed pea bean corn fava bean mustard tigernut","price":"$7,90","link":{"url":"#","is_external":"","nofollow":""},"_id":"1ca64e1","image":{"url":"","id":""}},{"title":"Oregon Trout","item_description":"Pea horseradish azuki bean lettuce avocado asparagus okra. Kohlrabi radish okra azuki bean\n","price":"$5,00","link":{"url":"#","is_external":"","nofollow":""},"_id":"752e454","image":{"url":"","id":""}}],"heading_color":"#191919","heading_typography_typography":"custom","heading_typography_font_family":"Lora","heading_typography_font_size":{"unit":"px","size":23},"heading_typography_font_weight":"100","heading_typography_line_height":{"unit":"em","size":1.6},"heading_typography_letter_spacing":{"unit":"px","size":0.1},"description_color":"#545454","description_typography_typography":"custom","description_typography_font_family":"Josefin Sans","description_typography_font_size":{"unit":"px","size":17},"description_typography_font_weight":"300","description_typography_line_height":{"unit":"em","size":1.5},"separator_style":"solid","separator_weight":{"unit":"px","size":1},"separator_color":"rgba(0,0,0,0.06)","separator_spacing":{"unit":"px","size":40},"image_spacing":{"unit":"px","size":""},"row_gap":{"unit":"px","size":45},"vertical_align":"top","_margin":{"unit":"px","top":"100","right":"0","bottom":"0","left":"0","isLinked":false},"_margin_mobile":{"unit":"px","top":"40","right":"0","bottom":"0","left":"0","isLinked":false}},"elements":[],"isInner":false,"widgetType":"price-list","elType":"widget"}],"isInner":false,"elType":"column"}],"isInner":false,"elType":"section"},{"id":"5051","settings":{"content_width":{"unit":"px","size":836},"height":"min-height","background_background":"classic","background_image":{"id":957,"url":"http:\/\/localhost\/checkupdate\/wp-content\/uploads\/2018\/03\/8thDishRender2.png"},"background_position":"bottom right","background_repeat":"no-repeat","background_size":"cover","padding":{"unit":"px","top":"100","right":"0","bottom":"300","left":"0","isLinked":false},"margin_mobile":{"unit":"px","top":"","right":0,"bottom":"","left":0,"isLinked":true},"padding_tablet":{"unit":"px","top":"0","right":"30","bottom":"280","left":"30","isLinked":false},"padding_mobile":{"unit":"px","top":"60","right":"12","bottom":"100","left":"12","isLinked":false}},"elements":[{"id":"3178","settings":{"_column_size":100,"_inline_size":null},"elements":[{"id":"4bd5","settings":{"title":"Beverages","header_size":"h3","align":"center","title_color":"#191919","typography_typography":"custom","typography_font_size":{"unit":"px","size":45},"typography_font_family":"Lora","typography_font_weight":"100","typography_letter_spacing":{"unit":"px","size":0.1},"typography_line_height":{"unit":"px","size":""},"typography_font_size_mobile":{"unit":"px","size":38}},"elements":[],"isInner":false,"widgetType":"heading","elType":"widget"},{"id":"5fea","settings":{"style":"double","weight":{"unit":"px","size":4},"color":"#9b1f1a","width":{"unit":"px","size":75},"gap":{"unit":"px","size":5},"_margin":{"unit":"px","top":"-10","right":"0","bottom":"0","left":"0","isLinked":false},"align":"center"},"elements":[],"isInner":false,"widgetType":"divider","elType":"widget"},{"id":"52db","settings":{"price_list":[{"title":"Beef Tenderloin","item_description":"Pea horseradish azuki bean lettuce avocado asparagus okra. Kohlrabi radish okra azuki bean\n","price":"$8.00","link":{"url":"#","is_external":"","nofollow":""},"_id":"6ad3755","image":{"url":"","id":""}},{"title":"Delmonico","item_description":"Corn fava bean mustard tigernut j\u00edcama green bean celtuce collard greens Pea horseradish azuki\n","price":"$11.00","link":{"url":"#","is_external":"","nofollow":""},"_id":"4342d62","image":{"url":"","id":""}},{"title":"Prime Rib","item_description":"Avocado quandong fennel gumbo black-eyed pea bean corn fava bean mustard tigernut","price":"$4.75","link":{"url":"#","is_external":"","nofollow":""},"_id":"9456a58","image":{"url":"","id":""}},{"title":"New Orleans Bouillabaisse","item_description":"Pea horseradish azuki bean lettuce avocado asparagus okra. Kohlrabi radish okra azuki bean\n","price":"$6.50","link":{"url":"#","is_external":"","nofollow":""},"_id":"3978e55","image":{"url":"","id":""}},{"title":"Coho Salmon","item_description":"Corn fava bean mustard tigernut j\u00edcama green bean celtuce collard greens Pea horseradish azuki\n","price":"$9,00","link":{"url":"#","is_external":"","nofollow":""},"_id":"6be7af0","image":{"url":"","id":""}},{"title":"Duck","item_description":"Avocado quandong fennel gumbo black-eyed pea bean corn fava bean mustard tigernut","price":"$7,90","link":{"url":"#","is_external":"","nofollow":""},"_id":"1ca64e1","image":{"url":"","id":""}},{"title":"Oregon Trout","item_description":"Pea horseradish azuki bean lettuce avocado asparagus okra. Kohlrabi radish okra azuki bean\n","price":"$5,00","link":{"url":"#","is_external":"","nofollow":""},"_id":"752e454","image":{"url":"","id":""}}],"heading_color":"#191919","heading_typography_typography":"custom","heading_typography_font_family":"Lora","heading_typography_font_size":{"unit":"px","size":23},"heading_typography_font_weight":"100","heading_typography_line_height":{"unit":"em","size":1.6},"heading_typography_letter_spacing":{"unit":"px","size":0.1},"description_color":"#545454","description_typography_typography":"custom","description_typography_font_family":"Josefin Sans","description_typography_font_size":{"unit":"px","size":17},"description_typography_font_weight":"300","description_typography_line_height":{"unit":"em","size":1.5},"separator_style":"solid","separator_weight":{"unit":"px","size":1},"separator_color":"rgba(0,0,0,0.06)","separator_spacing":{"unit":"px","size":40},"image_spacing":{"unit":"px","size":""},"row_gap":{"unit":"px","size":45},"vertical_align":"top","_margin":{"unit":"px","top":"80","right":"0","bottom":"0","left":"0","isLinked":false},"_margin_mobile":{"unit":"px","top":"40","right":"0","bottom":"0","left":"0","isLinked":false}},"elements":[],"isInner":false,"widgetType":"price-list","elType":"widget"}],"isInner":false,"elType":"column"}],"isInner":false,"elType":"section"}],"page_settings":{"hide_title":"yes"}}