{"version":"0.4","title":"Homepage \u2013 Copywriter","type":"page","content":[{"id":"67c","settings":{"content_width":{"unit":"px","size":"1040"},"custom_height":{"unit":"vh","size":""},"background_background":"gradient","background_color":"#eacda3","background_color_b":"#d6ae7b","background_gradient_angle":{"unit":"deg","size":230},"background_overlay_background":"classic","background_overlay_image":{"id":292,"url":"http:\/\/localhost\/checkupdate\/wp-content\/uploads\/2018\/03\/PR-054-SI-23_10_12-984.png"},"background_overlay_position":"bottom right","background_overlay_repeat":"no-repeat","background_overlay_opacity":{"unit":"px","size":1},"shape_divider_bottom":"triangle-asymmetrical","shape_divider_bottom_height":{"unit":"px","size":239},"shape_divider_bottom_negative":"yes","padding":{"unit":"px","top":"180","right":"0","bottom":"180","left":"0","isLinked":false},"margin":{"unit":"px","top":"0","right":0,"bottom":"0","left":0,"isLinked":false},"shape_divider_bottom_width":{"unit":"%","size":128},"shape_divider_bottom_width_mobile":{"unit":"%","size":300},"padding_tablet":{"unit":"px","top":"150","right":"30","bottom":"200","left":"30","isLinked":false}},"elements":[{"id":"96f","settings":{"_column_size":100,"_inline_size":null,"margin":{"unit":"%","top":"0","right":"55","bottom":"0","left":"0","isLinked":false}},"elements":[{"id":"6550","settings":{"title":"Copywriter","title_color":"#1e130c","typography_typography":"custom","typography_font_size":{"unit":"px","size":67},"typography_font_family":"Special Elite","typography_font_weight":"normal","typography_font_size_tablet":{"unit":"px","size":"39"}},"elements":[],"isInner":false,"widgetType":"heading","elType":"widget"},{"id":"3349","settings":{"editor":"<p>I am text block. Click edit button to change this text. Lorem ipsum dolor sit amet, consectetur adipiscing elit. Ut elit tellus, luctus nec ullamcorper mattis, pulvinar dapibus leo.<\/p>","text_color":"#ffffff","typography_typography":"custom","typography_font_size":{"unit":"px","size":17},"typography_font_family":"Raleway","typography_line_height":{"unit":"em","size":1.7}},"elements":[],"isInner":false,"widgetType":"text-editor","elType":"widget"},{"id":"444e","settings":{"social_icon_list":[{"social":"fa fa-facebook","_id":"yu057es","link":{"url":"","is_external":"true","nofollow":""}},{"social":"fa fa-twitter","_id":"gqdzf8f","link":{"url":"","is_external":"true","nofollow":""}},{"social":"fa fa-google-plus","_id":"j25ve7o","link":{"url":"","is_external":"true","nofollow":""}}],"shape":"circle","align":"left","icon_color":"custom","icon_primary_color":"#eacda3","icon_secondary_color":"#1e130c","icon_size":{"unit":"px","size":"17"},"icon_padding":{"unit":"em","size":"1"},"icon_spacing":{"unit":"px","size":"15"},"_padding":{"unit":"px","top":"30","right":"0","bottom":"50","left":"0","isLinked":false},"align_tablet":"left"},"elements":[],"isInner":false,"widgetType":"social-icons","elType":"widget"}],"isInner":false,"elType":"column"}],"isInner":false,"elType":"section"},{"id":"77b2","settings":{"content_width":{"unit":"px","size":"1080"},"gap":"wide","structure":"30","padding":{"unit":"px","top":"70","right":"0","bottom":"0","left":"0","isLinked":false},"padding_mobile":{"unit":"px","top":"0","right":"25","bottom":"0","left":"25","isLinked":false}},"elements":[{"id":"4d8b","settings":{"_column_size":33,"_inline_size":null},"elements":[{"id":"3b05","settings":{"title":"Content marketing","header_size":"h4","title_color":"#1e130c","typography_typography":"custom","typography_font_size":{"unit":"px","size":"29"},"typography_font_family":"Special Elite","typography_font_weight":"bold"},"elements":[],"isInner":false,"widgetType":"heading","elType":"widget"},{"id":"575a","settings":{"editor":"<p>Lorem ipsum dolor sit amet, consectetur adipiscing elit. Ut elit tellus, luctus nec ullamcorper mattis, pulvinar dapibus leo.<\/p>","text_color":"#1e130c","typography_typography":"custom","typography_font_size":{"unit":"px","size":"15"},"typography_font_family":"Raleway","typography_line_height":{"unit":"em","size":2}},"elements":[],"isInner":false,"widgetType":"text-editor","elType":"widget"}],"isInner":false,"elType":"column"},{"id":"f26","settings":{"_column_size":33,"_inline_size":null},"elements":[{"id":"e68","settings":{"title":"Brainstorming","header_size":"h4","title_color":"#1e130c","typography_typography":"custom","typography_font_size":{"unit":"px","size":"29"},"typography_font_family":"Special Elite","typography_font_weight":"bold"},"elements":[],"isInner":false,"widgetType":"heading","elType":"widget"},{"id":"281","settings":{"editor":"<p>Lorem ipsum dolor sit amet, consectetur adipiscing elit. Ut elit tellus, luctus nec ullamcorper mattis, pulvinar dapibus leo.<\/p>","text_color":"#1e130c","typography_typography":"custom","typography_font_size":{"unit":"px","size":"15"},"typography_font_family":"Raleway","typography_line_height":{"unit":"em","size":2}},"elements":[],"isInner":false,"widgetType":"text-editor","elType":"widget"}],"isInner":false,"elType":"column"},{"id":"45bd","settings":{"_column_size":33,"_inline_size":null},"elements":[{"id":"3767","settings":{"title":"Tools of the trade","header_size":"h4","title_color":"#1e130c","typography_typography":"custom","typography_font_size":{"unit":"px","size":"29"},"typography_font_family":"Special Elite","typography_font_weight":"bold"},"elements":[],"isInner":false,"widgetType":"heading","elType":"widget"},{"id":"2914","settings":{"editor":"<p>Lorem ipsum dolor sit amet, consectetur adipiscing elit. Ut elit tellus, luctus nec ullamcorper mattis, pulvinar dapibus leo.<\/p>","text_color":"#1e130c","typography_typography":"custom","typography_font_size":{"unit":"px","size":"15"},"typography_font_family":"Raleway","typography_line_height":{"unit":"em","size":2}},"elements":[],"isInner":false,"widgetType":"text-editor","elType":"widget"}],"isInner":false,"elType":"column"}],"isInner":false,"elType":"section"},{"id":"6198","settings":{"content_width":{"unit":"px","size":"1080"},"gap":"wide","structure":"30","padding":{"unit":"px","top":"60","right":"0","bottom":"70","left":"0","isLinked":false},"padding_mobile":{"unit":"px","top":"0","right":"25","bottom":"25","left":"25","isLinked":false}},"elements":[{"id":"b9","settings":{"_column_size":33,"_inline_size":null},"elements":[{"id":"6303","settings":{"title":"Lectures","header_size":"h4","title_color":"#1e130c","typography_typography":"custom","typography_font_size":{"unit":"px","size":"29"},"typography_font_family":"Special Elite","typography_font_weight":"bold"},"elements":[],"isInner":false,"widgetType":"heading","elType":"widget"},{"id":"4280","settings":{"editor":"<p>Lorem ipsum dolor sit amet, consectetur adipiscing elit. Ut elit tellus, luctus nec ullamcorper mattis, pulvinar dapibus leo.<\/p>","text_color":"#1e130c","typography_typography":"custom","typography_font_size":{"unit":"px","size":"15"},"typography_font_family":"Raleway","typography_line_height":{"unit":"em","size":2}},"elements":[],"isInner":false,"widgetType":"text-editor","elType":"widget"}],"isInner":false,"elType":"column"},{"id":"6ac","settings":{"_column_size":33,"_inline_size":null},"elements":[{"id":"5cfe","settings":{"title":"Books","header_size":"h4","title_color":"#1e130c","typography_typography":"custom","typography_font_size":{"unit":"px","size":"29"},"typography_font_family":"Special Elite","typography_font_weight":"bold"},"elements":[],"isInner":false,"widgetType":"heading","elType":"widget"},{"id":"2c5f","settings":{"editor":"<p>Lorem ipsum dolor sit amet, consectetur adipiscing elit. Ut elit tellus, luctus nec ullamcorper mattis, pulvinar dapibus leo.<\/p>","text_color":"#1e130c","typography_typography":"custom","typography_font_size":{"unit":"px","size":"15"},"typography_font_family":"Raleway","typography_line_height":{"unit":"em","size":2}},"elements":[],"isInner":false,"widgetType":"text-editor","elType":"widget"}],"isInner":false,"elType":"column"},{"id":"2f7b","settings":{"_column_size":33,"_inline_size":null},"elements":[{"id":"6f75","settings":{"title":"Biograpy","header_size":"h4","title_color":"#1e130c","typography_typography":"custom","typography_font_size":{"unit":"px","size":"29"},"typography_font_family":"Special Elite","typography_font_weight":"bold"},"elements":[],"isInner":false,"widgetType":"heading","elType":"widget"},{"id":"4b0a","settings":{"editor":"<p>Lorem ipsum dolor sit amet, consectetur adipiscing elit. Ut elit tellus, luctus nec ullamcorper mattis, pulvinar dapibus leo.<\/p>","text_color":"#1e130c","typography_typography":"custom","typography_font_size":{"unit":"px","size":"15"},"typography_font_family":"Raleway","typography_line_height":{"unit":"em","size":2}},"elements":[],"isInner":false,"widgetType":"text-editor","elType":"widget"}],"isInner":false,"elType":"column"}],"isInner":false,"elType":"section"},{"id":"182d","settings":{"content_width":{"unit":"px","size":"1040"},"custom_height":{"unit":"vh","size":100},"structure":"20","background_background":"classic","background_color_b":"#d6ae7b","background_gradient_angle":{"unit":"deg","size":60},"background_size":"cover","background_overlay_background":"classic","background_overlay_color":"#000000","background_overlay_position":"bottom right","background_overlay_repeat":"no-repeat","background_overlay_opacity":{"unit":"px","size":0.66},"shape_divider_top":"tilt","shape_divider_top_height":{"unit":"px","size":"200"},"shape_divider_top_negative":"yes","shape_divider_bottom_height":{"unit":"px","size":"70"},"shape_divider_bottom_flip":"yes","shape_divider_bottom_negative":"yes","padding":{"unit":"px","top":"250","right":"0","bottom":"100","left":"0","isLinked":false},"background_image":{"id":295,"url":"http:\/\/localhost\/checkupdate\/wp-content\/uploads\/2018\/03\/9l_326fiszk-luca-bravo.jpg"},"shape_divider_top_color":"#ffffff","shape_divider_bottom_color":"#ead8be","shape_divider_top_height_tablet":{"unit":"px","size":135},"padding_tablet":{"unit":"px","top":"190","right":"30","bottom":"30","left":"30","isLinked":false},"padding_mobile":{"unit":"px","top":"120","right":"30","bottom":"50","left":"30","isLinked":false}},"elements":[{"id":"dd6","settings":{"_column_size":50,"_inline_size":null,"margin":{"unit":"%","top":"","right":"","bottom":"","left":"","isLinked":true}},"elements":[{"id":"df1","settings":{"title":"My Work","align":"left","title_color":"#ffffff","typography_typography":"custom","typography_font_size":{"unit":"px","size":"64"},"typography_font_family":"Special Elite","typography_font_weight":"normal","typography_font_size_tablet":{"unit":"px","size":"39"}},"elements":[],"isInner":false,"widgetType":"heading","elType":"widget"}],"isInner":false,"elType":"column"},{"id":"7f44","settings":{"_column_size":50,"_inline_size":null},"elements":[{"id":"4857","settings":{"price_list":[{"title":"Travels from a plane","item_description":"","price":"$20","link":{"url":"#","is_external":"","nofollow":""},"_id":"58s9r9u","image":{"url":"","id":""}},{"title":"The never ending story of success","item_description":"","price":"$20","link":{"url":"#","is_external":"","nofollow":""},"_id":"0f0ph4e","image":{"url":"","id":""}},{"title":"Grounds for freedom","item_description":"","price":"$20","link":{"url":"#","is_external":"","nofollow":""},"_id":"g1lqaci","image":{"url":"","id":""}},{"title":"The intrinsic quality of mice","item_description":"","price":"$20","link":{"url":"#","is_external":"","nofollow":""},"_id":"7bfl36c","image":{"url":"","id":""}},{"title":"Trying out for mentors","item_description":"","price":"$20","link":{"url":"#","is_external":"","nofollow":""},"_id":"ota144d","image":{"url":"","id":""}},{"title":"Going for glory","item_description":"","price":"$20","link":{"url":"#","is_external":"","nofollow":""},"_id":"veki6b7","image":{"url":"","id":""}}],"heading_color":"#eae6de","heading_typography_typography":"custom","heading_typography_font_family":"Roboto Mono","description_color":"#ffffff","separator_color":"rgba(234,205,163,0.31)","heading_typography_line_height":{"unit":"em","size":1},"heading_typography_letter_spacing":{"unit":"px","size":"-1.5"}},"elements":[],"isInner":false,"widgetType":"price-list","elType":"widget"}],"isInner":false,"elType":"column"}],"isInner":false,"elType":"section"},{"id":"a29","settings":{"content_width":{"unit":"px","size":649},"custom_height":{"unit":"vh","size":60},"background_background":"classic","background_color_b":"#d6ae7b","background_gradient_angle":{"unit":"deg","size":60},"background_size":"cover","background_overlay_background":"classic","background_overlay_position":"bottom right","background_overlay_repeat":"no-repeat","background_overlay_opacity":{"unit":"px","size":0.87},"shape_divider_top_height":{"unit":"px","size":"200"},"shape_divider_top_flip":"yes","shape_divider_top_negative":"yes","shape_divider_bottom_height":{"unit":"px","size":"200"},"shape_divider_bottom_negative":"yes","padding":{"unit":"px","top":"100","right":"0","bottom":"200","left":"0","isLinked":false},"background_color":"#d6ae7b","shape_divider_top_color":"#ffffff","shape_divider_bottom":"tilt","shape_divider_bottom_height_tablet":{"unit":"px","size":"135"},"padding_mobile":{"unit":"px","top":"50","right":"30","bottom":"140","left":"30","isLinked":false}},"elements":[{"id":"4bb0","settings":{"_column_size":100,"_inline_size":null,"margin":{"unit":"%","top":"","right":"","bottom":"","left":"","isLinked":true}},"elements":[{"id":"3162","settings":{"icon":"fa fa-quote-left","primary_color":"#ffffff","_padding":{"unit":"px","top":"0","right":"0","bottom":"20","left":"0","isLinked":false}},"elements":[],"isInner":false,"widgetType":"icon","elType":"widget"},{"id":"12f3","settings":{"testimonial_content":"Click edit button to change this text. Lorem ipsum dolor sit amet, consectetur adipiscing elit. Ut elit tellus, luctus nec ullamcorper mattis, pulvinar dapibus leo.","testimonial_image":{"id":297,"url":"http:\/\/localhost\/checkupdate\/wp-content\/uploads\/2018\/03\/11-1-1.png"},"testimonial_name":"Aaron Fox","testimonial_job":"Time Magazine ","testimonial_image_position":"top","content_content_color":"#1e130c","content_typography_typography":"custom","content_typography_font_family":"Raleway","image_size":{"unit":"px","size":107},"image_border_border":"solid","image_border_width":{"unit":"px","top":"5","right":"5","bottom":"5","left":"5","isLinked":true},"image_border_color":"rgba(255,255,255,0.57)","name_text_color":"#ffffff","name_typography_typography":"custom","name_typography_font_size":{"unit":"px","size":"30"},"name_typography_font_family":"Special Elite","job_text_color":"#1e130c","job_typography_typography":"custom","job_typography_font_size":{"unit":"px","size":"15"},"job_typography_font_family":"Raleway"},"elements":[],"isInner":false,"widgetType":"testimonial","elType":"widget"}],"isInner":false,"elType":"column"}],"isInner":false,"elType":"section"},{"id":"1fe5","settings":{"background_background":"classic","background_color":"#ffffff","shape_divider_top_color":"#eacda3","padding":{"unit":"px","top":"50","right":"0","bottom":"75","left":"0","isLinked":false},"content_width":{"unit":"px","size":"1040"},"padding_tablet":{"unit":"px","top":"30","right":"30","bottom":"30","left":"30","isLinked":true}},"elements":[{"id":"72dc","settings":{"_column_size":100,"_inline_size":null},"elements":[{"id":"1ae","settings":{"title":"Articles","title_color":"#1e130c","typography_typography":"custom","typography_font_size":{"unit":"px","size":67},"typography_font_family":"Special Elite","typography_font_weight":"normal","align":"center","_padding":{"unit":"px","top":"0","right":"0","bottom":"80","left":"0","isLinked":false},"typography_font_size_mobile":{"unit":"px","size":"39"},"_padding_mobile":{"unit":"px","top":"0","right":"0","bottom":"20","left":"0","isLinked":false}},"elements":[],"isInner":false,"widgetType":"heading","elType":"widget"},{"id":"6b4f","settings":{"classic_posts_per_page":"3","classic_meta_separator":"\/\/\/","classic_read_more_text":"Read More \u00bb","offset":"","classic_column_gap":{"unit":"px","size":40},"classic_title_color":"#000000","classic_title_typography_typography":"custom","classic_title_typography_font_size":{"unit":"px","size":"21"},"classic_title_typography_font_family":"Special Elite","classic_title_typography_line_height":{"unit":"em","size":2.7},"classic_title_typography_letter_spacing":{"unit":"px","size":"0"},"classic_excerpt_color":"#4a4a4a","classic_excerpt_typography_typography":"custom","classic_excerpt_typography_font_family":"Raleway","classic_read_more_color":"#d6ae7b","classic_read_more_typography_typography":"custom","classic_read_more_typography_font_size":{"unit":"px","size":17},"classic_read_more_typography_font_family":"Raleway","pagination_type":"prev_next","pagination_page_limit":"5","pagination_prev_label":"&laquo; Previous","pagination_next_label":"Next &raquo;","pagination_hover_color":"#000000","pagination_active_color":"#d6ae7b","pagination_spacing":{"unit":"px","size":36},"columns_tablet":"3","post_type":"post","cards_meta_separator":"\u2022","cards_read_more_text":"Read More \u00bb"},"elements":[],"isInner":false,"widgetType":"posts","elType":"widget"}],"isInner":false,"elType":"column"}],"isInner":false,"elType":"section"},{"id":"7547","settings":{"content_width":{"unit":"px","size":"1040"},"height":"min-height","custom_height":{"unit":"vh","size":60},"structure":"20","background_background":"classic","background_color_b":"#d6ae7b","background_gradient_angle":{"unit":"deg","size":60},"background_size":"cover","background_overlay_background":"classic","background_overlay_color":"rgba(0,0,0,0.73)","background_overlay_position":"bottom right","background_overlay_repeat":"no-repeat","background_overlay_opacity":{"unit":"px","size":0.87},"shape_divider_top":"triangle-asymmetrical","shape_divider_top_height":{"unit":"px","size":222},"shape_divider_top_negative":"yes","shape_divider_bottom_height":{"unit":"px","size":"200"},"shape_divider_bottom_flip":"yes","shape_divider_bottom_negative":"yes","padding":{"unit":"px","top":"120","right":"0","bottom":"0","left":"0","isLinked":false},"background_color":"#000000","background_image":{"id":300,"url":"http:\/\/localhost\/checkupdate\/wp-content\/uploads\/2018\/03\/architecture_2.jpg"},"shape_divider_top_color":"#ffffff","shape_divider_top_width_mobile":{"unit":"%","size":217},"padding_tablet":{"unit":"px","top":"120","right":"30","bottom":"30","left":"30","isLinked":false}},"elements":[{"id":"60c8","settings":{"_column_size":50,"_inline_size":null,"margin":{"unit":"%","top":"0","right":"15","bottom":"0","left":"0","isLinked":false}},"elements":[{"id":"aba","settings":{"title":"Contact me","align":"left","title_color":"#ffffff","typography_typography":"custom","typography_font_size":{"unit":"px","size":"64"},"typography_font_family":"Special Elite","typography_font_weight":"normal","typography_font_size_tablet":{"unit":"px","size":39}},"elements":[],"isInner":false,"widgetType":"heading","elType":"widget"},{"id":"6d6b","settings":{"editor":"<p>I am text block. Click edit button to change this text. Lorem ipsum dolor sit amet, consectetur adipiscing elit.\u00a0<\/p>","text_color":"#ffffff","typography_typography":"custom","typography_font_size":{"unit":"px","size":"15"},"typography_font_family":"Raleway","typography_line_height":{"unit":"em","size":1.7}},"elements":[],"isInner":false,"widgetType":"text-editor","elType":"widget"}],"isInner":false,"elType":"column"},{"id":"1886","settings":{"_column_size":50,"_inline_size":null},"elements":[{"id":"5561","elType":"widget","settings":{"form_name":"New Form","form_fields":[{"field_type":"text","field_label":"Name","placeholder":"Name","width":"100","_id":"v7m0cgp","required":"","field_options":"","inline_list":"","width_tablet":"","width_mobile":"","rows":4,"recaptcha_size":"normal","recaptcha_style":"light","css_classes":"","field_value":"","file_sizes":"","file_types":"","allow_multiple_upload":"","max_files":"","acceptance_text":"","checked_by_default":"","field_min":"","field_max":"","min_date":"","max_date":"","use_native_date":"","use_native_time":"","allow_multiple":"","select_size":"","field_html":""},{"field_type":"email","required":true,"field_label":"Email","placeholder":"Email","width":"100","_id":"1tiwszt","field_options":"","inline_list":"","width_tablet":"","width_mobile":"","rows":4,"recaptcha_size":"normal","recaptcha_style":"light","css_classes":"","field_value":"","file_sizes":"","file_types":"","allow_multiple_upload":"","max_files":"","acceptance_text":"","checked_by_default":"","field_min":"","field_max":"","min_date":"","max_date":"","use_native_date":"","use_native_time":"","allow_multiple":"","select_size":"","field_html":""},{"field_type":"textarea","field_label":"Message","placeholder":"Message","width":"100","_id":"ymymxv2","required":"","field_options":"","inline_list":"","width_tablet":"","width_mobile":"","rows":4,"recaptcha_size":"normal","recaptcha_style":"light","css_classes":"","field_value":"","file_sizes":"","file_types":"","allow_multiple_upload":"","max_files":"","acceptance_text":"","checked_by_default":"","field_min":"","field_max":"","min_date":"","max_date":"","use_native_date":"","use_native_time":"","allow_multiple":"","select_size":"","field_html":""}],"button_text":"Send","success_message":"The message was sent successfully!","error_message":"There's something wrong... Please fill in the required fields.","required_field_message":"Required","invalid_message":"There's something wrong... The form is invalid.","show_labels":"","button_typography_typography":"custom","button_typography_font_size":{"unit":"px","size":"20"},"button_typography_font_family":"Special Elite","button_typography_font_weight":"bold","button_typography_text_transform":"uppercase","button_typography_line_height":{"unit":"em","size":"2"},"button_typography_letter_spacing":{"unit":"px","size":3.5},"button_background_color":"#d6ae7b","field_border_radius":{"unit":"px","top":"0","right":"0","bottom":"0","left":"0","isLinked":true},"button_border_radius":{"unit":"px","top":"0","right":"0","bottom":"0","left":"0","isLinked":true},"email_to":"no-reply@elementor.com","email_subject":"New message from \"Library\"","email_from":"email@library.elementor.com","email_from_name":"Library","email_content":"[all-fields]","email_to_2":"vuducanh18394@gmail.com","email_subject_2":"New message from \"check\"","email_content_2":"[all-fields]","email_from_2":"email@localhost","email_from_name_2":"check","email_reply_to_2":"vuducanh18394@gmail.com"},"elements":[],"widgetType":"form"}],"isInner":false,"elType":"column"}],"isInner":false,"elType":"section"}],"page_settings":{"hide_title":"yes"}}