{"version":"0.4","title":"Landing Page \u2013 Ebook 3","type":"page","content":[{"id":"5375","settings":{"content_position":"middle","structure":"20","background_background":"gradient","background_color":"#6af2be","background_color_stop":{"unit":"%","size":"25"},"background_color_b":"#1fc585","background_gradient_type":"radial","background_gradient_position":"center left","padding":{"unit":"px","top":"100","right":"0","bottom":"100","left":"0","isLinked":false},"gap":"no","padding_tablet":{"unit":"px","top":"70","right":"30","bottom":"70","left":"30","isLinked":false},"padding_mobile":{"unit":"px","top":"60","right":"20","bottom":"60","left":"20","isLinked":false},"reverse_order_mobile":"reverse-mobile"},"elements":[{"id":"7680","settings":{"_column_size":50,"_inline_size":"50.175"},"elements":[{"id":"6703","settings":{"image":{"id":524,"url":"http:\/\/localhost\/checkupdate\/wp-content\/uploads\/2018\/03\/10-2.png"},"_margin_tablet":{"unit":"px","top":"0","right":"20","bottom":"0","left":"0","isLinked":false},"_margin_mobile":{"unit":"px","top":"0","right":"0","bottom":"0","left":"0","isLinked":true}},"elements":[],"isInner":false,"widgetType":"image","elType":"widget"}],"isInner":false,"elType":"column"},{"id":"7aac","settings":{"_column_size":50,"_inline_size":"49.825","padding_mobile":{"unit":"px","top":"0","right":"10","bottom":"50","left":"10","isLinked":false}},"elements":[{"id":"24b9","settings":{"title":"A Guide to the Good Life: The Complete Manual","title_color":"#000000","typography_typography":"custom","typography_font_size":{"unit":"px","size":"52"},"typography_font_family":"Anton","typography_font_weight":"500","typography_line_height":{"unit":"em","size":"1.3"},"typography_letter_spacing":{"unit":"px","size":"1"},"align_mobile":"center","typography_font_size_tablet":{"unit":"px","size":"35"},"typography_font_size_mobile":{"unit":"px","size":"38"},"header_size":"h1"},"elements":[],"isInner":false,"widgetType":"heading","elType":"widget"},{"id":"30fe","settings":{"editor":"<p class=\"p1\">One of the great fears we face is that despite our efforts, we will discover that we have wasted our life. This book gives you the tools to overcome your fears and reach your dreams<\/p>","text_color":"#000000","typography_typography":"custom","typography_font_size":{"unit":"px","size":"20"},"typography_font_family":"Roboto","typography_font_weight":"300","typography_line_height":{"unit":"em","size":"1.6"},"_padding":{"unit":"px","top":"10","right":"0","bottom":"30","left":"0","isLinked":false},"align_mobile":"center","typography_font_size_tablet":{"unit":"px","size":"16"},"_padding_tablet":{"unit":"px","top":"0","right":"0","bottom":"20","left":"0","isLinked":false},"typography_font_size_mobile":{"unit":"px","size":"16"},"_padding_mobile":{"unit":"px","top":"10","right":"0","bottom":"10","left":"0","isLinked":false}},"elements":[],"isInner":false,"widgetType":"text-editor","elType":"widget"},{"id":"705f","settings":{"text":"read & be inspired","typography_typography":"custom","typography_font_size":{"unit":"px","size":"23"},"typography_font_family":"Roboto","typography_font_weight":"600","typography_text_transform":"capitalize","typography_letter_spacing":{"unit":"px","size":"2"},"button_text_color":"#000000","background_color":"#ffffff","hover_color":"#000000","button_background_hover_color":"rgba(0,0,0,0)","button_hover_border_color":"#000000","border_border":"solid","border_width":{"unit":"px","top":"4","right":"4","bottom":"4","left":"4","isLinked":true},"border_color":"#ffffff","border_radius":{"unit":"px","top":"50","right":"50","bottom":"50","left":"50","isLinked":true},"text_padding":{"unit":"px","top":"17","right":"40","bottom":"17","left":"40","isLinked":false},"align_mobile":"center","typography_font_size_tablet":{"unit":"px","size":"19"},"typography_font_size_mobile":{"unit":"px","size":"17"}},"elements":[],"isInner":false,"widgetType":"button","elType":"widget"}],"isInner":false,"elType":"column"}],"isInner":false,"elType":"section"},{"id":"7344","settings":{"structure":"30","background_background":"classic","background_color":"#f8faf9","padding":{"unit":"px","top":"100","right":"0","bottom":"0","left":"0","isLinked":false},"gap":"no","content_position":"middle","padding_tablet":{"unit":"px","top":"90","right":"30","bottom":"50","left":"30","isLinked":false},"padding_mobile":{"unit":"px","top":"50","right":"40","bottom":"0","left":"40","isLinked":false}},"elements":[{"id":"337b","settings":{"_column_size":33,"_inline_size":"39.123"},"elements":[{"id":"5f0a","settings":{"weight":{"unit":"px","size":"3"},"color":"#1fc585","width":{"unit":"%","size":"95"},"align":"left","_margin":{"unit":"px","top":"0","right":"0","bottom":"0","left":"0","isLinked":true},"_margin_tablet":{"unit":"px","top":"0","right":"0","bottom":"0","left":"0","isLinked":false},"_padding":{"unit":"px","top":"0","right":"0","bottom":"0","left":"0","isLinked":true},"align_mobile":"center","_margin_mobile":{"unit":"px","top":"0","right":"0","bottom":"0","left":"0","isLinked":true}},"elements":[],"isInner":false,"widgetType":"divider","elType":"widget"}],"isInner":false,"elType":"column"},{"id":"31f1","settings":{"_column_size":33,"_inline_size":"22.719"},"elements":[{"id":"1598","settings":{"title":"topics Covered ","align":"center","title_color":"#000000","typography_typography":"custom","typography_font_size":{"unit":"px","size":"35"},"typography_font_family":"Anton","typography_font_weight":"500","typography_text_transform":"capitalize","typography_line_height":{"unit":"em","size":"1.3"},"typography_letter_spacing":{"unit":"px","size":"1"},"typography_font_size_tablet":{"unit":"px","size":"24"},"header_size":"h3","typography_font_size_mobile":{"unit":"px","size":"30"}},"elements":[],"isInner":false,"widgetType":"heading","elType":"widget"}],"isInner":false,"elType":"column"},{"id":"c57","settings":{"_column_size":33,"_inline_size":"38.158"},"elements":[{"id":"61d6","settings":{"weight":{"unit":"px","size":"3"},"color":"#1fc585","width":{"unit":"%","size":"95"},"align":"right","_margin":{"unit":"px","top":"00","right":"00","bottom":"00","left":"00","isLinked":true},"align_mobile":"center","_margin_mobile":{"unit":"px","top":"0","right":"0","bottom":"0","left":"0","isLinked":true}},"elements":[],"isInner":false,"widgetType":"divider","elType":"widget"}],"isInner":false,"elType":"column"}],"isInner":false,"elType":"section"},{"id":"3e5","settings":{"gap":"no","structure":"40","background_background":"classic","background_color":"#f8faf9","padding":{"unit":"px","top":"40","right":"0","bottom":"70","left":"0","isLinked":false},"padding_tablet":{"unit":"px","top":"0","right":"30","bottom":"90","left":"30","isLinked":false},"margin_mobile":{"unit":"px","top":"0","right":0,"bottom":"0","left":0,"isLinked":true},"padding_mobile":{"unit":"px","top":"60","right":"20","bottom":"0","left":"20","isLinked":false}},"elements":[{"id":"4562","settings":{"_column_size":25,"_inline_size":null,"margin":{"unit":"%","top":"0","right":"10","bottom":"0","left":"0","isLinked":false},"margin_tablet":{"unit":"%","top":"0","right":"6","bottom":"0","left":"0","isLinked":false},"margin_mobile":{"unit":"px","top":"0","right":"0","bottom":"0","left":"0","isLinked":true},"padding_mobile":{"unit":"px","top":"0","right":"0","bottom":"60","left":"0","isLinked":false},"screen_sm":"custom","screen_sm_width":"50"},"elements":[{"id":"7c2d","settings":{"view":"stacked","icon":"fa fa-bolt","shape":"square","title_text":"Life Journal","description_text":"Lorem ipsum dolor sit amet adipiscing elit.","primary_color":"#1fc585","icon_space":{"unit":"px","size":"35"},"icon_size":{"unit":"px","size":"30"},"icon_padding":{"unit":"px","size":"18"},"title_bottom_space":{"unit":"px","size":8},"title_color":"#232323","title_typography_typography":"custom","title_typography_font_size":{"unit":"px","size":"20"},"title_typography_font_family":"Anton","title_typography_font_weight":"100","title_typography_text_transform":"capitalize","title_typography_letter_spacing":{"unit":"px","size":"1"},"description_color":"#444444","description_typography_typography":"custom","description_typography_font_size":{"unit":"px","size":"14"},"description_typography_font_family":"Roboto","description_typography_font_weight":"300","description_typography_line_height":{"unit":"em","size":"1.5"},"_padding":{"unit":"px","top":"15","right":"15","bottom":"15","left":"15","isLinked":true},"title_typography_font_size_tablet":{"unit":"px","size":"15"},"title_typography_font_size_mobile":{"unit":"px","size":"18"},"description_typography_font_size_mobile":{"unit":"px","size":"14"},"_margin_mobile":{"unit":"px","top":"0","right":"0","bottom":"0","left":"0","isLinked":true},"_padding_mobile":{"unit":"px","top":"0","right":"0","bottom":"0","left":"0","isLinked":true},"description_typography_font_size_tablet":{"unit":"px","size":"13"}},"elements":[],"isInner":false,"widgetType":"icon-box","elType":"widget"}],"isInner":false,"elType":"column"},{"id":"7fb0","settings":{"_column_size":25,"_inline_size":null,"margin":{"unit":"%","top":"0","right":"5","bottom":"0","left":"5","isLinked":false},"margin_tablet":{"unit":"%","top":"0","right":"3","bottom":"0","left":"3","isLinked":false},"padding_mobile":{"unit":"px","top":"0","right":"0","bottom":"60","left":"0","isLinked":false},"screen_sm":"custom","screen_sm_width":"50"},"elements":[{"id":"16f3","settings":{"view":"stacked","icon":"fa fa-adjust","shape":"square","title_text":"Case studies","description_text":"Lorem ipsum dolor sit amet adipiscing elit.","primary_color":"#1fc585","icon_space":{"unit":"px","size":"35"},"icon_size":{"unit":"px","size":"30"},"icon_padding":{"unit":"px","size":"18"},"title_bottom_space":{"unit":"px","size":8},"title_color":"#232323","title_typography_typography":"custom","title_typography_font_size":{"unit":"px","size":"20"},"title_typography_font_family":"Anton","title_typography_font_weight":"100","title_typography_text_transform":"capitalize","title_typography_letter_spacing":{"unit":"px","size":"1"},"description_color":"#444444","description_typography_typography":"custom","description_typography_font_size":{"unit":"px","size":"14"},"description_typography_font_family":"Roboto","description_typography_font_weight":"300","description_typography_line_height":{"unit":"em","size":"1.5"},"_padding":{"unit":"px","top":"15","right":"15","bottom":"15","left":"15","isLinked":true},"title_typography_font_size_tablet":{"unit":"px","size":"15"},"title_typography_font_size_mobile":{"unit":"px","size":"18"},"description_typography_font_size_mobile":{"unit":"px","size":"14"},"_padding_mobile":{"unit":"px","top":"0","right":"0","bottom":"0","left":"0","isLinked":true},"description_typography_font_size_tablet":{"unit":"px","size":"13"}},"elements":[],"isInner":false,"widgetType":"icon-box","elType":"widget"}],"isInner":false,"elType":"column"},{"id":"55ae","settings":{"_column_size":25,"_inline_size":null,"margin":{"unit":"%","top":"0","right":"5","bottom":"0","left":"5","isLinked":false},"margin_tablet":{"unit":"%","top":"0","right":"3","bottom":"0","left":"3","isLinked":false},"padding_mobile":{"unit":"px","top":"0","right":"0","bottom":"0","left":"0","isLinked":false},"screen_sm":"custom","screen_sm_width":"50"},"elements":[{"id":"2e29","settings":{"view":"stacked","icon":"fa fa-bandcamp","shape":"square","title_text":"get control","description_text":"Lorem ipsum dolor sit amet adipiscing elit.","primary_color":"#1fc585","icon_space":{"unit":"px","size":"35"},"icon_size":{"unit":"px","size":"30"},"icon_padding":{"unit":"px","size":"18"},"title_bottom_space":{"unit":"px","size":8},"title_color":"#232323","title_typography_typography":"custom","title_typography_font_size":{"unit":"px","size":"20"},"title_typography_font_family":"Anton","title_typography_font_weight":"100","title_typography_text_transform":"capitalize","title_typography_letter_spacing":{"unit":"px","size":"1"},"description_color":"#444444","description_typography_typography":"custom","description_typography_font_size":{"unit":"px","size":"14"},"description_typography_font_family":"Roboto","description_typography_font_weight":"300","description_typography_line_height":{"unit":"em","size":"1.5"},"_padding":{"unit":"px","top":"15","right":"15","bottom":"15","left":"15","isLinked":true},"title_typography_font_size_tablet":{"unit":"px","size":"15"},"title_typography_font_size_mobile":{"unit":"px","size":"18"},"description_typography_font_size_mobile":{"unit":"px","size":"14"},"_padding_mobile":{"unit":"px","top":"0","right":"0","bottom":"0","left":"0","isLinked":true},"description_typography_font_size_tablet":{"unit":"px","size":"13"}},"elements":[],"isInner":false,"widgetType":"icon-box","elType":"widget"}],"isInner":false,"elType":"column"},{"id":"66dc","settings":{"_column_size":25,"_inline_size":null,"margin":{"unit":"%","top":"0","right":"0","bottom":"0","left":"10","isLinked":false},"margin_tablet":{"unit":"%","top":"0","right":"0","bottom":"0","left":"3","isLinked":false},"margin_mobile":{"unit":"px","top":"0","right":"0","bottom":"0","left":"0","isLinked":true},"padding_mobile":{"unit":"px","top":"0","right":"0","bottom":"0","left":"0","isLinked":false},"screen_sm":"custom","screen_sm_width":"50"},"elements":[{"id":"2f4f","settings":{"view":"stacked","icon":"fa fa-book","shape":"square","title_text":"become unique","description_text":"Lorem ipsum dolor sit amet adipiscing elit.","primary_color":"#1fc585","icon_space":{"unit":"px","size":"35"},"icon_size":{"unit":"px","size":"30"},"icon_padding":{"unit":"px","size":"18"},"title_bottom_space":{"unit":"px","size":8},"title_color":"#232323","title_typography_typography":"custom","title_typography_font_size":{"unit":"px","size":"20"},"title_typography_font_family":"Anton","title_typography_font_weight":"100","title_typography_text_transform":"capitalize","title_typography_letter_spacing":{"unit":"px","size":"1"},"description_color":"#444444","description_typography_typography":"custom","description_typography_font_size":{"unit":"px","size":"14"},"description_typography_font_family":"Roboto","description_typography_font_weight":"300","description_typography_line_height":{"unit":"em","size":"1.5"},"_padding":{"unit":"px","top":"15","right":"15","bottom":"15","left":"15","isLinked":true},"title_typography_font_size_tablet":{"unit":"px","size":"15"},"title_typography_font_size_mobile":{"unit":"px","size":"18"},"description_typography_font_size_mobile":{"unit":"px","size":"14"},"_padding_mobile":{"unit":"px","top":"0","right":"0","bottom":"0","left":"0","isLinked":true},"description_typography_font_size_tablet":{"unit":"px","size":"13"}},"elements":[],"isInner":false,"widgetType":"icon-box","elType":"widget"}],"isInner":false,"elType":"column"}],"isInner":false,"elType":"section"},{"id":"4a9d","settings":{"content_position":"middle","structure":"20","padding":{"unit":"px","top":"100","right":"0","bottom":"100","left":"0","isLinked":false},"padding_tablet":{"unit":"px","top":"90","right":"0","bottom":"90","left":"10","isLinked":false},"margin_mobile":{"unit":"px","top":"0","right":0,"bottom":"0","left":0,"isLinked":true},"padding_mobile":{"unit":"px","top":"80","right":"0","bottom":"80","left":"0","isLinked":false}},"elements":[{"id":"716b","settings":{"_column_size":50,"_inline_size":null,"margin_mobile":{"unit":"px","top":"0","right":"0","bottom":"0","left":"0","isLinked":true},"padding_mobile":{"unit":"px","top":"0","right":"0","bottom":"0","left":"0","isLinked":true}},"elements":[{"id":"1eba","settings":{"image":{"id":525,"url":"http:\/\/localhost\/checkupdate\/wp-content\/uploads\/2018\/03\/fg.png"},"_margin_tablet":{"unit":"px","top":"0","right":"30","bottom":"0","left":"0","isLinked":false},"_margin_mobile":{"unit":"px","top":"0","right":"0","bottom":"0","left":"0","isLinked":true},"_padding_mobile":{"unit":"px","top":"0","right":"0","bottom":"0","left":"0","isLinked":true}},"elements":[],"isInner":false,"widgetType":"image","elType":"widget"}],"isInner":false,"elType":"column"},{"id":"3574","settings":{"_column_size":50,"_inline_size":null,"padding":{"unit":"%","top":"0","right":"23","bottom":"0","left":"0","isLinked":false},"margin_tablet":{"unit":"px","top":"0","right":"0","bottom":"0","left":"-10","isLinked":false},"padding_tablet":{"unit":"px","top":"0","right":"0","bottom":"0","left":"0","isLinked":true},"margin_mobile":{"unit":"px","top":"0","right":"0","bottom":"0","left":"0","isLinked":true},"padding_mobile":{"unit":"px","top":"50","right":"30","bottom":"0","left":"30","isLinked":false}},"elements":[{"id":"14c8","settings":{"title":"Free preview","align":"left","title_color":"#000000","typography_typography":"custom","typography_font_size":{"unit":"px","size":"35"},"typography_font_family":"Anton","typography_font_weight":"500","typography_text_transform":"capitalize","typography_line_height":{"unit":"em","size":"1.3"},"typography_letter_spacing":{"unit":"px","size":"1"},"typography_font_size_tablet":{"unit":"px","size":"24"},"align_mobile":"center","typography_font_size_mobile":{"unit":"px","size":"30"}},"elements":[],"isInner":false,"widgetType":"heading","elType":"widget"},{"id":"7961","settings":{"editor":"<p>Don't take my word for it. Read the first few pages and see how this will change your life<\/p>","text_color":"#444444","typography_typography":"custom","typography_font_size":{"unit":"px","size":"19"},"typography_font_family":"Roboto","typography_font_weight":"600","typography_line_height":{"unit":"em","size":"1.6"},"typography_font_size_tablet":{"unit":"px","size":"17"},"align_mobile":"center"},"elements":[],"isInner":false,"widgetType":"text-editor","elType":"widget"},{"id":"6c86","settings":{"icon_list":[{"text":"Lorem ipsum dolor sit consectetur adipiscing elit.","icon":"fa fa-check-circle","_id":"kv46hp5","link":{"url":"","is_external":"","nofollow":""}},{"text":"Nullam tellus nisi, porttitor accumsan velit ut.","icon":"fa fa-check-circle","_id":"vhk30rl","link":{"url":"","is_external":"","nofollow":""}},{"text":"Donec aliquam mattis ligula sit amet cursus mattis.","icon":"fa fa-check-circle","_id":"aybn4a2","link":{"url":"","is_external":"","nofollow":""}}],"space_between":{"unit":"px","size":7},"icon_color":"#1fc585","icon_size":{"unit":"px","size":"21"},"text_indent":{"unit":"px","size":14},"icon_typography_typography":"custom","icon_typography_font_size":{"unit":"px","size":"17"},"icon_typography_font_family":"Roboto","icon_typography_font_weight":"300","_padding":{"unit":"px","top":"20","right":"0","bottom":"20","left":"0","isLinked":false},"icon_typography_font_size_tablet":{"unit":"px","size":"14"},"icon_align_mobile":"left","icon_typography_font_size_mobile":{"unit":"px","size":"15"}},"elements":[],"isInner":false,"widgetType":"icon-list","elType":"widget"},{"id":"3947","settings":{"text":"Download now","typography_typography":"custom","typography_font_size":{"unit":"px","size":"19"},"typography_font_family":"Roboto","typography_font_weight":"600","typography_text_transform":"capitalize","typography_letter_spacing":{"unit":"px","size":"2"},"button_text_color":"#ffffff","background_color":"#1fc585","hover_color":"#1fc585","button_background_hover_color":"rgba(0,0,0,0)","button_hover_border_color":"#1fc585","border_border":"solid","border_width":{"unit":"px","top":"4","right":"4","bottom":"4","left":"4","isLinked":true},"border_color":"#1fc585","border_radius":{"unit":"px","top":"50","right":"50","bottom":"50","left":"50","isLinked":true},"text_padding":{"unit":"px","top":"17","right":"40","bottom":"17","left":"40","isLinked":false},"align_mobile":"justify","typography_font_size_mobile":{"unit":"px","size":"18"}},"elements":[],"isInner":false,"widgetType":"button","elType":"widget"}],"isInner":false,"elType":"column"}],"isInner":false,"elType":"section"},{"id":"3f0c","settings":{"content_width":{"unit":"px","size":"800"},"gap":"no","content_position":"middle","structure":"20","background_background":"classic","background_image":{"id":527,"url":"http:\/\/localhost\/checkupdate\/wp-content\/uploads\/2018\/03\/x-1.png"},"background_position":"top center","background_attachment":"fixed","background_size":"cover","padding":{"unit":"px","top":"100","right":"0","bottom":"100","left":"0","isLinked":false},"padding_tablet":{"unit":"px","top":"110","right":"0","bottom":"110","left":"0","isLinked":false},"padding_mobile":{"unit":"px","top":"70","right":"0","bottom":"80","left":"0","isLinked":false}},"elements":[{"id":"22e3","settings":{"_column_size":50,"_inline_size":"21.571","content_position":"top","margin":{"unit":"%","top":"","right":"","bottom":"","left":"","isLinked":true},"margin_tablet":{"unit":"px","top":"0","right":"0","bottom":"0","left":"0","isLinked":false},"margin_mobile":{"unit":"px","top":"0","right":"0","bottom":"0","left":"0","isLinked":true},"padding_mobile":{"unit":"px","top":"0","right":"0","bottom":"0","left":"0","isLinked":true}},"elements":[{"id":"4b12","settings":{"image":{"id":526,"url":"http:\/\/localhost\/checkupdate\/wp-content\/uploads\/2018\/03\/https-d3iw72m71ie81c.cloudfront.netmale-3-1.png"},"align":"right","_margin":{"unit":"px","top":"-52","right":"-52","bottom":"0","left":"0","isLinked":false},"_margin_tablet":{"unit":"px","top":"-50","right":"-61","bottom":"0","left":"0","isLinked":false},"_margin_mobile":{"unit":"px","top":"0","right":"0","bottom":"-50","left":"0","isLinked":false},"_padding_mobile":{"unit":"px","top":"0","right":"0","bottom":"0","left":"0","isLinked":true},"_z_index":1},"elements":[],"isInner":false,"widgetType":"image","elType":"widget"}],"isInner":false,"elType":"column"},{"id":"a3f","settings":{"_column_size":50,"_inline_size":"78.429","background_background":"classic","background_color":"#ffffff","padding":{"unit":"px","top":"40","right":"50","bottom":"40","left":"60","isLinked":false},"box_shadow_box_shadow_type":"yes","box_shadow_box_shadow":{"horizontal":0,"vertical":0,"blur":"40","spread":0,"inset":"","color":"rgba(0,0,0,0.26)"},"margin_tablet":{"unit":"px","top":"0","right":"120","bottom":"0","left":"-50","isLinked":false},"margin_mobile":{"unit":"px","top":"0","right":"30","bottom":"0","left":"30","isLinked":false},"padding_mobile":{"unit":"px","top":"80","right":"30","bottom":"30","left":"30","isLinked":false},"screen_sm":"custom"},"elements":[{"id":"34e0","settings":{"title":"Author spotlight","align":"left","title_color":"#000000","typography_typography":"custom","typography_font_size":{"unit":"px","size":"35"},"typography_font_family":"Anton","typography_font_weight":"500","typography_text_transform":"capitalize","typography_line_height":{"unit":"em","size":"1.3"},"typography_letter_spacing":{"unit":"px","size":"1"},"typography_font_size_tablet":{"unit":"px","size":"24"},"header_size":"h3","align_mobile":"center"},"elements":[],"isInner":false,"widgetType":"heading","elType":"widget"},{"id":"7399","settings":{"editor":"<p class=\"p1\">Respect forming clothes do in he. Course so piqued no an by appear. Themselves reasonable pianoforte so motionless he as difficulty be. Abode way begin ham there power whole. Do unpleasing indulgence impossible to conviction. Suppose neither evident welcome it at do civilly uncivil.\u00a0<\/p>","text_color":"#444444","typography_typography":"custom","typography_font_size":{"unit":"px","size":"17"},"typography_font_family":"Roboto","typography_font_weight":"400","typography_line_height":{"unit":"em","size":"1.6"},"typography_font_size_tablet":{"unit":"px","size":"16"},"align_mobile":"center","typography_font_size_mobile":{"unit":"px","size":"14"}},"elements":[],"isInner":false,"widgetType":"text-editor","elType":"widget"},{"id":"65e","settings":{"title":"Iven Margolis","align":"left","title_color":"#1fc585","typography_typography":"custom","typography_font_size":{"unit":"px","size":"25"},"typography_font_family":"Roboto","typography_font_weight":"700","typography_text_transform":"capitalize","typography_line_height":{"unit":"em","size":"1.3"},"typography_letter_spacing":{"unit":"px","size":"0"},"typography_font_size_tablet":{"unit":"px","size":"18"},"align_mobile":"center","_padding_mobile":{"unit":"px","top":"0","right":"0","bottom":"20","left":"0","isLinked":false}},"elements":[],"isInner":false,"widgetType":"heading","elType":"widget"}],"isInner":false,"elType":"column"}],"isInner":false,"elType":"section"},{"id":"237","settings":{"structure":"30","background_background":"classic","padding":{"unit":"px","top":"100","right":"0","bottom":"50","left":"0","isLinked":false},"padding_tablet":{"unit":"px","top":"90","right":"30","bottom":"0","left":"30","isLinked":false},"gap":"no","padding_mobile":{"unit":"px","top":"60","right":"40","bottom":"0","left":"40","isLinked":false}},"elements":[{"id":"2a6a","settings":{"_column_size":33,"_inline_size":"39.035"},"elements":[{"id":"3055","settings":{"weight":{"unit":"px","size":"3"},"color":"#1fc585","width":{"unit":"%","size":"95"},"align_mobile":"center"},"elements":[],"isInner":false,"widgetType":"divider","elType":"widget"}],"isInner":false,"elType":"column"},{"id":"3ff8","settings":{"_column_size":33,"_inline_size":"22.105","padding_mobile":{"unit":"px","top":"0","right":"0","bottom":"0","left":"0","isLinked":true}},"elements":[{"id":"b5b","settings":{"title":"Readers say","align":"center","title_color":"#000000","typography_typography":"custom","typography_font_size":{"unit":"px","size":"35"},"typography_font_family":"Anton","typography_font_weight":"500","typography_text_transform":"capitalize","typography_line_height":{"unit":"em","size":"1.3"},"typography_letter_spacing":{"unit":"px","size":"1"},"typography_font_size_tablet":{"unit":"px","size":"24"},"header_size":"h4","typography_font_size_mobile":{"unit":"px","size":"30"}},"elements":[],"isInner":false,"widgetType":"heading","elType":"widget"}],"isInner":false,"elType":"column"},{"id":"336","settings":{"_column_size":33,"_inline_size":"38.859"},"elements":[{"id":"7cd1","settings":{"weight":{"unit":"px","size":"3"},"color":"#1fc585","width":{"unit":"%","size":"95"},"align_mobile":"center"},"elements":[],"isInner":false,"widgetType":"divider","elType":"widget"}],"isInner":false,"elType":"column"}],"isInner":false,"elType":"section"},{"id":"25e6","settings":{"gap":"no","structure":"20","margin":{"unit":"%","top":"0","right":0,"bottom":"0","left":0,"isLinked":false},"padding":{"unit":"px","top":"0","right":"0","bottom":"100","left":"0","isLinked":false},"padding_tablet":{"unit":"px","top":"0","right":"30","bottom":"90","left":"30","isLinked":false},"padding_mobile":{"unit":"px","top":"40","right":"30","bottom":"70","left":"30","isLinked":false}},"elements":[{"id":"430e","settings":{"_column_size":50,"_inline_size":null,"padding":{"unit":"%","top":"0","right":"0","bottom":"0","left":"0","isLinked":false}},"elements":[{"id":"7509","settings":{"gap":"no","content_position":"middle","structure":"20","padding":{"unit":"%","top":"0","right":"4","bottom":"0","left":"0","isLinked":false},"padding_mobile":{"unit":"px","top":"0","right":"0","bottom":"0","left":"0","isLinked":true}},"elements":[{"id":"150d","settings":{"_column_size":50,"_inline_size":"10.000"},"elements":[{"id":"63a4","settings":{"image":{"id":530,"url":"http:\/\/localhost\/checkupdate\/wp-content\/uploads\/2018\/03\/https-www.pexels.comphotoperson-man-confident-business-50855.png"},"_margin":{"unit":"px","top":"0","right":"-55","bottom":"0","left":"0","isLinked":false},"align_mobile":"right","_margin_mobile":{"unit":"px","top":"0","right":"0","bottom":"0","left":"0","isLinked":false},"_padding_mobile":{"unit":"px","top":"0","right":"0","bottom":"0","left":"0","isLinked":true},"_z_index":1},"elements":[],"isInner":false,"widgetType":"image","elType":"widget"}],"isInner":true,"elType":"column"},{"id":"1610","settings":{"_column_size":50,"_inline_size":"90.000","background_background":"classic","background_color":"#ffffff","box_shadow_box_shadow_type":"yes","box_shadow_box_shadow":{"horizontal":0,"vertical":0,"blur":"40","spread":0,"inset":"","color":"rgba(0,0,0,0.18)"},"padding":{"unit":"px","top":"40","right":"40","bottom":"40","left":"60","isLinked":false},"margin_mobile":{"unit":"px","top":"-50","right":"0","bottom":"0","left":"0","isLinked":false},"padding_mobile":{"unit":"px","top":"60","right":"30","bottom":"30","left":"30","isLinked":false}},"elements":[{"id":"1cc2","settings":{"editor":"<div id=\"Content\"><div class=\"boxed\"><div id=\"lipsum\"><p>Learning techniques to banish negative emotions and the distractions surrounding us in a consumer society which take me off the path to\u00a0life.<\/p><\/div><\/div><\/div>","text_color":"#000000","typography_typography":"custom","typography_font_size":{"unit":"px","size":"17"},"typography_font_family":"Roboto","typography_font_weight":"300","typography_line_height":{"unit":"em","size":"1.6"},"typography_font_size_tablet":{"unit":"px","size":"14"}},"elements":[],"isInner":false,"widgetType":"text-editor","elType":"widget"},{"id":"ad3","settings":{"title":"Paul Smith","align":"left","title_color":"#1fc585","typography_typography":"custom","typography_font_size":{"unit":"px","size":"25"},"typography_font_family":"Roboto","typography_font_weight":"700","typography_text_transform":"capitalize","typography_line_height":{"unit":"em","size":"1.3"},"typography_letter_spacing":{"unit":"px","size":"0"},"typography_font_size_tablet":{"unit":"px","size":"18"}},"elements":[],"isInner":false,"widgetType":"heading","elType":"widget"}],"isInner":true,"elType":"column"}],"isInner":true,"elType":"section"}],"isInner":false,"elType":"column"},{"id":"3c41","settings":{"_column_size":50,"_inline_size":null,"padding":{"unit":"%","top":"0","right":"0","bottom":"0","left":"0","isLinked":false}},"elements":[{"id":"1728","settings":{"gap":"no","content_position":"middle","structure":"20","padding":{"unit":"%","top":"0","right":"0","bottom":"0","left":"4","isLinked":false},"padding_mobile":{"unit":"px","top":"50","right":"0","bottom":"0","left":"0","isLinked":false},"reverse_order_mobile":"reverse-mobile"},"elements":[{"id":"58c5","settings":{"_column_size":50,"_inline_size":"90.000","background_background":"classic","background_color":"#ffffff","box_shadow_box_shadow_type":"yes","box_shadow_box_shadow":{"horizontal":0,"vertical":0,"blur":"40","spread":0,"inset":"","color":"rgba(0,0,0,0.12)"},"padding":{"unit":"px","top":"40","right":"60","bottom":"40","left":"40","isLinked":false},"margin_mobile":{"unit":"px","top":"-50","right":"0","bottom":"0","left":"0","isLinked":false},"padding_mobile":{"unit":"px","top":"60","right":"30","bottom":"30","left":"30","isLinked":false}},"elements":[{"id":"12f","settings":{"editor":"<div id=\"Content\"><div class=\"boxed\"><div id=\"lipsum\"><p>I've been helped immensely just by reading the first chapter. I embrace the focus on living the Stoic philosophy and more.<\/p><\/div><\/div><\/div>","text_color":"#000000","typography_typography":"custom","typography_font_size":{"unit":"px","size":"17"},"typography_font_family":"Roboto","typography_font_weight":"300","typography_line_height":{"unit":"em","size":"1.6"},"typography_font_size_tablet":{"unit":"px","size":"14"},"align_mobile":"left"},"elements":[],"isInner":false,"widgetType":"text-editor","elType":"widget"},{"id":"33c","settings":{"title":"Martha Hoax","align":"right","title_color":"#1fc585","typography_typography":"custom","typography_font_size":{"unit":"px","size":"25"},"typography_font_family":"Roboto","typography_font_weight":"700","typography_text_transform":"capitalize","typography_line_height":{"unit":"em","size":"1.3"},"typography_letter_spacing":{"unit":"px","size":"0"},"typography_font_size_tablet":{"unit":"px","size":"18"},"align_mobile":"left"},"elements":[],"isInner":false,"widgetType":"heading","elType":"widget"}],"isInner":true,"elType":"column"},{"id":"14b","settings":{"_column_size":50,"_inline_size":"10.000"},"elements":[{"id":"21a","settings":{"image":{"id":531,"url":"http:\/\/localhost\/checkupdate\/wp-content\/uploads\/2018\/03\/https-d3iw72m71ie81c.cloudfront.netfemale-4.png"},"_margin":{"unit":"px","top":"0","right":"0","bottom":"0","left":"-55","isLinked":false},"align_mobile":"left","_margin_mobile":{"unit":"px","top":"0","right":"0","bottom":"0","left":"0","isLinked":true},"_padding_mobile":{"unit":"px","top":"0","right":"0","bottom":"0","left":"0","isLinked":true}},"elements":[],"isInner":false,"widgetType":"image","elType":"widget"}],"isInner":true,"elType":"column"}],"isInner":true,"elType":"section"}],"isInner":false,"elType":"column"}],"isInner":false,"elType":"section"},{"id":"2340","settings":{"background_background":"classic","background_image":{"id":532,"url":"http:\/\/localhost\/checkupdate\/wp-content\/uploads\/2018\/03\/pkyl3p9kx8c-freestocks-org.png"},"background_position":"center right","background_size":"cover","padding":{"unit":"px","top":"70","right":"0","bottom":"70","left":"0","isLinked":false},"padding_mobile":{"unit":"px","top":"70","right":"30","bottom":"70","left":"30","isLinked":false}},"elements":[{"id":"4ec3","settings":{"_column_size":100,"_inline_size":null,"margin":{"unit":"%","top":"0","right":"40","bottom":"0","left":"7","isLinked":false},"padding_tablet":{"unit":"px","top":"0","right":"0","bottom":"0","left":"0","isLinked":true},"margin_mobile":{"unit":"px","top":"0","right":"0","bottom":"0","left":"0","isLinked":true},"padding_mobile":{"unit":"px","top":"0","right":"0","bottom":"0","left":"0","isLinked":true}},"elements":[{"id":"6727","settings":{"title":"Only $4.99","align":"left","title_color":"#ffffff","typography_typography":"custom","typography_font_size":{"unit":"px","size":"35"},"typography_font_family":"Anton","typography_font_weight":"500","typography_text_transform":"capitalize","typography_line_height":{"unit":"em","size":"1.3"},"typography_letter_spacing":{"unit":"px","size":"1"},"typography_font_size_tablet":{"unit":"px","size":"24"},"header_size":"h3","align_mobile":"center","typography_font_size_mobile":{"unit":"px","size":"30"}},"elements":[],"isInner":false,"widgetType":"heading","elType":"widget"},{"id":"7dd4","settings":{"editor":"<p>Don't like it? Get a complete refund.<\/p>","text_color":"#000000","typography_typography":"custom","typography_font_size":{"unit":"px","size":"22"},"typography_font_family":"Roboto","typography_font_weight":"600","typography_line_height":{"unit":"em","size":"1.6"},"typography_font_size_tablet":{"unit":"px","size":"17"},"align_mobile":"center","typography_font_size_mobile":{"unit":"px","size":"16"},"typography_line_height_mobile":{"unit":"em","size":1.4}},"elements":[],"isInner":false,"widgetType":"text-editor","elType":"widget"},{"id":"5b7d","settings":{"icon_list":[{"text":"Lorem ipsum dolor sit consectetur adipiscing elit.","icon":"fa fa-check-circle","_id":"kv46hp5","link":{"url":"","is_external":"","nofollow":""}},{"text":"Nullam tellus nisi, porttitor accumsan velit ut.","icon":"fa fa-check-circle","_id":"vhk30rl","link":{"url":"","is_external":"","nofollow":""}},{"text":"Donec aliquam mattis ligula sit amet cursus mattis.","icon":"fa fa-check-circle","_id":"aybn4a2","link":{"url":"","is_external":"","nofollow":""}}],"space_between":{"unit":"px","size":7},"icon_color":"#000000","icon_size":{"unit":"px","size":"21"},"text_indent":{"unit":"px","size":14},"icon_typography_typography":"custom","icon_typography_font_size":{"unit":"px","size":"17"},"icon_typography_font_family":"Roboto","icon_typography_font_weight":"300","_padding":{"unit":"px","top":"20","right":"0","bottom":"20","left":"0","isLinked":false},"text_color":"#ffffff","icon_typography_font_size_tablet":{"unit":"px","size":"14"},"_padding_tablet":{"unit":"px","top":"10","right":"0","bottom":"10","left":"0","isLinked":false},"icon_typography_font_size_mobile":{"unit":"px","size":"14"},"icon_typography_line_height_mobile":{"unit":"em","size":"1.6"}},"elements":[],"isInner":false,"widgetType":"icon-list","elType":"widget"},{"id":"3a72","settings":{"text":"Download now","typography_typography":"custom","typography_font_size":{"unit":"px","size":"19"},"typography_font_family":"Roboto","typography_font_weight":"600","typography_text_transform":"capitalize","typography_letter_spacing":{"unit":"px","size":"2"},"button_text_color":"#000000","background_color":"#ffffff","hover_color":"#ffffff","button_background_hover_color":"rgba(0,0,0,0)","button_hover_border_color":"#ffffff","border_border":"solid","border_width":{"unit":"px","top":"4","right":"4","bottom":"4","left":"4","isLinked":true},"border_color":"#ffffff","border_radius":{"unit":"px","top":"50","right":"50","bottom":"50","left":"50","isLinked":true},"text_padding":{"unit":"px","top":"17","right":"40","bottom":"17","left":"40","isLinked":false},"align_mobile":"justify"},"elements":[],"isInner":false,"widgetType":"button","elType":"widget"}],"isInner":false,"elType":"column"}],"isInner":false,"elType":"section"}]}