{"version":"0.4","title":"One Page \u2013 Wedding","type":"page","content":[{"id":"1ae0","settings":{"content_width":{"unit":"px","size":1140},"content_position":"middle","background_background":"classic","background_image":{"id":390,"url":"http:\/\/localhost\/checkupdate\/wp-content\/uploads\/2018\/03\/top-cover-1.jpg"},"background_position":"center center","background_repeat":"no-repeat","background_size":"cover","background_overlay_title":"","background_overlay_background":"gradient","background_overlay_color":"#fed1e8","background_overlay_opacity":{"unit":"px","size":0.9},"padding":{"unit":"px","top":"100","right":"0","bottom":"200","left":"0","isLinked":false},"background_overlay_color_b":"#0f001c","padding_tablet":{"unit":"px","top":"150","right":"50","bottom":"150","left":"50","isLinked":false},"padding_mobile":{"unit":"px","top":"80","right":"0","bottom":"80","left":"0","isLinked":false}},"elements":[{"id":"60e3","settings":{"_column_size":100,"_inline_size":null},"elements":[{"id":"2761","settings":{"title":"Save The Date","size":"large","align":"center","title_color":"#424141","typography_typography":"custom","typography_font_size":{"unit":"px","size":"120"},"typography_font_family":"Playfair Display","typography_font_weight":"900","typography_font_style":"italic","typography_letter_spacing":{"unit":"px","size":-5},"_padding":{"unit":"px","top":"0","right":"0","bottom":"30","left":"0","isLinked":false},"typography_font_size_tablet":{"unit":"px","size":"100"},"typography_font_size_mobile":{"unit":"px","size":"75"},"header_size":"h1"},"elements":[],"isInner":false,"widgetType":"heading","elType":"widget"},{"id":"286","settings":{"style":"double","weight":{"unit":"px","size":"6"},"color":"#fed1e8","width":{"unit":"%","size":"60"},"align":"center","gap":{"unit":"px","size":"0"},"_padding":{"unit":"px","top":"0","right":"200","bottom":"0","left":"200","isLinked":false},"_padding_tablet":{"unit":"px","top":"0","right":"50","bottom":"0","left":"50","isLinked":false},"_padding_mobile":{"unit":"px","top":"0","right":"0","bottom":"0","left":"0","isLinked":true}},"elements":[],"isInner":false,"widgetType":"divider","elType":"widget"},{"id":"1747","settings":{"title":"17.12.2018","align":"center","title_color":"#ffffff","typography_typography":"custom","typography_font_size":{"unit":"px","size":"70"},"typography_font_family":"Poppins","typography_letter_spacing":{"unit":"px","size":"3"},"typography_font_size_mobile":{"unit":"px","size":"37"}},"elements":[],"isInner":false,"widgetType":"heading","elType":"widget"},{"id":"3b74","settings":{"style":"double","weight":{"unit":"px","size":"6"},"color":"#fed1e8","width":{"unit":"%","size":"60"},"align":"center","gap":{"unit":"px","size":"0"},"_padding":{"unit":"px","top":"0","right":"200","bottom":"0","left":"200","isLinked":false},"_padding_tablet":{"unit":"px","top":"0","right":"50","bottom":"0","left":"50","isLinked":false},"_padding_mobile":{"unit":"px","top":"0","right":"0","bottom":"0","left":"0","isLinked":true}},"elements":[],"isInner":false,"widgetType":"divider","elType":"widget"},{"id":"589d","settings":{"icon":"fa fa-heart","primary_color":"#fed1e8","size":{"unit":"px","size":"20"},"_padding":{"unit":"px","top":"20","right":"0","bottom":"0","left":"0","isLinked":false}},"elements":[],"isInner":false,"widgetType":"icon","elType":"widget"},{"id":"4112","settings":{"title":"Clara & David","size":"large","align":"center","title_color":"#fed1e8","typography_typography":"custom","typography_font_size":{"unit":"px","size":"50"},"typography_font_family":"Niconne","typography_font_weight":"100","typography_font_size_tablet":{"unit":"px","size":"40"},"typography_font_size_mobile":{"unit":"px","size":"32"},"header_size":"h4"},"elements":[],"isInner":false,"widgetType":"heading","elType":"widget"}],"isInner":false,"elType":"column"}],"isInner":false,"elType":"section"},{"id":"69a4","settings":{"content_width":{"unit":"px","size":"900"},"background_background":"classic","background_overlay_title":"","padding":{"unit":"px","top":"100","right":"0","bottom":"100","left":"0","isLinked":false},"gap":"no","padding_tablet":{"unit":"px","top":"50","right":"30","bottom":"50","left":"30","isLinked":false},"padding_mobile":{"unit":"px","top":"40","right":"20","bottom":"20","left":"20","isLinked":false},"background_color":"#ffffff"},"elements":[{"id":"6037","settings":{"_column_size":100,"_inline_size":null},"elements":[{"id":"7e55","settings":{"content_width":{"unit":"px","size":1140},"gap":"no","column_position_inner":"middle","content_position_inner":"","structure":"20","background_overlay_title":"","margin":{"unit":"px","top":"0","right":0,"bottom":"0","left":0,"isLinked":true},"padding":{"unit":"px","top":"0","right":"0","bottom":"0","left":"0","isLinked":true},"content_position":"middle"},"elements":[{"id":"5c5e","settings":{"_column_size":50,"_inline_size":null,"padding":{"unit":"%","top":"0","right":"0","bottom":"0","left":"0","isLinked":true}},"elements":[{"id":"6199","settings":{"image":{"id":391,"url":"http:\/\/localhost\/checkupdate\/wp-content\/uploads\/2018\/03\/she.jpg"},"image_border_border":"solid","image_border_width":{"unit":"px","top":"10","right":"10","bottom":"10","left":"10","isLinked":true},"image_border_color":"#ffffff","image_box_shadow_box_shadow_type":"yes","image_box_shadow_box_shadow":{"horizontal":"0","vertical":"0","blur":"20","spread":0,"inset":"","color":"rgba(0,0,0,0.06)"},"_padding":{"unit":"px","top":"0","right":"0","bottom":"0","left":"0","isLinked":false}},"elements":[],"isInner":false,"widgetType":"image","elType":"widget"}],"isInner":true,"elType":"column"},{"id":"50c","settings":{"_column_size":50,"_inline_size":null,"background_background":"classic","background_position":"center right","background_repeat":"no-repeat","margin":{"unit":"px","top":"0","right":"0","bottom":"0","left":"0","isLinked":true},"padding_mobile":{"unit":"px","top":"0","right":"0","bottom":"0","left":"0","isLinked":true}},"elements":[{"id":"283f","settings":{"view":"stacked","icon":"fa fa-venus","title_text":"The Bride","description_text":"Lorem ipsum dolor sit amet, consectetur adipiscing elit. Ut elit tellus, luctus nec ullamcorper mattis, pulvinar dapibus leo. Morbi scelerisque tortor vitae tincidunt feugiat. Pellentesque pretium magna.","primary_color":"#424141","secondary_color":"#ffffff","icon_size":{"unit":"px","size":"30"},"text_align":"center","title_color":"#424141","title_typography_typography":"custom","title_typography_font_size":{"unit":"px","size":"45"},"title_typography_font_family":"Playfair Display","description_typography_typography":"custom","description_typography_font_size":{"unit":"px","size":"16"},"description_typography_font_family":"Poppins","description_typography_font_weight":"300","description_typography_line_height":{"unit":"em","size":"1.8"},"_padding":{"unit":"px","top":"50","right":"50","bottom":"50","left":"50","isLinked":true},"title_typography_font_size_tablet":{"unit":"px","size":"30"},"description_typography_font_size_tablet":{"unit":"px","size":"15"},"_padding_tablet":{"unit":"px","top":"30","right":"30","bottom":"30","left":"30","isLinked":true}},"elements":[],"isInner":false,"widgetType":"icon-box","elType":"widget"}],"isInner":true,"elType":"column"}],"isInner":true,"elType":"section"},{"id":"1936","settings":{"content_width":{"unit":"px","size":1140},"gap":"no","column_position_inner":"middle","content_position_inner":"","structure":"20","background_overlay_title":"","margin":{"unit":"px","top":"0","right":0,"bottom":"0","left":0,"isLinked":true},"padding":{"unit":"px","top":"50","right":"0","bottom":"0","left":"0","isLinked":false},"content_position":"middle","reverse_order_mobile":"reverse-mobile"},"elements":[{"id":"95b","settings":{"_column_size":50,"_inline_size":null,"padding":{"unit":"%","top":"0","right":"0","bottom":"0","left":"0","isLinked":true},"padding_mobile":{"unit":"px","top":"0","right":"0","bottom":"0","left":"0","isLinked":true}},"elements":[{"id":"606a","settings":{"view":"stacked","icon":"fa fa-mars","title_text":"The Groom","description_text":"Lorem ipsum dolor sit amet, consectetur adipiscing elit. Ut elit tellus, luctus nec ullamcorper mattis, pulvinar dapibus leo. Morbi scelerisque tortor vitae tincidunt feugiat. Pellentesque pretium magna.","primary_color":"#424141","secondary_color":"#ffffff","icon_size":{"unit":"px","size":"30"},"text_align":"center","title_color":"#424141","title_typography_typography":"custom","title_typography_font_size":{"unit":"px","size":"45"},"title_typography_font_family":"Playfair Display","description_typography_typography":"custom","description_typography_font_size":{"unit":"px","size":"16"},"description_typography_font_family":"Poppins","description_typography_font_weight":"300","description_typography_line_height":{"unit":"em","size":"1.8"},"_padding":{"unit":"px","top":"50","right":"50","bottom":"50","left":"50","isLinked":true},"title_typography_font_size_tablet":{"unit":"px","size":"30"},"description_typography_font_size_tablet":{"unit":"px","size":"15"},"_padding_tablet":{"unit":"px","top":"30","right":"30","bottom":"30","left":"30","isLinked":true}},"elements":[],"isInner":false,"widgetType":"icon-box","elType":"widget"}],"isInner":true,"elType":"column"},{"id":"2ad1","settings":{"_column_size":50,"_inline_size":null,"background_background":"classic","background_position":"center right","background_repeat":"no-repeat","margin":{"unit":"px","top":"0","right":"0","bottom":"0","left":"0","isLinked":true}},"elements":[{"id":"65f8","settings":{"image":{"id":392,"url":"http:\/\/localhost\/checkupdate\/wp-content\/uploads\/2018\/03\/he.jpg"},"align":"right","image_border_border":"solid","image_border_width":{"unit":"px","top":"10","right":"10","bottom":"10","left":"10","isLinked":true},"image_border_color":"#ffffff","image_box_shadow_box_shadow_type":"yes","image_box_shadow_box_shadow":{"horizontal":0,"vertical":0,"blur":"20","spread":0,"inset":"","color":"rgba(0,0,0,0.06)"}},"elements":[],"isInner":false,"widgetType":"image","elType":"widget"}],"isInner":true,"elType":"column"}],"isInner":true,"elType":"section"}],"isInner":false,"elType":"column"}],"isInner":false,"elType":"section"},{"id":"48d3","settings":{"content_width":{"unit":"px","size":1140},"height":"min-height","custom_height":{"unit":"px","size":"0"},"background_background":"classic","background_image":{"id":393,"url":"http:\/\/localhost\/checkupdate\/wp-content\/uploads\/2018\/03\/qeute-section.jpg"},"background_overlay_title":"","background_overlay_background":"classic","background_overlay_color":"#110019","padding":{"unit":"px","top":"100","right":"100","bottom":"100","left":"100","isLinked":true},"padding_tablet":{"unit":"px","top":"50","right":"0","bottom":"50","left":"0","isLinked":false},"padding_mobile":{"unit":"px","top":"50","right":"5","bottom":"50","left":"5","isLinked":false}},"elements":[{"id":"12c2","settings":{"_column_size":100,"_inline_size":null,"padding_mobile":{"unit":"px","top":"0","right":"0","bottom":"0","left":"0","isLinked":true}},"elements":[{"id":"230d","settings":{"title":"\"Happy is the man who finds a true friend, and far happier is he who finds that true friend in his wife\u201d \n","size":"large","align":"center","title_color":"rgba(255,255,255,0.76)","typography_typography":"custom","typography_font_size":{"unit":"px","size":"30"},"typography_font_family":"Playfair Display","typography_font_weight":"600","typography_font_style":"italic","typography_line_height":{"unit":"em","size":"1.6"},"typography_letter_spacing":{"unit":"px","size":"-0.5"},"_padding":{"unit":"%","top":"0","right":"15","bottom":"0","left":"15","isLinked":false},"typography_font_size_tablet":{"unit":"px","size":"26"},"typography_font_size_mobile":{"unit":"px","size":"21"},"header_size":"h5"},"elements":[],"isInner":false,"widgetType":"heading","elType":"widget"}],"isInner":false,"elType":"column"}],"isInner":false,"elType":"section"},{"id":"513b","settings":{"content_width":{"unit":"px","size":1140},"background_overlay_title":"","padding":{"unit":"px","top":"100","right":"0","bottom":"100","left":"0","isLinked":false},"gap":"no","padding_tablet":{"unit":"px","top":"60","right":"30","bottom":"60","left":"30","isLinked":false}},"elements":[{"id":"5bca","settings":{"_column_size":100,"_inline_size":null},"elements":[{"id":"7c10","settings":{"title":"Events Schedule","size":"large","align":"center","title_color":"#424141","typography_typography":"custom","typography_font_size":{"unit":"px","size":"60"},"typography_font_family":"Playfair Display","typography_font_weight":"900","_padding":{"unit":"px","top":"0","right":"0","bottom":"90","left":"0","isLinked":false},"typography_font_size_tablet":{"unit":"px","size":"45"},"typography_font_size_mobile":{"unit":"px","size":"50"},"typography_line_height_mobile":{"unit":"em","size":"1.2"},"_padding_tablet":{"unit":"px","top":"0","right":"0","bottom":"60","left":"0","isLinked":false},"_padding_mobile":{"unit":"px","top":"0","right":"0","bottom":"40","left":"0","isLinked":false}},"elements":[],"isInner":false,"widgetType":"heading","elType":"widget"},{"id":"7f4b","settings":{"content_width":{"unit":"px","size":"1140"},"gap":"no","column_position_inner":"middle","content_position_inner":"","structure":"20","background_overlay_title":"","padding":{"unit":"px","top":"0","right":"0","bottom":"0","left":"0","isLinked":false},"padding_mobile":{"unit":"px","top":"0","right":"0","bottom":"0","left":"0","isLinked":true},"reverse_order_mobile":"reverse-mobile"},"elements":[{"id":"190e","settings":{"_column_size":50,"_inline_size":"50.000","background_background":"classic","background_position":"center right","background_repeat":"no-repeat","margin":{"unit":"px","top":"0","right":"0","bottom":"0","left":"0","isLinked":true}},"elements":[{"id":"6309","settings":{"image":{"id":394,"url":"http:\/\/localhost\/checkupdate\/wp-content\/uploads\/2018\/03\/cocktail.jpg"},"caption_typography_font_size":{"unit":"px","size":15},"_border_border":"solid","_border_width":{"unit":"px","top":"10","right":"10","bottom":"10","left":"10","isLinked":true},"_border_color":"#fed1e8","image_size":"full"},"elements":[],"isInner":false,"widgetType":"image","elType":"widget"}],"isInner":true,"elType":"column"},{"id":"381a","settings":{"_column_size":50,"_inline_size":"50.000","padding":{"unit":"px","top":"100","right":"0","bottom":"0","left":"80","isLinked":false},"padding_tablet":{"unit":"px","top":"70","right":"0","bottom":"0","left":"50","isLinked":false},"padding_mobile":{"unit":"px","top":"0","right":"0","bottom":"30","left":"0","isLinked":false}},"elements":[{"id":"1f2f","settings":{"title":"Cocktail Party","size":"large","title_color":"#424141","typography_typography":"custom","typography_font_size":{"unit":"px","size":"32"},"typography_font_style":"italic","align_mobile":"center","typography_font_size_tablet":{"unit":"px","size":"25"},"header_size":"h4"},"elements":[],"isInner":false,"widgetType":"heading","elType":"widget"},{"id":"493c","settings":{"editor":"<p>Toresment Banquets, 16th Desember<\/p>","align":"left","typography_typography":"custom","typography_font_size":{"unit":"px","size":"18"},"typography_font_family":"Poppins","typography_font_weight":"300","typography_line_height":{"unit":"em","size":"1"},"typography_letter_spacing":{"unit":"px","size":"1.5"},"_padding":{"unit":"px","top":"0","right":"0","bottom":"0","left":"0","isLinked":true},"align_mobile":"center","typography_font_size_tablet":{"unit":"px","size":"15"},"typography_letter_spacing_tablet":{"unit":"px","size":"1"}},"elements":[],"isInner":false,"widgetType":"text-editor","elType":"widget"},{"id":"26c5","settings":{"weight":{"unit":"px","size":"3"},"color":"#fed1e8","width":{"unit":"%","size":"70"},"align_mobile":"center"},"elements":[],"isInner":false,"widgetType":"divider","elType":"widget"}],"isInner":true,"elType":"column"}],"isInner":true,"elType":"section"},{"id":"3072","settings":{"content_width":{"unit":"px","size":"1140"},"gap":"no","column_position_inner":"middle","content_position_inner":"","structure":"20","background_overlay_title":"","padding":{"unit":"px","top":"0","right":"0","bottom":"0","left":"0","isLinked":false},"padding_tablet":{"unit":"px","top":"20","right":"0","bottom":"20","left":"0","isLinked":false}},"elements":[{"id":"4527","settings":{"_column_size":50,"_inline_size":"50.000","background_background":"classic","background_position":"center right","background_repeat":"no-repeat","margin":{"unit":"px","top":"0","right":"0","bottom":"0","left":"0","isLinked":true},"padding":{"unit":"px","top":"100","right":"0","bottom":"0","left":"150","isLinked":false},"padding_tablet":{"unit":"px","top":"60","right":"0","bottom":"0","left":"0","isLinked":false},"padding_mobile":{"unit":"px","top":"30","right":"0","bottom":"30","left":"0","isLinked":false}},"elements":[{"id":"3d28","settings":{"title":"Wedding Ceremony","size":"large","title_color":"#424141","typography_typography":"custom","typography_font_size":{"unit":"px","size":"32"},"_padding":{"unit":"px","top":"0","right":"0","bottom":"0","left":"0","isLinked":false},"typography_font_style":"italic","align_mobile":"center","typography_font_size_tablet":{"unit":"px","size":"25"},"header_size":"h4"},"elements":[],"isInner":false,"widgetType":"heading","elType":"widget"},{"id":"6a41","settings":{"editor":"<p>Deshroom Place, 17th Desember<\/p>","align":"left","typography_typography":"custom","typography_font_size":{"unit":"px","size":"18"},"typography_font_family":"Poppins","typography_font_weight":"300","typography_line_height":{"unit":"em","size":"1"},"typography_letter_spacing":{"unit":"px","size":"1.5"},"_padding":{"unit":"px","top":"0","right":"0","bottom":"0","left":"0","isLinked":false},"align_mobile":"center","typography_font_size_tablet":{"unit":"px","size":"15"},"typography_letter_spacing_tablet":{"unit":"px","size":"1"}},"elements":[],"isInner":false,"widgetType":"text-editor","elType":"widget"},{"id":"3be6","settings":{"weight":{"unit":"px","size":"3"},"color":"#fed1e8","width":{"unit":"%","size":"80"},"_padding":{"unit":"px","top":"0","right":"0","bottom":"0","left":"0","isLinked":false},"align_mobile":"center"},"elements":[],"isInner":false,"widgetType":"divider","elType":"widget"}],"isInner":true,"elType":"column"},{"id":"697d","settings":{"_column_size":50,"_inline_size":"50.000","padding":{"unit":"px","top":"100","right":"0","bottom":"0","left":"80","isLinked":false},"padding_mobile":{"unit":"px","top":"0","right":"0","bottom":"0","left":"0","isLinked":true}},"elements":[{"id":"3d4","settings":{"image":{"id":395,"url":"http:\/\/localhost\/checkupdate\/wp-content\/uploads\/2018\/03\/ceremony.jpg"},"caption_typography_font_size":{"unit":"px","size":15},"_margin":{"unit":"px","top":"-100","right":"0","bottom":"0","left":"100","isLinked":false},"_padding":{"unit":"px","top":"0","right":"0","bottom":"0","left":"0","isLinked":false},"_border_border":"solid","_border_width":{"unit":"px","top":"10","right":"10","bottom":"10","left":"10","isLinked":true},"_border_color":"#fed1e8","_margin_tablet":{"unit":"px","top":"-100","right":"0","bottom":"0","left":"0","isLinked":false},"_margin_mobile":{"unit":"px","top":"0","right":"0","bottom":"0","left":"0","isLinked":true},"_padding_mobile":{"unit":"px","top":"0","right":"0","bottom":"0","left":"0","isLinked":true}},"elements":[],"isInner":false,"widgetType":"image","elType":"widget"}],"isInner":true,"elType":"column"}],"isInner":true,"elType":"section"},{"id":"4b35","settings":{"content_width":{"unit":"px","size":"1140"},"gap":"no","column_position_inner":"middle","content_position_inner":"","structure":"20","background_overlay_title":"","padding":{"unit":"px","top":"0","right":"0","bottom":"0","left":"0","isLinked":false},"margin_tablet":{"unit":"px","top":"0","right":0,"bottom":"0","left":0,"isLinked":true},"padding_tablet":{"unit":"px","top":"0","right":"0","bottom":"0","left":"0","isLinked":true},"reverse_order_mobile":"reverse-mobile"},"elements":[{"id":"940","settings":{"_column_size":50,"_inline_size":"50.000","background_background":"classic","background_position":"center right","background_repeat":"no-repeat","margin":{"unit":"px","top":"0","right":"0","bottom":"0","left":"0","isLinked":true},"margin_tablet":{"unit":"px","top":"0","right":"0","bottom":"0","left":"0","isLinked":false},"padding_tablet":{"unit":"px","top":"0","right":"0","bottom":"0","left":"0","isLinked":true}},"elements":[{"id":"cc3","settings":{"image":{"id":398,"url":"http:\/\/localhost\/checkupdate\/wp-content\/uploads\/2018\/03\/party.jpg"},"caption_typography_font_size":{"unit":"px","size":15},"_margin":{"unit":"px","top":"-30","right":"100","bottom":"0","left":"0","isLinked":false},"_border_border":"solid","_border_width":{"unit":"px","top":"10","right":"10","bottom":"10","left":"10","isLinked":true},"_border_color":"#fed1e8","_margin_tablet":{"unit":"px","top":"0","right":"0","bottom":"0","left":"0","isLinked":true},"_padding_tablet":{"unit":"px","top":"0","right":"0","bottom":"0","left":"0","isLinked":true}},"elements":[],"isInner":false,"widgetType":"image","elType":"widget"}],"isInner":true,"elType":"column"},{"id":"796c","settings":{"_column_size":50,"_inline_size":"50.000","padding":{"unit":"px","top":"200","right":"0","bottom":"0","left":"80","isLinked":false},"padding_tablet":{"unit":"px","top":"130","right":"0","bottom":"0","left":"50","isLinked":false},"padding_mobile":{"unit":"px","top":"30","right":"0","bottom":"30","left":"0","isLinked":false}},"elements":[{"id":"2079","settings":{"title":"After Wedding Party","size":"large","title_color":"#424141","typography_typography":"custom","typography_font_size":{"unit":"px","size":"32"},"_margin":{"unit":"px","top":"0","right":"0","bottom":"0","left":"0","isLinked":false},"_padding":{"unit":"px","top":"0","right":"0","bottom":"0","left":"0","isLinked":false},"typography_font_style":"italic","align_mobile":"center","typography_font_size_tablet":{"unit":"px","size":"25"},"header_size":"h3"},"elements":[],"isInner":false,"widgetType":"heading","elType":"widget"},{"id":"61be","settings":{"editor":"<p>Montergon Place, 23th Desember<\/p>","align":"left","typography_typography":"custom","typography_font_size":{"unit":"px","size":"18"},"typography_font_family":"Poppins","typography_font_weight":"300","typography_line_height":{"unit":"em","size":"1"},"typography_letter_spacing":{"unit":"px","size":"1.5"},"_padding":{"unit":"px","top":"0","right":"0","bottom":"0","left":"0","isLinked":true},"align_mobile":"center","typography_font_size_tablet":{"unit":"px","size":"15"},"typography_letter_spacing_tablet":{"unit":"px","size":"1"}},"elements":[],"isInner":false,"widgetType":"text-editor","elType":"widget"},{"id":"321f","settings":{"weight":{"unit":"px","size":"3"},"color":"#fed1e8","width":{"unit":"%","size":"70"},"align_mobile":"center"},"elements":[],"isInner":false,"widgetType":"divider","elType":"widget"}],"isInner":true,"elType":"column"}],"isInner":true,"elType":"section"}],"isInner":false,"elType":"column"}],"isInner":false,"elType":"section"},{"id":"7f2b","settings":{"content_width":{"unit":"px","size":1140},"background_background":"classic","background_color":"#ebebeb","background_overlay_title":"","padding":{"unit":"px","top":"100","right":"0","bottom":"150","left":"0","isLinked":false},"gap":"no","padding_tablet":{"unit":"px","top":"60","right":"30","bottom":"60","left":"30","isLinked":false}},"elements":[{"id":"4b7a","settings":{"_column_size":100,"_inline_size":null},"elements":[{"id":"4058","settings":{"title":"The Wedding","size":"large","align":"center","title_color":"#424141","typography_typography":"custom","typography_font_size":{"unit":"px","size":"60"},"typography_font_family":"Playfair Display","typography_font_weight":"900","_padding":{"unit":"px","top":"0","right":"0","bottom":"80","left":"0","isLinked":false},"typography_font_size_tablet":{"unit":"px","size":"45"},"typography_font_size_mobile":{"unit":"px","size":"50"},"typography_line_height_mobile":{"unit":"em","size":"1.2"},"_padding_tablet":{"unit":"px","top":"0","right":"0","bottom":"50","left":"0","isLinked":false},"_padding_mobile":{"unit":"px","top":"0","right":"0","bottom":"40","left":"0","isLinked":false},"header_size":"h3"},"elements":[],"isInner":false,"widgetType":"heading","elType":"widget"},{"id":"6ba5","settings":{"gap":"no","structure":"30"},"elements":[{"id":"a04","settings":{"_column_size":33,"_inline_size":null,"background_background":"classic","background_color":"#fed1e8","border_border":"solid","border_width":{"unit":"px","top":"10","right":"10","bottom":"10","left":"10","isLinked":true},"border_color":"#ffffff","margin":{"unit":"%","top":"0","right":"6","bottom":"0","left":"0","isLinked":false},"margin_tablet":{"unit":"%","top":"0","right":"4","bottom":"0","left":"0","isLinked":false},"margin_mobile":{"unit":"px","top":"0","right":"0","bottom":"0","left":"0","isLinked":true}},"elements":[{"id":"65b1","settings":{"image":{"id":399,"url":"http:\/\/localhost\/checkupdate\/wp-content\/uploads\/2018\/03\/1-1-2.jpg"}},"elements":[],"isInner":false,"widgetType":"image","elType":"widget"},{"id":"6a96","settings":{"title":"Location","size":"large","title_color":"#424141","typography_typography":"custom","typography_font_size":{"unit":"px","size":"27"},"_margin":{"unit":"px","top":"0","right":"0","bottom":"0","left":"0","isLinked":false},"_padding":{"unit":"px","top":"20","right":"0","bottom":"0","left":"0","isLinked":false},"align":"center","typography_font_style":"italic","typography_font_size_tablet":{"unit":"px","size":"21"},"_padding_tablet":{"unit":"px","top":"0","right":"0","bottom":"0","left":"0","isLinked":false},"header_size":"h4"},"elements":[],"isInner":false,"widgetType":"heading","elType":"widget"},{"id":"4617","settings":{"editor":"<p>Lorem ipsum dolor sit amet, consectetur adipiscing elit. Morbi scelerisque tortor vitae tincidunt feugiat.<\/p>","align":"center","typography_typography":"custom","typography_font_size":{"unit":"px","size":"16"},"typography_font_family":"Poppins","typography_line_height":{"unit":"em","size":"1.8"},"typography_letter_spacing":{"unit":"px","size":"0"},"_padding":{"unit":"px","top":"0","right":"30","bottom":"20","left":"30","isLinked":false},"typography_font_weight":"300","typography_font_size_tablet":{"unit":"px","size":"15"},"_padding_tablet":{"unit":"px","top":"5","right":"20","bottom":"10","left":"20","isLinked":false}},"elements":[],"isInner":false,"widgetType":"text-editor","elType":"widget"}],"isInner":true,"elType":"column"},{"id":"4270","settings":{"_column_size":33,"_inline_size":null,"background_background":"classic","background_color":"#fed1e8","border_border":"solid","border_width":{"unit":"px","top":"10","right":"10","bottom":"10","left":"10","isLinked":true},"border_color":"#ffffff","margin":{"unit":"%","top":"0","right":"3","bottom":"0","left":"3","isLinked":false},"margin_tablet":{"unit":"%","top":"0","right":"2","bottom":"0","left":"2","isLinked":false},"margin_mobile":{"unit":"px","top":"30","right":"0","bottom":"30","left":"0","isLinked":false}},"elements":[{"id":"2bed","settings":{"image":{"id":400,"url":"http:\/\/localhost\/checkupdate\/wp-content\/uploads\/2018\/03\/2-2-1.jpg"}},"elements":[],"isInner":false,"widgetType":"image","elType":"widget"},{"id":"1a22","settings":{"title":"Gift Registry","size":"large","title_color":"#424141","typography_typography":"custom","typography_font_size":{"unit":"px","size":"27"},"_margin":{"unit":"px","top":"0","right":"0","bottom":"0","left":"0","isLinked":false},"_padding":{"unit":"px","top":"20","right":"0","bottom":"0","left":"0","isLinked":false},"align":"center","typography_font_style":"italic","typography_font_size_tablet":{"unit":"px","size":"21"},"_padding_tablet":{"unit":"px","top":"5","right":"5","bottom":"5","left":"5","isLinked":true},"header_size":"h4"},"elements":[],"isInner":false,"widgetType":"heading","elType":"widget"},{"id":"2cb3","settings":{"editor":"<p>Lorem ipsum dolor sit amet, consectetur adipiscing elit. Morbi scelerisque tortor vitae tincidunt feugiat.<\/p>","align":"center","typography_typography":"custom","typography_font_size":{"unit":"px","size":"16"},"typography_font_family":"Poppins","typography_line_height":{"unit":"em","size":"1.8"},"typography_letter_spacing":{"unit":"px","size":"0"},"_padding":{"unit":"px","top":"0","right":"30","bottom":"20","left":"30","isLinked":false},"typography_font_weight":"300","typography_font_size_tablet":{"unit":"px","size":"15"},"_padding_tablet":{"unit":"px","top":"5","right":"20","bottom":"10","left":"20","isLinked":false}},"elements":[],"isInner":false,"widgetType":"text-editor","elType":"widget"}],"isInner":true,"elType":"column"},{"id":"159c","settings":{"_column_size":33,"_inline_size":null,"background_background":"classic","background_color":"#fed1e8","border_border":"solid","border_width":{"unit":"px","top":"10","right":"10","bottom":"10","left":"10","isLinked":true},"border_color":"#ffffff","margin":{"unit":"%","top":"0","right":"0","bottom":"0","left":"6","isLinked":false},"margin_tablet":{"unit":"%","top":"0","right":"0","bottom":"0","left":"4","isLinked":false},"margin_mobile":{"unit":"px","top":"0","right":"0","bottom":"0","left":"0","isLinked":true}},"elements":[{"id":"19e9","settings":{"image":{"id":401,"url":"http:\/\/localhost\/checkupdate\/wp-content\/uploads\/2018\/03\/3-2-1.jpg"}},"elements":[],"isInner":false,"widgetType":"image","elType":"widget"},{"id":"366e","settings":{"title":"Accommodation","size":"large","title_color":"#424141","typography_typography":"custom","typography_font_size":{"unit":"px","size":"27"},"_margin":{"unit":"px","top":"0","right":"0","bottom":"0","left":"0","isLinked":false},"_padding":{"unit":"px","top":"20","right":"0","bottom":"0","left":"0","isLinked":false},"align":"center","typography_font_style":"italic","typography_font_size_tablet":{"unit":"px","size":"21"},"_padding_tablet":{"unit":"px","top":"0","right":"0","bottom":"0","left":"0","isLinked":true},"header_size":"h4"},"elements":[],"isInner":false,"widgetType":"heading","elType":"widget"},{"id":"610f","settings":{"editor":"<p>Lorem ipsum dolor sit amet, consectetur adipiscing elit. Morbi scelerisque tortor vitae tincidunt feugiat.<\/p>","align":"center","typography_typography":"custom","typography_font_size":{"unit":"px","size":"16"},"typography_font_family":"Poppins","typography_line_height":{"unit":"em","size":"1.8"},"typography_letter_spacing":{"unit":"px","size":"0"},"_padding":{"unit":"px","top":"0","right":"30","bottom":"20","left":"30","isLinked":false},"typography_font_weight":"300","typography_font_size_tablet":{"unit":"px","size":"15"},"_padding_tablet":{"unit":"px","top":"5","right":"20","bottom":"10","left":"20","isLinked":false}},"elements":[],"isInner":false,"widgetType":"text-editor","elType":"widget"}],"isInner":true,"elType":"column"}],"isInner":true,"elType":"section"}],"isInner":false,"elType":"column"}],"isInner":false,"elType":"section"},{"id":"171e","settings":{"background_background":"classic","background_position":"bottom right","background_repeat":"no-repeat","background_overlay_title":"","padding":{"unit":"px","top":"100","right":"0","bottom":"150","left":"0","isLinked":false},"gap":"no","background_color":"#ffffff","padding_tablet":{"unit":"px","top":"60","right":"30","bottom":"60","left":"30","isLinked":false}},"elements":[{"id":"4f59","settings":{"_column_size":100,"_inline_size":null},"elements":[{"id":"6f88","settings":{"title":"Location & Venue","size":"large","align":"center","title_color":"#424141","typography_typography":"custom","typography_font_size":{"unit":"px","size":"60"},"typography_font_family":"Playfair Display","typography_font_weight":"900","_padding":{"unit":"px","top":"0","right":"0","bottom":"80","left":"0","isLinked":false},"typography_font_size_tablet":{"unit":"px","size":"45"},"typography_font_size_mobile":{"unit":"px","size":"50"},"_padding_tablet":{"unit":"px","top":"0","right":"0","bottom":"50","left":"0","isLinked":false},"_padding_mobile":{"unit":"px","top":"0","right":"0","bottom":"40","left":"0","isLinked":false},"header_size":"h3"},"elements":[],"isInner":false,"widgetType":"heading","elType":"widget"},{"id":"28a3","settings":{"content_width":{"unit":"px","size":1140},"gap":"no","column_position_inner":"middle","content_position_inner":"","structure":"20","background_background":"classic","background_color":"#424141","background_repeat":"no-repeat","background_overlay_title":"","padding":{"unit":"px","top":"0","right":"0","bottom":"0","left":"0","isLinked":false},"content_position":"bottom"},"elements":[{"id":"6307","settings":{"_column_size":50,"_inline_size":null,"background_background":"classic","background_color":"#ebebeb","padding":{"unit":"px","top":"80","right":"80","bottom":"80","left":"80","isLinked":true},"padding_tablet":{"unit":"px","top":"80","right":"40","bottom":"80","left":"40","isLinked":false},"padding_mobile":{"unit":"px","top":"50","right":"50","bottom":"50","left":"50","isLinked":true}},"elements":[{"id":"1d21","settings":{"title":"Reception - 4:30pm","size":"large","title_color":"#424141","typography_font_size":{"unit":"px","size":"25"},"align":"center","typography_typography":"custom","typography_font_size_tablet":{"unit":"px","size":"25"},"typography_font_family":"Playfair Display","typography_font_style":"italic","header_size":"h4"},"elements":[],"isInner":false,"widgetType":"heading","elType":"widget"},{"id":"2546","settings":{"editor":"<p>The White Oaks Barn 658 Ranch Road Dahlonega, Georgia 30533<\/p>","align":"center","typography_typography":"custom","typography_font_size":{"unit":"px","size":"16"},"typography_font_family":"Poppins","typography_line_height":{"unit":"em","size":"1.7"},"typography_letter_spacing":{"unit":"px","size":"0"},"typography_font_size_tablet":{"unit":"px","size":"15"},"typography_font_weight":"300"},"elements":[],"isInner":false,"widgetType":"text-editor","elType":"widget"}],"isInner":true,"elType":"column"},{"id":"4fd2","settings":{"_column_size":50,"_inline_size":null,"padding":{"unit":"px","top":"80","right":"80","bottom":"80","left":"80","isLinked":true},"padding_tablet":{"unit":"px","top":"80","right":"40","bottom":"80","left":"40","isLinked":false},"padding_mobile":{"unit":"px","top":"50","right":"50","bottom":"50","left":"50","isLinked":true}},"elements":[{"id":"7c34","settings":{"title":"Ceremony - 3:30pm","size":"large","title_color":"#ffffff","typography_font_size":{"unit":"px","size":"25"},"align":"center","typography_typography":"custom","typography_font_size_tablet":{"unit":"px","size":"25"},"typography_font_family":"Playfair Display","typography_font_style":"italic","header_size":"h4"},"elements":[],"isInner":false,"widgetType":"heading","elType":"widget"},{"id":"6a5d","settings":{"editor":"<p>The White Oaks Barn 658 Ranch Road Dahlonega, Georgia 30533<\/p>","align":"center","text_color":"rgba(255,255,255,0.7)","typography_typography":"custom","typography_font_size":{"unit":"px","size":"16"},"typography_font_family":"Poppins","typography_line_height":{"unit":"em","size":"1.7"},"typography_letter_spacing":{"unit":"px","size":"0"},"typography_font_size_tablet":{"unit":"px","size":"15"},"typography_font_weight":"300"},"elements":[],"isInner":false,"widgetType":"text-editor","elType":"widget"}],"isInner":true,"elType":"column"}],"isInner":true,"elType":"section"},{"id":"27a0","settings":{"address":" The White Oaks Barn 658 Ranch Road Dahlonega, Georgia 30533","height":{"unit":"px","size":"300"},"_padding":{"unit":"px","top":"0","right":"0","bottom":"0","left":"0","isLinked":true}},"elements":[],"isInner":false,"widgetType":"google_maps","elType":"widget"}],"isInner":false,"elType":"column"}],"isInner":false,"elType":"section"},{"id":"5182","settings":{"content_width":{"unit":"px","size":"880"},"content_position":"middle","background_background":"classic","background_image":{"id":402,"url":"http:\/\/localhost\/checkupdate\/wp-content\/uploads\/2018\/03\/cover-RSVP.jpg"},"background_position":"center center","background_repeat":"no-repeat","background_size":"cover","background_overlay_title":"","background_overlay_background":"gradient","background_overlay_opacity":{"unit":"px","size":"0.7"},"padding":{"unit":"px","top":"150","right":"0","bottom":"150","left":"0","isLinked":false},"background_overlay_color_b":"#0f001c","background_color":"#ffffff","background_color_b":"#424141","background_overlay_image":{"id":402,"url":"http:\/\/localhost\/checkupdate\/wp-content\/uploads\/2018\/03\/cover-RSVP.jpg"},"gap":"no","background_overlay_color":"#ffffff","background_overlay_gradient_angle":{"unit":"deg","size":360},"padding_tablet":{"unit":"px","top":"80","right":"50","bottom":"80","left":"50","isLinked":false},"padding_mobile":{"unit":"px","top":"50","right":"20","bottom":"50","left":"20","isLinked":false}},"elements":[{"id":"24cd","settings":{"_column_size":100,"_inline_size":null},"elements":[{"id":"2bff","settings":{"title":"See You in a Bit...","size":"large","align":"center","title_color":"#ffffff","typography_typography":"custom","typography_font_size":{"unit":"px","size":"80"},"typography_font_family":"Playfair Display","typography_font_weight":"900","typography_font_style":"italic","typography_letter_spacing":{"unit":"px","size":-5},"_padding":{"unit":"px","top":"0","right":"0","bottom":"30","left":"0","isLinked":false},"typography_font_size_tablet":{"unit":"px","size":"60"},"typography_font_size_mobile":{"unit":"px","size":"42"},"typography_letter_spacing_mobile":{"unit":"px","size":-2.8},"header_size":"h5"},"elements":[],"isInner":false,"widgetType":"heading","elType":"widget"},{"id":"1dcc","settings":{"style":"double","weight":{"unit":"px","size":"6"},"color":"#fed1e8","width":{"unit":"%","size":"60"},"align":"center","gap":{"unit":"px","size":"0"},"_padding":{"unit":"px","top":"0","right":"220","bottom":"0","left":"220","isLinked":false},"_padding_tablet":{"unit":"px","top":"0","right":"100","bottom":"0","left":"100","isLinked":false},"_padding_mobile":{"unit":"px","top":"0","right":"0","bottom":"0","left":"0","isLinked":true}},"elements":[],"isInner":false,"widgetType":"divider","elType":"widget"},{"id":"815","settings":{"editor":"<p><i class=\"fa fa-heart\"><\/i> <span style=\"color: #ffffff;\">counting down<\/span> <i class=\"fa fa-heart\"><\/i><\/p>","align":"center","text_color":"#fed1e8","typography_typography":"custom","typography_font_size":{"unit":"px","size":"25"},"typography_font_family":"Poppins","typography_font_weight":"300","typography_text_transform":"capitalize","typography_letter_spacing":{"unit":"px","size":"0"},"_margin":{"unit":"%","top":"","right":"","bottom":"","left":"","isLinked":true},"_padding":{"unit":"%","top":"","right":"","bottom":"","left":"","isLinked":true},"_border_width":{"unit":"px","top":"3","right":"0","bottom":"3","left":"0","isLinked":false},"_border_color":"#ffffff","typography_font_size_mobile":{"unit":"px","size":"18"}},"elements":[],"isInner":false,"widgetType":"text-editor","elType":"widget"},{"id":"72a","settings":{"style":"double","weight":{"unit":"px","size":"6"},"color":"#fed1e8","width":{"unit":"%","size":"60"},"align":"center","gap":{"unit":"px","size":"0"},"_padding":{"unit":"px","top":"0","right":"220","bottom":"0","left":"220","isLinked":false},"_padding_tablet":{"unit":"px","top":"0","right":"100","bottom":"0","left":"100","isLinked":false},"_padding_mobile":{"unit":"px","top":"0","right":"0","bottom":"0","left":"0","isLinked":true},"_margin":{"unit":"px","top":"-20","right":"0","bottom":"0","left":"0","isLinked":false},"_margin_mobile":{"unit":"px","top":"-10","right":"0","bottom":"0","left":"0","isLinked":false}},"elements":[],"isInner":false,"widgetType":"divider","elType":"widget"},{"id":"91b","settings":{"due_date":"2018-01-01 06:16","label_days":"Days","label_hours":"Hours","label_minutes":"Minutes","label_seconds":"Seconds","container_width":{"unit":"%","size":"50"},"box_background_color":"rgba(66,65,65,0.75)","box_spacing":{"unit":"px","size":"20"},"box_spacing_mobile":{"unit":"px","size":"5"},"box_padding":{"unit":"px","top":"25","right":"25","bottom":"25","left":"25","isLinked":true},"box_padding_mobile":{"unit":"px","top":"17","right":"17","bottom":"17","left":"17","isLinked":true},"digits_color":"#ffffff","digits_typography_typography":"custom","digits_typography_font_size":{"unit":"px","size":"50"},"digits_typography_font_size_mobile":{"unit":"px","size":"28"},"digits_typography_font_family":"Poppins","digits_typography_font_weight":"700","label_color":"#fed1e8","label_typography_typography":"custom","label_typography_font_size_mobile":{"unit":"px","size":"13"},"label_typography_font_family":"Playfair Display","label_typography_font_style":"italic","_padding":{"unit":"px","top":"50","right":"0","bottom":"50","left":"0","isLinked":false},"_padding_tablet":{"unit":"px","top":"30","right":"0","bottom":"30","left":"0","isLinked":false}},"elements":[],"isInner":false,"widgetType":"countdown","elType":"widget"},{"id":"5a64","settings":{"content_width":{"unit":"px","size":"1140"},"column_position_inner":"middle","content_position_inner":"","background_background":"classic","background_color":"#ffffff","background_overlay_title":"","padding":{"unit":"px","top":"0","right":"0","bottom":"0","left":"0","isLinked":false}},"elements":[{"id":"1bf7","settings":{"_column_size":100,"_inline_size":null,"background_background":"classic","background_color":"#ffffff","border_border":"solid","border_width":{"unit":"px","top":"2","right":"2","bottom":"2","left":"2","isLinked":true},"border_color":"#424141","margin":{"unit":"px","top":"10","right":"10","bottom":"10","left":"10","isLinked":true},"padding":{"unit":"px","top":"40","right":"40","bottom":"40","left":"40","isLinked":true},"padding_tablet":{"unit":"px","top":"30","right":"30","bottom":"30","left":"30","isLinked":true},"padding_mobile":{"unit":"px","top":"30","right":"20","bottom":"30","left":"20","isLinked":false}},"elements":[{"id":"4ab8","settings":{"title":"rsvp","size":"large","align":"center","title_color":"#424141","typography_typography":"custom","typography_font_size":{"unit":"px","size":"50"},"typography_text_transform":"uppercase","typography_font_size_tablet":{"unit":"px","size":"35"},"header_size":"h3"},"elements":[],"isInner":false,"widgetType":"heading","elType":"widget"},{"id":"1091","settings":{"editor":"<p>Kindly respond by May 1, 2017<\/p>","align":"center","typography_typography":"custom","typography_font_size":{"unit":"px","size":"18"},"typography_font_family":"Poppins","typography_line_height":{"unit":"em","size":"1.7"},"typography_letter_spacing":{"unit":"px","size":"0"},"_padding":{"unit":"px","top":"0","right":"250","bottom":"30","left":"250","isLinked":false},"typography_font_size_tablet":{"unit":"px","size":"15"},"typography_font_weight":"300","_padding_tablet":{"unit":"px","top":"0","right":"0","bottom":"0","left":"0","isLinked":true}},"elements":[],"isInner":false,"widgetType":"text-editor","elType":"widget"},{"id":"6bf6","elType":"widget","settings":{"form_name":"New Form","form_fields":[{"_id":"name","field_type":"text","field_label":"Name","placeholder":"Name","width":"33","form_fields_tabs":"","form_fields_content_tab":"","required":"","field_options":"","inline_list":"","width_tablet":"","width_mobile":"","rows":4,"recaptcha_size":"normal","recaptcha_style":"light","css_classes":"","form_fields_advanced_tab":"","shortcode":"","field_value":"","file_sizes":"","file_types":"","allow_multiple_upload":"","max_files":"","acceptance_text":"","checked_by_default":"","field_min":"","field_max":"","min_date":"","max_date":"","use_native_date":"","use_native_time":"","allow_multiple":"","select_size":"","field_html":""},{"_id":"email","field_type":"email","required":"true","field_label":"Email","placeholder":"Email","width":"33","form_fields_tabs":"","form_fields_content_tab":"","field_options":"","inline_list":"","width_tablet":"","width_mobile":"","rows":4,"recaptcha_size":"normal","recaptcha_style":"light","css_classes":"","form_fields_advanced_tab":"","shortcode":"","field_value":"","file_sizes":"","file_types":"","allow_multiple_upload":"","max_files":"","acceptance_text":"","checked_by_default":"","field_min":"","field_max":"","min_date":"","max_date":"","use_native_date":"","use_native_time":"","allow_multiple":"","select_size":"","field_html":""},{"_id":"field_1","field_type":"number","required":"true","field_label":"Number of guests","placeholder":"Number of guests","width":"33","form_fields_tabs":"","form_fields_content_tab":"","field_options":"","inline_list":"","width_tablet":"","width_mobile":"","rows":4,"recaptcha_size":"normal","recaptcha_style":"light","css_classes":"","form_fields_advanced_tab":"","shortcode":"","field_value":"","file_sizes":"","file_types":"","allow_multiple_upload":"","max_files":"","acceptance_text":"","checked_by_default":"","field_min":"","field_max":"","min_date":"","max_date":"","use_native_date":"","use_native_time":"","allow_multiple":"","select_size":"","field_html":""},{"_id":"message","field_type":"textarea","field_label":"Message","placeholder":"Message","width":"100","form_fields_tabs":"","form_fields_content_tab":"","required":"","field_options":"","inline_list":"","width_tablet":"","width_mobile":"","rows":4,"recaptcha_size":"normal","recaptcha_style":"light","css_classes":"","form_fields_advanced_tab":"","shortcode":"","field_value":"","file_sizes":"","file_types":"","allow_multiple_upload":"","max_files":"","acceptance_text":"","checked_by_default":"","field_min":"","field_max":"","min_date":"","max_date":"","use_native_date":"","use_native_time":"","allow_multiple":"","select_size":"","field_html":""}],"show_labels":"","button_text":"Send rsvp","email_to":"no-reply@elementor.com","email_subject":"New message from \"Elementor\"","email_content":"[all-fields]","email_from":"email@demo.elementor.com","email_from_name":"Elementor","email_to_2":"no-reply@elementor.com","email_subject_2":"New message from \"Elementor\"","email_content_2":"[all-fields]","email_from_2":"email@demo.elementor.com","email_from_name_2":"Elementor","email_reply_to_2":"no-reply@elementor.com","success_message":"The form was sent successfully!","error_message":"There's something wrong... Please fill in the required fields.","required_field_message":"Required","invalid_message":"There's something wrong... The form is invalid.","column_gap":{"unit":"px","size":"40"},"row_gap":{"unit":"px","size":"30"},"field_text_color":"#424141","field_typography_typography":"custom","field_typography_font_size_tablet":{"unit":"px","size":"14"},"field_typography_font_family":"Poppins","field_border_color":"#b2afad","field_border_width":{"unit":"px","top":"0","right":"0","bottom":"2","left":"0","isLinked":false},"field_border_radius":{"unit":"px","top":"0","right":"0","bottom":"0","left":"0","isLinked":true},"button_text_color":"#424141","button_typography_typography":"custom","button_typography_font_size":{"unit":"px","size":"20"},"button_typography_font_size_tablet":{"unit":"px","size":"17"},"button_typography_font_family":"Playfair Display","button_typography_font_weight":"900","button_typography_text_transform":"uppercase","button_typography_letter_spacing":{"unit":"px","size":"2"},"button_background_color":"#fed1e8","button_border_width":{"unit":"px","top":"4","right":"4","bottom":"4","left":"4","isLinked":true},"button_border_color":"#fed1e8","button_border_radius":{"unit":"px","top":"0","right":"0","bottom":"0","left":"0","isLinked":true},"button_text_padding":{"unit":"px","top":"20","right":"30","bottom":"20","left":"30","isLinked":false},"_margin_mobile":{"unit":"px","top":"0","right":"0","bottom":"0","left":"0","isLinked":true},"_padding_mobile":{"unit":"px","top":"0","right":"0","bottom":"0","left":"0","isLinked":true},"button_hover_color":"#fed1e8","button_background_hover_color":"#424141"},"elements":[],"widgetType":"form"}],"isInner":true,"elType":"column"}],"isInner":true,"elType":"section"}],"isInner":false,"elType":"column"}],"isInner":false,"elType":"section"}],"page_settings":{"hide_title":"yes"}}