{"version":"0.4","title":"Christmas \u2013 Interior Design","type":"page","content":[{"id":"6588","settings":{"content_width":{"unit":"px","size":1100},"gap":"no","height":"min-height","custom_height":{"unit":"vh","size":90},"background_background":"classic","background_color_stop":{"unit":"%","size":28},"background_color_b":"#1000ff","background_gradient_angle":{"unit":"deg","size":330},"background_image":{"id":1211,"url":"http:\/\/localhost\/checkupdate\/wp-content\/uploads\/2018\/03\/head-q2.png"},"background_position":"center center","background_size":"cover","background_overlay_background":"gradient","background_overlay_image":{"id":1209,"url":"http:\/\/localhost\/checkupdate\/wp-content\/uploads\/2018\/03\/snoww.png"},"background_overlay_position":"bottom center","background_overlay_size":"cover","background_overlay_opacity":{"unit":"px","size":1},"background_overlay_hover_transition":{"unit":"px","size":3},"margin":{"unit":"px","top":"","right":0,"bottom":"","left":0,"isLinked":true},"margin_mobile":{"unit":"px","top":"0","right":0,"bottom":"0","left":0,"isLinked":true},"padding_mobile":{"unit":"px","top":"0","right":"25","bottom":"0","left":"25","isLinked":false},"custom_height_tablet":{"unit":"px","size":687},"custom_height_mobile":{"unit":"vh","size":80},"structure":"20","background_overlay_color":"rgba(0,0,0,0)","background_overlay_color_stop":{"unit":"%","size":71},"background_overlay_color_b":"#007056","background_overlay_color_b_stop":{"unit":"%","size":0},"background_overlay_gradient_angle":{"unit":"deg","size":270},"padding_tablet":{"unit":"px","top":"0","right":"30","bottom":"0","left":"30","isLinked":false}},"elements":[{"id":"517a","settings":{"_column_size":50,"_inline_size":45.71,"section_style":"","background_background":"classic","background_color":"#ffffff","background_image":{"id":1209,"url":"http:\/\/localhost\/checkupdate\/wp-content\/uploads\/2018\/03\/snoww.png"},"background_size":"cover","box_shadow_box_shadow":{"horizontal":0,"vertical":0,"blur":10,"spread":0,"inset":"","color":"rgba(0,0,0,0.5)"},"section_typo":"","section_advanced":"","margin":{"unit":"px","top":"50","right":"0","bottom":"50","left":"0","isLinked":false},"padding":{"unit":"px","top":"80","right":"80","bottom":"80","left":"80","isLinked":true},"section_responsive":"","screen_xs":"default","screen_xs_width":"100","margin_tablet":{"unit":"%","top":"0","right":"0","bottom":"0","left":"0","isLinked":true},"margin_mobile":{"unit":"px","top":"0","right":"0","bottom":"0","left":"0","isLinked":true},"padding_tablet":{"unit":"px","top":"40","right":"40","bottom":"40","left":"40","isLinked":true},"padding_mobile":{"unit":"px","top":"50","right":"30","bottom":"50","left":"30","isLinked":false},"animation":"fadeInLeft"},"elements":[{"id":"5c6e","settings":{"image":{"id":1208,"url":"http:\/\/localhost\/checkupdate\/wp-content\/uploads\/2018\/03\/logo3-1.png"},"align":"left","space":{"unit":"%","size":51},"_margin":{"unit":"px","top":"0","right":"0","bottom":"40","left":"0","isLinked":false},"align_mobile":"center","space_mobile":{"unit":"%","size":42},"space_tablet":{"unit":"%","size":75},"_padding":{"unit":"px","top":"0","right":"0","bottom":"30","left":"0","isLinked":false},"_padding_tablet":{"unit":"px","top":"0","right":"0","bottom":"0","left":"0","isLinked":false}},"elements":[],"isInner":false,"widgetType":"image","elType":"widget"},{"id":"f0f","settings":{"title":"Christmas special","header_size":"h1","title_color":"#000000","typography_typography":"custom","typography_font_size":{"unit":"px","size":43},"typography_font_family":"Rajdhani","typography_font_weight":"600","_margin":{"unit":"px","top":"0","right":"0","bottom":"0","left":"0","isLinked":false},"typography_line_height":{"unit":"em","size":1.1},"typography_font_size_tablet":{"unit":"px","size":32},"align_mobile":"center","typography_font_size_mobile":{"unit":"px","size":29},"_margin_mobile":{"unit":"px","top":"0","right":"0","bottom":"0","left":"0","isLinked":true},"_padding_mobile":{"unit":"px","top":"0","right":"0","bottom":"0","left":"0","isLinked":true}},"elements":[],"isInner":false,"widgetType":"heading","elType":"widget"},{"id":"2b9c","settings":{"title":"25% off","header_size":"h1","title_color":"#000000","typography_typography":"custom","typography_font_size":{"unit":"px","size":100},"typography_font_family":"Rajdhani","typography_font_weight":"600","_margin":{"unit":"px","top":"-20","right":"0","bottom":"0","left":"0","isLinked":false},"typography_line_height":{"unit":"em","size":1.1},"typography_font_size_tablet":{"unit":"px","size":85},"align_mobile":"center","typography_font_size_mobile":{"unit":"px","size":76},"_margin_mobile":{"unit":"px","top":"-18","right":"0","bottom":"0","left":"0","isLinked":false},"_padding_mobile":{"unit":"px","top":"0","right":"0","bottom":"10","left":"0","isLinked":false},"typography_letter_spacing":{"unit":"px","size":-5}},"elements":[],"isInner":false,"widgetType":"heading","elType":"widget"},{"id":"49a5","settings":{"text":"Upgrade your room","typography_typography":"custom","typography_font_size":{"unit":"px","size":20},"typography_font_family":"Rajdhani","typography_font_weight":"900","typography_text_transform":"uppercase","background_color":"#f31414","hover_color":"#ffffff","button_background_hover_color":"#000f68","hover_animation":"grow","border_radius":{"unit":"px","top":"0","right":"0","bottom":"0","left":"0","isLinked":true},"text_padding":{"unit":"px","top":"17","right":"35","bottom":"17","left":"35","isLinked":false},"_padding":{"unit":"px","top":"20","right":"0","bottom":"0","left":"0","isLinked":false},"_padding_tablet":{"unit":"px","top":"15","right":"0","bottom":"0","left":"0","isLinked":false},"align_mobile":"center","_margin_mobile":{"unit":"px","top":"0","right":"0","bottom":"0","left":"0","isLinked":true},"_padding_mobile":{"unit":"px","top":"0","right":"0","bottom":"0","left":"0","isLinked":true},"typography_font_size_tablet":{"unit":"px","size":16},"typography_letter_spacing":{"unit":"px","size":1.8}},"elements":[],"isInner":false,"widgetType":"button","elType":"widget"}],"isInner":false,"elType":"column"},{"id":"d2b","settings":{"_column_size":50,"_inline_size":54.29,"background_background":"classic","background_size":"cover"},"elements":[],"isInner":false,"elType":"column"}],"isInner":false,"elType":"section"},{"id":"4d59","settings":{"content_width":{"unit":"px","size":1100},"content_position":"middle","padding":{"unit":"px","top":"50","right":"0","bottom":"50","left":"0","isLinked":false},"structure":"20","background_background":"classic","background_image":{"id":1220,"url":"http:\/\/localhost\/checkupdate\/wp-content\/uploads\/2018\/03\/back-back.png"},"background_position":"bottom center","background_repeat":"no-repeat","background_size":"cover","height":"min-height","custom_height":{"unit":"vh","size":50}},"elements":[{"id":"85d","settings":{"_column_size":50,"_inline_size":null,"margin_tablet":{"unit":"px","top":"0","right":"0","bottom":"0","left":"0","isLinked":true},"padding_tablet":{"unit":"px","top":"0","right":"0","bottom":"0","left":"50","isLinked":false},"margin_mobile":{"unit":"px","top":"0","right":"0","bottom":"0","left":"0","isLinked":true},"padding_mobile":{"unit":"px","top":"0","right":"25","bottom":"0","left":"25","isLinked":false}},"elements":[{"id":"5b21","settings":{"image":{"id":1214,"url":"http:\/\/localhost\/checkupdate\/wp-content\/uploads\/2018\/03\/cc3.png"},"align":"left","space":{"unit":"%","size":12},"hover_animation":"grow","align_mobile":"center"},"elements":[],"isInner":false,"widgetType":"image","elType":"widget"},{"id":"b46","settings":{"title":"Professional Service\u200b","header_size":"h3","title_color":"#4b4a45","typography_typography":"custom","typography_font_size":{"unit":"px","size":20},"typography_font_family":"Rajdhani","typography_font_weight":"500","typography_font_size_tablet":{"unit":"px","size":16},"align_mobile":"center"},"elements":[],"isInner":false,"widgetType":"heading","elType":"widget"},{"id":"5107","settings":{"title":"Find the perfect furniture and the perfect design.\u200b","title_color":"#000000","typography_typography":"custom","typography_font_size":{"unit":"px","size":45},"typography_font_family":"Rajdhani","typography_font_weight":"900","typography_line_height":{"unit":"em","size":1.2},"typography_font_size_tablet":{"unit":"px","size":35},"align_mobile":"center","typography_font_size_mobile":{"unit":"px","size":24}},"elements":[],"isInner":false,"widgetType":"heading","elType":"widget"},{"id":"5234","settings":{"editor":"<p>Leverage agile frameworks to provide a robust synopsis for high level overviews. Iterative approaches to corporate strategy foster collaborative thinking to further the overall value proposition. Organically grow a holistic world view.<\/p>","typography_typography":"custom","typography_font_size":{"unit":"px","size":20},"typography_font_family":"Rajdhani","typography_font_weight":"400","typography_line_height":{"unit":"em","size":2},"_padding":{"unit":"px","top":"20","right":"0","bottom":"0","left":"0","isLinked":false},"typography_font_size_tablet":{"unit":"px","size":14},"align_mobile":"center","text_color":"#6b6b6b","_padding_mobile":{"unit":"px","top":"0","right":"0","bottom":"0","left":"0","isLinked":false},"_padding_tablet":{"unit":"px","top":"0","right":"0","bottom":"0","left":"0","isLinked":true}},"elements":[],"isInner":false,"widgetType":"text-editor","elType":"widget"}],"isInner":false,"elType":"column"},{"id":"5da0","settings":{"_column_size":50,"_inline_size":null,"animation":"fadeInDown"},"elements":[{"id":"15d2","settings":{"image":{"id":1216,"url":"http:\/\/localhost\/checkupdate\/wp-content\/uploads\/2018\/03\/face1-2.png"},"align":"left","space":{"unit":"%","size":31},"image_border_width":{"unit":"px","top":"1","right":"1","bottom":"1","left":"1","isLinked":true},"_margin":{"unit":"px","top":"55","right":"0","bottom":"0","left":"060","isLinked":false},"_z_index":3,"_margin_tablet":{"unit":"px","top":"0","right":"0","bottom":"70","left":"45","isLinked":false}},"elements":[],"isInner":false,"widgetType":"image","elType":"widget"},{"id":"76a3","settings":{"image":{"id":1218,"url":"http:\/\/localhost\/checkupdate\/wp-content\/uploads\/2018\/03\/mobile-q.png"},"image_size":"full","space":{"unit":"%","size":60},"_margin":{"unit":"px","top":"-185","right":"0","bottom":"0","left":"0","isLinked":false},"_z_index":1,"_margin_mobile":{"unit":"px","top":"-170","right":"0","bottom":"0","left":"0","isLinked":false}},"elements":[],"isInner":false,"widgetType":"image","elType":"widget"}],"isInner":false,"elType":"column"}],"isInner":false,"elType":"section"},{"id":"9f7","settings":{"content_width":{"unit":"px","size":1100},"gap":"no","content_position":"middle","structure":"20","padding":{"unit":"px","top":"70","right":"0","bottom":"100","left":"0","isLinked":false},"background_background":"classic","background_color":"#e6e6e6","reverse_order_mobile":"reverse-mobile","padding_tablet":{"unit":"px","top":"30","right":"0","bottom":"50","left":"0","isLinked":false}},"elements":[{"id":"6615","settings":{"_column_size":50,"_inline_size":null,"animation":"fadeInUp","padding_mobile":{"unit":"px","top":"0","right":"0","bottom":"0","left":"20","isLinked":false}},"elements":[{"id":"3d1e","settings":{"image":{"id":1223,"url":"http:\/\/localhost\/checkupdate\/wp-content\/uploads\/2018\/03\/face2-2.png"},"space":{"unit":"%","size":15},"_margin":{"unit":"px","top":"0","right":"0","bottom":"-100","left":"-100","isLinked":false},"_z_index":2,"_margin_tablet":{"unit":"px","top":"0","right":"0","bottom":"-90","left":"0","isLinked":false},"_margin_mobile":{"unit":"px","top":"0","right":"-120","bottom":"-50","left":"0","isLinked":false}},"elements":[],"isInner":false,"widgetType":"image","elType":"widget"},{"id":"59ff","settings":{"image":{"id":1226,"url":"http:\/\/localhost\/checkupdate\/wp-content\/uploads\/2018\/03\/face3-2.png"},"space":{"unit":"%","size":25},"_margin":{"unit":"px","top":"0","right":"-55","bottom":"0","left":"0","isLinked":false},"_z_index":3,"_margin_tablet":{"unit":"px","top":"0","right":"0","bottom":"80","left":"100","isLinked":false},"_margin_mobile":{"unit":"px","top":"0","right":"-80","bottom":"0","left":"0","isLinked":false}},"elements":[],"isInner":false,"widgetType":"image","elType":"widget"},{"id":"33cc","settings":{"image":{"id":1228,"url":"http:\/\/localhost\/checkupdate\/wp-content\/uploads\/2018\/03\/chair.png"},"image_size":"full","align":"left","_margin":{"unit":"px","top":"-185","right":"0","bottom":"0","left":"0","isLinked":false},"_padding":{"unit":"px","top":"0","right":"35","bottom":"0","left":"0","isLinked":false},"_z_index":1,"_margin_mobile":{"unit":"px","top":"-170","right":"0","bottom":"0","left":"0","isLinked":false},"_padding_mobile":{"unit":"px","top":"0","right":"0","bottom":"0","left":"0","isLinked":true},"space":{"unit":"%","size":80},"align_tablet":"left"},"elements":[],"isInner":false,"widgetType":"image","elType":"widget"}],"isInner":false,"elType":"column"},{"id":"51f6","settings":{"_column_size":50,"_inline_size":null,"padding_tablet":{"unit":"px","top":"0","right":"50","bottom":"0","left":"0","isLinked":false},"margin_mobile":{"unit":"px","top":"0","right":"0","bottom":"0","left":"0","isLinked":true},"padding_mobile":{"unit":"px","top":"0","right":"25","bottom":"0","left":"25","isLinked":false}},"elements":[{"id":"d2a","settings":{"image":{"id":1231,"url":"http:\/\/localhost\/checkupdate\/wp-content\/uploads\/2018\/03\/c2.png"},"align":"left","space":{"unit":"%","size":12},"hover_animation":"grow","align_mobile":"center"},"elements":[],"isInner":false,"widgetType":"image","elType":"widget"},{"id":"171b","settings":{"title":"Real People","header_size":"h3","title_color":"#4b4a45","typography_typography":"custom","typography_font_size":{"unit":"px","size":20},"typography_font_family":"Rajdhani","typography_font_weight":"500","typography_font_size_tablet":{"unit":"px","size":16},"align_mobile":"center"},"elements":[],"isInner":false,"widgetType":"heading","elType":"widget"},{"id":"40b8","settings":{"title":"Getting help from an interior designer makes all the difference.\u200b","title_color":"#000000","typography_typography":"custom","typography_font_size":{"unit":"px","size":45},"typography_font_family":"Rajdhani","typography_font_weight":"900","typography_line_height":{"unit":"em","size":1.2},"typography_font_size_tablet":{"unit":"px","size":35},"align_mobile":"center","typography_font_size_mobile":{"unit":"px","size":24}},"elements":[],"isInner":false,"widgetType":"heading","elType":"widget"},{"id":"4e91","settings":{"editor":"<p>Leverage agile frameworks to provide a robust synopsis for high level overviews. Iterative approaches to corporate strategy foster collaborative thinking to further the overall value proposition. Organically grow a holistic world view.<\/p>","typography_typography":"custom","typography_font_size":{"unit":"px","size":20},"typography_font_family":"Rajdhani","typography_font_weight":"400","typography_line_height":{"unit":"em","size":2},"_padding":{"unit":"px","top":"20","right":"0","bottom":"0","left":"0","isLinked":false},"typography_font_size_tablet":{"unit":"px","size":14},"align_mobile":"center","text_color":"#6b6b6b","_padding_mobile":{"unit":"px","top":"0","right":"0","bottom":"0","left":"0","isLinked":true},"_padding_tablet":{"unit":"px","top":"0","right":"0","bottom":"0","left":"0","isLinked":true}},"elements":[],"isInner":false,"widgetType":"text-editor","elType":"widget"}],"isInner":false,"elType":"column"}],"isInner":false,"elType":"section"},{"id":"1782","settings":{"content_width":{"unit":"px","size":1100},"gap":"no","content_position":"middle","background_background":"classic","background_color":"#007056","padding":{"unit":"px","top":"80","right":"0","bottom":"80","left":"0","isLinked":false},"padding_tablet":{"unit":"px","top":"50","right":"50","bottom":"50","left":"50","isLinked":false},"margin_mobile":{"unit":"px","top":"0","right":0,"bottom":"0","left":0,"isLinked":true},"padding_mobile":{"unit":"px","top":"50","right":"25","bottom":"50","left":"25","isLinked":false},"background_overlay_background":"classic","background_overlay_image":{"id":1236,"url":"http:\/\/localhost\/checkupdate\/wp-content\/uploads\/2018\/03\/head-overlay2.png"},"background_overlay_size":"cover"},"elements":[{"id":"42cd","settings":{"_column_size":100,"padding_tablet":{"unit":"px","top":"0","right":"0","bottom":"0","left":"0","isLinked":true}},"elements":[{"id":"3064","settings":{"slides":[{"content":"I think that Iterative approaches to corporate strategy foster collaborative thinking to further the overall value proposition. Organically grow a holistic world view.","name":"Tammy  Olson","title":"","image":{"id":1232,"url":"http:\/\/localhost\/checkupdate\/wp-content\/uploads\/2018\/03\/team_3-1.jpg"},"_id":"4bdnxy3"},{"content":"I think that Iterative approaches to corporate strategy foster collaborative thinking to further the overall value proposition. Organically grow a holistic world view.","name":"Genevieve Reyes","title":"","image":{"id":1234,"url":"http:\/\/localhost\/checkupdate\/wp-content\/uploads\/2018\/03\/face-5.png"},"_id":"4pqmoj0"},{"content":"\nI think that Iterative approaches to corporate strategy foster collaborative thinking to further the overall value proposition. Organically grow a holistic world view.","image":{"id":1235,"url":"http:\/\/localhost\/checkupdate\/wp-content\/uploads\/2018\/03\/flyleaf-testimonial-1.jpg"},"name":"Shannon King","title":"","_id":"d2b3270"}],"slides_per_view":"1","width":{"unit":"%","size":90},"space_between":{"unit":"px","size":0},"slide_background_color":"rgba(255,255,255,0)","content_color":"#ffffff","content_typography_typography":"custom","content_typography_font_size":{"unit":"px","size":20},"content_typography_font_family":"Rajdhani","content_typography_font_weight":"400","content_typography_font_style":"normal","name_color":"#ffffff","name_typography_typography":"custom","name_typography_font_size":{"unit":"px","size":20},"name_typography_font_family":"Rajdhani","name_typography_font_weight":"900","image_size":{"unit":"px","size":100},"image_gap":{"unit":"px","size":15},"image_border_color":"rgba(255,255,255,0.09)","image_border_width":{"unit":"px","size":1},"image_border_radius":{"unit":"px","size":100},"arrows_size":{"unit":"px","size":27},"arrows_color":"rgba(0,15,104,0.17)","pagination_size":{"unit":"px","size":5},"pagination_color":"#000f68","_margin_mobile":{"unit":"px","top":"0","right":"0","bottom":"0","left":"0","isLinked":true},"_padding_mobile":{"unit":"px","top":"0","right":"0","bottom":"0","left":"0","isLinked":true},"width_mobile":{"unit":"px","size":300},"show_arrows":"","space_between_mobile":{"unit":"px","size":0},"content_gap_mobile":{"unit":"px","size":20},"content_typography_font_size_mobile":{"unit":"px","size":16},"name_typography_font_size_mobile":{"unit":"px","size":16},"image_gap_mobile":{"unit":"px","size":10},"pagination":"","image_border":"yes"},"elements":[],"isInner":false,"widgetType":"testimonial-carousel","elType":"widget"}],"isInner":false,"elType":"column"}],"isInner":false,"elType":"section"},{"id":"7d0b","settings":{"layout":"full_width","gap":"no","custom_height":{"unit":"vh","size":70},"column_position":"stretch","structure":"30","background_background":"classic","background_overlay_background":"classic","custom_height_tablet":{"unit":"px","size":0},"margin_tablet":{"unit":"px","top":"0","right":0,"bottom":"0","left":0,"isLinked":true},"padding_tablet":{"unit":"px","top":"0","right":"0","bottom":"0","left":"0","isLinked":true},"height":"min-height"},"elements":[{"id":"6ed0","settings":{"_column_size":33,"_inline_size":50.549,"background_background":"classic","background_image":{"id":1237,"url":"http:\/\/localhost\/checkupdate\/wp-content\/uploads\/2018\/03\/imgi1.jpg"},"background_position":"center center","background_repeat":"no-repeat","background_size":"cover","padding_mobile":{"unit":"px","top":"150","right":"150","bottom":"150","left":"150","isLinked":true},"_inline_size_tablet":40,"margin_tablet":{"unit":"px","top":"0","right":"0","bottom":"0","left":"0","isLinked":true},"padding_tablet":{"unit":"px","top":"0","right":"0","bottom":"0","left":"0","isLinked":true}},"elements":[{"id":"4e93","settings":[],"elements":[],"isInner":false,"widgetType":"spacer","elType":"widget"}],"isInner":false,"elType":"column"},{"id":"40ef","settings":{"_column_size":33,"_inline_size":26.768,"_inline_size_tablet":30,"_inline_size_mobile":50,"margin_tablet":{"unit":"px","top":"0","right":"0","bottom":"0","left":"0","isLinked":true},"padding_tablet":{"unit":"px","top":"0","right":"0","bottom":"0","left":"0","isLinked":true},"background_background":"classic","background_color":"#f31414"},"elements":[{"id":"3ec9","settings":{"image":{"id":1238,"url":"http:\/\/localhost\/checkupdate\/wp-content\/uploads\/2018\/03\/ii11.jpg"},"_padding_tablet":{"unit":"px","top":"0","right":"0","bottom":"0","left":"0","isLinked":true},"space_tablet":{"unit":"%","size":100}},"elements":[],"isInner":false,"widgetType":"image","elType":"widget"},{"id":"29ce","settings":{"image":{"id":1239,"url":"http:\/\/localhost\/checkupdate\/wp-content\/uploads\/2018\/03\/ch4.png"},"space":{"unit":"%","size":20},"opacity":{"unit":"px","size":0.89},"hover_animation":"grow","_padding":{"unit":"px","top":"100","right":"0","bottom":"100","left":"0","isLinked":false},"_padding_tablet":{"unit":"px","top":"50","right":"0","bottom":"70","left":"0","isLinked":false},"_padding_mobile":{"unit":"px","top":"40","right":"0","bottom":"50","left":"0","isLinked":false}},"elements":[],"isInner":false,"widgetType":"image","elType":"widget"}],"isInner":false,"elType":"column"},{"id":"14da","settings":{"_column_size":33,"_inline_size":26.719,"_inline_size_tablet":30,"_inline_size_mobile":50,"content_position":"bottom","background_background":"classic","background_color":"#f31414"},"elements":[{"id":"27fc","settings":{"image":{"id":1240,"url":"http:\/\/localhost\/checkupdate\/wp-content\/uploads\/2018\/03\/ch3.png"},"image_size":"full","space":{"unit":"%","size":20},"hover_animation":"grow","_padding":{"unit":"px","top":"90","right":"0","bottom":"90","left":"0","isLinked":false},"_padding_tablet":{"unit":"px","top":"70","right":"0","bottom":"50","left":"0","isLinked":false},"_padding_mobile":{"unit":"px","top":"50","right":"0","bottom":"40","left":"0","isLinked":false}},"elements":[],"isInner":false,"widgetType":"image","elType":"widget"},{"id":"7e85","settings":{"image":{"id":1241,"url":"http:\/\/localhost\/checkupdate\/wp-content\/uploads\/2018\/03\/ii12.jpg"},"space_mobile":{"unit":"%","size":100},"space_tablet":{"unit":"%","size":100}},"elements":[],"isInner":false,"widgetType":"image","elType":"widget"}],"isInner":false,"elType":"column"}],"isInner":false,"elType":"section"},{"id":"227e","settings":{"content_width":{"unit":"px","size":1100},"gap":"no","content_position":"middle","background_background":"classic","background_color":"#e6e6e6","background_overlay_background":"classic","background_overlay_position":"bottom center","background_overlay_size":"cover","background_overlay_opacity":{"unit":"px","size":0.29},"padding":{"unit":"px","top":"100","right":"0","bottom":"0","left":"0","isLinked":false},"padding_mobile":{"unit":"px","top":"70","right":"20","bottom":"70","left":"20","isLinked":false},"border_width":{"unit":"px","top":"3","right":"0","bottom":"0","left":"0","isLinked":false},"padding_tablet":{"unit":"px","top":"80","right":"0","bottom":"0","left":"0","isLinked":false}},"elements":[{"id":"6c39","settings":{"_column_size":100},"elements":[{"id":"47e8","settings":{"title":"Your Property Is Our Concern\u200b","header_size":"h3","align":"center","title_color":"rgba(75,74,69,0.81)","typography_typography":"custom","typography_font_size":{"unit":"px","size":20},"typography_font_family":"Rajdhani","typography_font_weight":"500","typography_font_size_mobile":{"unit":"px","size":16},"typography_font_size_tablet":{"unit":"px","size":19}},"elements":[],"isInner":false,"widgetType":"heading","elType":"widget"},{"id":"7e01","settings":{"title":"Make Your Space Beautiful\u200b","align":"center","title_color":"#000000","typography_typography":"custom","typography_font_size":{"unit":"px","size":55},"typography_font_family":"Rajdhani","typography_font_weight":"900","typography_line_height":{"unit":"em","size":1.2},"typography_font_size_mobile":{"unit":"px","size":30},"typography_font_size_tablet":{"unit":"px","size":50},"_margin_tablet":{"unit":"px","top":"-13","right":"0","bottom":"0","left":"0","isLinked":false}},"elements":[],"isInner":false,"widgetType":"heading","elType":"widget"},{"id":"2c00","settings":{"content_position":"middle","structure":"30","padding":{"unit":"px","top":"40","right":"0","bottom":"0","left":"0","isLinked":false},"padding_mobile":{"unit":"px","top":"0","right":"0","bottom":"0","left":"0","isLinked":false},"margin_tablet":{"unit":"px","top":"0","right":0,"bottom":"0","left":0,"isLinked":true},"padding_tablet":{"unit":"px","top":"15","right":"15","bottom":"80","left":"15","isLinked":false},"margin":{"unit":"px","top":"0","right":0,"bottom":"100","left":0,"isLinked":false}},"elements":[{"id":"5ee7","settings":{"_column_size":33,"_inline_size":null,"background_background":"classic","margin_tablet":{"unit":"px","top":"0","right":"0","bottom":"0","left":"0","isLinked":true},"padding_tablet":{"unit":"px","top":"10","right":"10","bottom":"10","left":"10","isLinked":true},"animation":"fadeIn"},"elements":[{"id":"24a6","settings":{"heading":"Basic","sub_heading":"","price":"9.99","period":"Monthly","features_list":[{"item_text":"Capitalize on low hanging fruit to identify a ballpark value added activity to beta test","item_icon":"","_id":"vszm8t4","item_icon_color":""}],"button_text":"SIGN UP","footer_additional_info":"","show_ribbon":"","ribbon_title":"Popular","header_bg_color":"#ffffff","header_padding":{"unit":"px","top":"40","right":"20","bottom":"20","left":"20","isLinked":false},"heading_color":"#000000","heading_typography_typography":"custom","heading_typography_font_size":{"unit":"px","size":45},"heading_typography_font_family":"Rajdhani","heading_typography_font_weight":"900","sub_heading_color":"#4b4a45","sub_heading_typography_typography":"custom","sub_heading_typography_font_size":{"unit":"px","size":20},"sub_heading_typography_font_family":"Rajdhani","sub_heading_typography_font_weight":"400","price_color":"#000000","price_typography_typography":"custom","price_typography_font_size":{"unit":"px","size":100},"price_typography_font_family":"Rajdhani","price_typography_font_weight":"900","period_color":"#000000","period_typography_typography":"custom","period_typography_font_size":{"unit":"px","size":20},"period_typography_font_family":"Rajdhani","period_typography_font_weight":"400","features_list_bg_color":"#ffffff","features_list_padding":{"unit":"px","top":"0","right":"25","bottom":"10","left":"25","isLinked":false},"features_list_color":"#6b6b6b","features_list_typography_typography":"custom","features_list_typography_font_size":{"unit":"px","size":18},"features_list_typography_font_family":"Rajdhani","features_list_typography_line_height":{"unit":"em","size":1.5},"divider_color":"#ffffff","footer_bg_color":"#ffffff","footer_padding":{"unit":"px","top":"20","right":"20","bottom":"40","left":"20","isLinked":false},"button_text_color":"#ffffff","button_typography_typography":"custom","button_typography_font_size":{"unit":"px","size":16},"button_typography_font_family":"Rajdhani","button_typography_font_weight":"900","button_typography_text_transform":"uppercase","button_background_color":"#f31414","button_border_radius":{"unit":"px","top":"0","right":"0","bottom":"0","left":"0","isLinked":true},"button_text_padding":{"unit":"px","top":"17","right":"35","bottom":"17","left":"35","isLinked":false},"button_hover_color":"#ffffff","button_background_hover_color":"#000f68","button_hover_animation":"grow","_background_background":"classic","_background_color":"rgba(0,0,0,0)","_border_width":{"unit":"px","top":"2","right":"2","bottom":"2","left":"2","isLinked":true},"_border_color":"#007056","pricing_element_bg_color":"#ffffff","features_list_typography_font_size_tablet":{"unit":"px","size":14},"features_list_typography_font_weight":"400","heading_typography_font_size_tablet":{"unit":"px","size":30},"price_typography_font_size_tablet":{"unit":"px","size":80},"header_padding_tablet":{"unit":"px","top":"30","right":"0","bottom":"0","left":"0","isLinked":false},"sub_heading_typography_font_size_tablet":{"unit":"px","size":16},"pricing_element_padding_tablet":{"unit":"px","top":"25","right":"0","bottom":"25","left":"0","isLinked":false},"currency_size":{"unit":"px","size":25},"fractional-part_size":{"unit":"px","size":16},"period_typography_font_size_tablet":{"unit":"px","size":16},"features_list_padding_tablet":{"unit":"px","top":"0","right":"15","bottom":"25","left":"15","isLinked":false},"footer_padding_tablet":{"unit":"px","top":"0","right":"0","bottom":"30","left":"0","isLinked":false},"pricing_element_padding":{"unit":"px","top":"20","right":"20","bottom":"20","left":"20","isLinked":true}},"elements":[],"isInner":false,"widgetType":"price-table","elType":"widget"}],"isInner":true,"elType":"column"},{"id":"793d","settings":{"_column_size":33,"_inline_size":null,"border_width":{"unit":"px","top":"2","right":"2","bottom":"2","left":"2","isLinked":true},"border_color":"#f31414","margin_tablet":{"unit":"px","top":"0","right":"0","bottom":"0","left":"0","isLinked":true},"padding_tablet":{"unit":"px","top":"0","right":"0","bottom":"0","left":"0","isLinked":true},"padding_mobile":{"unit":"px","top":"20","right":"0","bottom":"20","left":"0","isLinked":false},"animation":"fadeIn"},"elements":[{"id":"7a94","settings":{"heading":"Premium","sub_heading":"","price":"29.99","period":"Monthly","features_list":[{"item_text":"Capitalize on low hanging fruit to identify a ballpark value added activity to beta test","item_icon":"","_id":"vszm8t4","item_icon_color":""}],"button_text":"SIGN UP","footer_additional_info":"","ribbon_title":"Special","header_bg_color":"rgba(0,0,0,0)","header_padding":{"unit":"px","top":"60","right":"0","bottom":"20","left":"0","isLinked":false},"heading_color":"#000000","heading_typography_typography":"custom","heading_typography_font_size":{"unit":"px","size":45},"heading_typography_font_family":"Rajdhani","heading_typography_font_weight":"900","sub_heading_color":"#000000","sub_heading_typography_typography":"custom","sub_heading_typography_font_size":{"unit":"px","size":20},"sub_heading_typography_font_family":"Rajdhani","sub_heading_typography_font_weight":"400","price_color":"#f31414","price_typography_typography":"custom","price_typography_font_size":{"unit":"px","size":100},"price_typography_font_family":"Rajdhani","price_typography_font_weight":"900","period_color":"#000000","period_typography_typography":"custom","period_typography_font_size":{"unit":"px","size":20},"period_typography_font_family":"Rajdhani","period_typography_font_weight":"400","features_list_bg_color":"rgba(0,15,104,0)","features_list_padding":{"unit":"px","top":"0","right":"25","bottom":"10","left":"25","isLinked":false},"features_list_color":"#6b6b6b","features_list_typography_typography":"custom","features_list_typography_font_size":{"unit":"px","size":18},"features_list_typography_font_family":"Rajdhani","features_list_typography_font_weight":"400","features_list_typography_line_height":{"unit":"em","size":1.5},"divider_color":"rgba(221,221,221,0)","footer_bg_color":"rgba(0,0,0,0)","footer_padding":{"unit":"px","top":"20","right":"20","bottom":"60","left":"20","isLinked":false},"button_text_color":"#ffffff","button_typography_typography":"custom","button_typography_font_size":{"unit":"px","size":16},"button_typography_font_family":"Rajdhani","button_typography_font_weight":"900","button_typography_text_transform":"uppercase","button_background_color":"#f31414","button_border_radius":{"unit":"px","top":"0","right":"0","bottom":"0","left":"0","isLinked":true},"button_text_padding":{"unit":"px","top":"17","right":"35","bottom":"17","left":"35","isLinked":false},"button_hover_color":"#ffffff","button_background_hover_color":"#000f68","button_hover_animation":"grow","_background_background":"classic","_background_color":"#ffffff","_border_width":{"unit":"px","top":"2","right":"2","bottom":"2","left":"2","isLinked":true},"_border_color":"#007056","features_list_typography_font_size_tablet":{"unit":"px","size":14},"heading_typography_font_size_tablet":{"unit":"px","size":30},"price_typography_font_size_tablet":{"unit":"px","size":80},"header_padding_tablet":{"unit":"px","top":"40","right":"0","bottom":"0","left":"0","isLinked":false},"sub_heading_typography_font_size_tablet":{"unit":"px","size":16},"pricing_element_padding_tablet":{"unit":"px","top":"25","right":"0","bottom":"25","left":"0","isLinked":false},"currency_size":{"unit":"px","size":25},"fractional-part_size":{"unit":"px","size":16},"period_typography_font_size_tablet":{"unit":"px","size":16},"features_list_padding_tablet":{"unit":"px","top":"0","right":"15","bottom":"25","left":"15","isLinked":false},"footer_padding_tablet":{"unit":"px","top":"0","right":"0","bottom":"40","left":"0","isLinked":false},"_border_border":"solid","ribbon_bg_color":"#007056","_border_hover_border":"solid","_border_hover_color":"#f31414"},"elements":[],"isInner":false,"widgetType":"price-table","elType":"widget"}],"isInner":true,"elType":"column"},{"id":"283","settings":{"_column_size":33,"_inline_size":null,"animation":"fadeIn"},"elements":[{"id":"6532","settings":{"heading":"Ultimate","sub_heading":"","price":"49.99","period":"Monthly","features_list":[{"item_text":"Capitalize on low hanging fruit to identify a ballpark value added activity to beta test","item_icon":"","_id":"vszm8t4","item_icon_color":""}],"button_text":"SIGN UP","footer_additional_info":"","show_ribbon":"","ribbon_title":"Popular","header_bg_color":"#ffffff","header_padding":{"unit":"px","top":"40","right":"20","bottom":"20","left":"20","isLinked":false},"heading_color":"#000000","heading_typography_typography":"custom","heading_typography_font_size":{"unit":"px","size":45},"heading_typography_font_family":"Rajdhani","heading_typography_font_weight":"900","sub_heading_color":"#4b4a45","sub_heading_typography_typography":"custom","sub_heading_typography_font_size":{"unit":"px","size":20},"sub_heading_typography_font_family":"Rajdhani","sub_heading_typography_font_weight":"400","price_color":"#000000","price_typography_typography":"custom","price_typography_font_size":{"unit":"px","size":100},"price_typography_font_family":"Rajdhani","price_typography_font_weight":"900","period_color":"#000000","period_typography_typography":"custom","period_typography_font_size":{"unit":"px","size":20},"period_typography_font_family":"Rajdhani","period_typography_font_weight":"400","features_list_bg_color":"#ffffff","features_list_padding":{"unit":"px","top":"0","right":"25","bottom":"10","left":"25","isLinked":false},"features_list_color":"#6b6b6b","features_list_typography_typography":"custom","features_list_typography_font_size":{"unit":"px","size":18},"features_list_typography_font_family":"Rajdhani","features_list_typography_line_height":{"unit":"em","size":1.5},"divider_color":"#ffffff","footer_bg_color":"#ffffff","footer_padding":{"unit":"px","top":"20","right":"20","bottom":"40","left":"20","isLinked":false},"button_text_color":"#ffffff","button_typography_typography":"custom","button_typography_font_size":{"unit":"px","size":16},"button_typography_font_family":"Rajdhani","button_typography_font_weight":"900","button_typography_text_transform":"uppercase","button_background_color":"#f31414","button_border_radius":{"unit":"px","top":"0","right":"0","bottom":"0","left":"0","isLinked":true},"button_text_padding":{"unit":"px","top":"17","right":"35","bottom":"17","left":"35","isLinked":false},"button_hover_color":"#ffffff","button_background_hover_color":"#000f68","button_hover_animation":"grow","_background_background":"classic","_background_color":"rgba(0,0,0,0)","_border_width":{"unit":"px","top":"2","right":"2","bottom":"2","left":"2","isLinked":true},"_border_color":"#007056","pricing_element_bg_color":"#ffffff","features_list_typography_font_size_tablet":{"unit":"px","size":14},"features_list_typography_font_weight":"400","heading_typography_font_size_tablet":{"unit":"px","size":30},"price_typography_font_size_tablet":{"unit":"px","size":80},"header_padding_tablet":{"unit":"px","top":"30","right":"0","bottom":"0","left":"0","isLinked":false},"sub_heading_typography_font_size_tablet":{"unit":"px","size":16},"pricing_element_padding_tablet":{"unit":"px","top":"25","right":"0","bottom":"25","left":"0","isLinked":false},"currency_size":{"unit":"px","size":25},"fractional-part_size":{"unit":"px","size":16},"period_typography_font_size_tablet":{"unit":"px","size":16},"features_list_padding_tablet":{"unit":"px","top":"0","right":"15","bottom":"25","left":"15","isLinked":false},"footer_padding_tablet":{"unit":"px","top":"0","right":"0","bottom":"30","left":"0","isLinked":false},"pricing_element_padding":{"unit":"px","top":"20","right":"20","bottom":"20","left":"20","isLinked":true}},"elements":[],"isInner":false,"widgetType":"price-table","elType":"widget"}],"isInner":true,"elType":"column"}],"isInner":true,"elType":"section"}],"isInner":false,"elType":"column"}],"isInner":false,"elType":"section"},{"id":"6971","settings":{"content_width":{"unit":"px","size":740},"gap":"no","custom_height":{"unit":"px","size":0},"content_position":"middle","background_background":"gradient","background_color":"#007056","background_overlay_background":"classic","background_overlay_image":{"id":"1190","url":"http:\/\/localhost\/checkupdate\/wp-content\/uploads\/2018\/03\/footerr.png"},"background_overlay_position":"bottom center","background_overlay_size":"cover","background_overlay_opacity":{"unit":"px","size":1},"padding":{"unit":"px","top":"100","right":"0","bottom":"150","left":"0","isLinked":false},"padding_mobile":{"unit":"px","top":"80","right":"0","bottom":"30","left":"0","isLinked":false},"background_color_b":"#004932","background_color_b_stop":{"unit":"%","size":58},"padding_tablet":{"unit":"px","top":"80","right":"0","bottom":"100","left":"0","isLinked":false}},"elements":[{"id":"7b18","settings":{"_column_size":100,"padding_tablet":{"unit":"px","top":"0","right":"50","bottom":"0","left":"50","isLinked":false},"padding_mobile":{"unit":"px","top":"0","right":"25","bottom":"0","left":"25","isLinked":false}},"elements":[{"id":"43df","settings":{"title":"Get Interior Design Inspiration\u200b","header_size":"h3","align":"center","title_color":"rgba(255,255,255,0.85)","typography_typography":"custom","typography_font_size":{"unit":"px","size":20},"typography_font_family":"Rajdhani","typography_font_weight":"500","typography_font_size_mobile":{"unit":"px","size":16}},"elements":[],"isInner":false,"widgetType":"heading","elType":"widget"},{"id":"82c","settings":{"title":"Sign Up to Our Newsletter\u200b","align":"center","title_color":"#ffffff","typography_typography":"custom","typography_font_size":{"unit":"px","size":55},"typography_font_family":"Rajdhani","typography_font_weight":"900","typography_line_height":{"unit":"em","size":1.2},"typography_font_size_mobile":{"unit":"px","size":35},"typography_font_size_tablet":{"unit":"px","size":50}},"elements":[],"isInner":false,"widgetType":"heading","elType":"widget"},{"id":"12f5","settings":{"editor":"<p>Leverage agile frameworks to provide a robust synopsis for high level overviews. Iterative approaches to corporate strategy foster collaborative thinking to further the overall value proposition.<\/p>","align":"center","text_color":"#ffffff","typography_typography":"custom","typography_font_size":{"unit":"px","size":16},"typography_font_family":"Rajdhani","typography_font_weight":"400","typography_line_height":{"unit":"em","size":2},"_padding":{"unit":"px","top":"0","right":"40","bottom":"0","left":"40","isLinked":false},"typography_font_size_mobile":{"unit":"px","size":14},"typography_font_size_tablet":{"unit":"px","size":15},"_padding_tablet":{"unit":"px","top":"0","right":"0","bottom":"0","left":"0","isLinked":true}},"elements":[],"isInner":false,"widgetType":"text-editor","elType":"widget"},{"id":"688a","elType":"widget","settings":{"form_name":"New Form","form_fields":[{"_id":"email","field_type":"email","required":"true","field_label":"Email","placeholder":"Email","width":"75","field_value":"","field_options":"","inline_list":"","width_tablet":"","width_mobile":"100","rows":4,"recaptcha_size":"normal","recaptcha_style":"light","css_classes":"","file_sizes":"","file_types":"","allow_multiple_upload":"","max_files":"","acceptance_text":"","checked_by_default":"","field_min":"","field_max":"","min_date":"","max_date":"","use_native_date":"","use_native_time":"","allow_multiple":"","select_size":"","field_html":""}],"show_labels":"","button_text":"Send","button_width":"25","email_to":"support@elementor.com","email_subject":"New message from \"Elementor\"","email_content":"[all-fields]","email_from":"email@tuts.elementor.com","email_from_name":"Elementor","email_to_2":"support@elementor.com","email_subject_2":"New message from \"Elementor\"","email_content_2":"[all-fields]","email_from_2":"email@tuts.elementor.com","email_from_name_2":"Elementor","email_reply_to_2":"support@elementor.com","success_message":"The form was sent successfully!","error_message":"There's something wrong... Please fill in the required fields.","required_field_message":"Required","invalid_message":"There's something wrong... The form is invalid.","subscriber_already_exists_message":"Subscriber already exist.","column_gap":{"unit":"px","size":0},"row_gap":{"unit":"px","size":0},"field_text_color":"#ffffff","field_typography_typography":"custom","field_typography_font_size":{"unit":"px","size":16},"field_typography_font_family":"Rajdhani","field_typography_font_weight":"400","field_background_color":"rgba(0,0,0,0)","field_border_color":"#ffffff","field_border_width":{"unit":"px","top":"1","right":"0","bottom":"1","left":"1","isLinked":false},"field_border_radius":{"unit":"px","top":"0","right":"0","bottom":"0","left":"0","isLinked":true},"button_text_color":"#ffffff","button_typography_typography":"custom","button_typography_font_size":{"unit":"px","size":16},"button_typography_font_family":"Rajdhani","button_typography_font_weight":"900","button_typography_text_transform":"uppercase","button_background_color":"#f31414","button_border_radius":{"unit":"px","top":"0","right":"0","bottom":"0","left":"0","isLinked":true},"button_hover_color":"#ffffff","button_background_hover_color":"#000f68","_padding":{"unit":"px","top":"40","right":"0","bottom":"0","left":"0","isLinked":false},"mailpoet3_fields_map":[{"remote_id":"first_name","remote_label":"First Name","remote_type":"text","_id":"85348d3","local_id":""},{"remote_id":"last_name","remote_label":"Last Name","remote_type":"text","_id":"b9fcb84","local_id":""},{"remote_id":"email","remote_label":"Email","remote_type":"email","remote_required":true,"_id":"0377b78","local_id":""}],"_padding_mobile":{"unit":"px","top":"0","right":"0","bottom":"0","left":"0","isLinked":true},"_padding_tablet":{"unit":"px","top":"10","right":"0","bottom":"20","left":"0","isLinked":false}},"elements":[],"widgetType":"form"},{"id":"3efb","settings":{"social_icon_list":[{"social":"fa fa-facebook","_id":"qt3ktjh","link":{"url":"","is_external":"true","nofollow":""}},{"social":"fa fa-twitter","_id":"sa4vsu4","link":{"url":"","is_external":"true","nofollow":""}},{"social":"fa fa-google-plus","_id":"wk6dzfw","link":{"url":"","is_external":"true","nofollow":""}},{"social":"fa fa-instagram","link":{"url":"","is_external":"true","nofollow":""},"_id":"y6ckipy"},{"social":"fa fa-pinterest","link":{"url":"","is_external":"true","nofollow":""},"_id":"l2yzeub"}],"icon_color":"custom","icon_primary_color":"rgba(0,0,0,0)","icon_secondary_color":"#ffffff","icon_size":{"unit":"px","size":16},"icon_padding":{"unit":"em","size":0},"icon_spacing":{"unit":"px","size":58},"hover_primary_color":"rgba(0,0,0,0)","hover_secondary_color":"#f31414","_margin":{"unit":"px","top":"0","right":"0","bottom":"100","left":"0","isLinked":false},"hover_animation":"grow","icon_size_mobile":{"unit":"px","size":15},"icon_padding_mobile":{"unit":"em","size":0.3},"icon_spacing_mobile":{"unit":"px","size":25},"_animation":"fadeIn"},"elements":[],"isInner":false,"widgetType":"social-icons","elType":"widget"}],"isInner":false,"elType":"column"}],"isInner":false,"elType":"section"}]}