{"version":"0.4","title":"Homepage \u2013 Interior","type":"page","content":[{"id":"3d1d","settings":{"section_layout":"","layout":"full_width","gap":"no","height":"min-height","custom_height":{"unit":"px","size":""},"column_position":"stretch","content_position":"middle","structure":"20","section_background":"","background_background":"none","background_overlay_section":"","section_border":"","box_shadow_box_shadow":{"horizontal":0,"vertical":0,"blur":10,"spread":0,"inset":"","color":"rgba(0,0,0,0.5)"},"section_typo":"","section_advanced":"","padding":{"unit":"px","top":"65","right":"0","bottom":"85","left":"0","isLinked":false},"padding_mobile":{"unit":"px","top":"0","right":"0","bottom":"0","left":"0","isLinked":true},"_section_responsive":"","heading_visibility":"","responsive_description":"","section_custom_css":"","custom_css_description":"","section_custom_css_pro":"","custom_css_pro":""},"elements":[{"id":"7948","settings":{"_column_size":50,"_inline_size":"52.657","section_style":"","background_background":"classic","background_color":"#e0c387","box_shadow_box_shadow":{"horizontal":0,"vertical":0,"blur":10,"spread":0,"inset":"","color":"rgba(0,0,0,0.5)"},"section_background_overlay":"","section_typo":"","section_advanced":"","padding":{"unit":"px","top":"70","right":"0","bottom":"70","left":"120","isLinked":false},"padding_tablet":{"unit":"px","top":"60","right":"0","bottom":"60","left":"45","isLinked":false},"padding_mobile":{"unit":"px","top":"50","right":"0","bottom":"50","left":"30","isLinked":false},"section_responsive":"","screen_xs":"default","screen_xs_width":"100","section_custom_css":"","custom_css_description":"","section_custom_css_pro":"","custom_css_pro":""},"elements":[{"id":"17eb","settings":{"section_slides":"","slides":[{"heading":"","description":"","button_text":"","background_color":"#cdd7d8","slides_repeater":"","background":"","background_image":{"id":894,"url":"http:\/\/localhost\/checkupdate\/wp-content\/uploads\/2018\/03\/lhtqjazuprq-breather.jpg"},"background_size":"cover","background_overlay":"","background_overlay_color":"rgba(0,0,0,0.5)","content":"","link":{"url":"","is_external":"","nofollow":""},"link_click":"slide","style":"","custom_style":"","horizontal_position":"","vertical_position":"","text_align":"","content_color":"","_id":"f5p4cf8","background_ken_burns":"","zoom_direction":"in"},{"heading":"","description":"","button_text":"","background_color":"#e3ecef","slides_repeater":"","background":"","background_image":{"id":896,"url":"http:\/\/localhost\/checkupdate\/wp-content\/uploads\/2018\/03\/StockSnap_7LJXUWVX9S.jpg"},"background_size":"cover","background_overlay":"","background_overlay_color":"rgba(0,0,0,0.5)","content":"","link":{"url":"","is_external":"","nofollow":""},"link_click":"slide","style":"","custom_style":"","horizontal_position":"","vertical_position":"","text_align":"","content_color":"","_id":"gd143ik","background_ken_burns":"","zoom_direction":"in"}],"slides_height":{"unit":"vh","size":"50"},"slides_height_tablet":{"unit":"px","size":"350"},"slides_height_mobile":{"unit":"px","size":400},"section_slider_options":"","section_style_slides":"","content_max_width_tablet":{"unit":"%","size":"66"},"content_max_width_mobile":{"unit":"%","size":"66"},"section_style_title":"","heading_typography_line_height_tablet":{"unit":"em","size":""},"heading_typography_line_height_mobile":{"unit":"em","size":""},"section_style_description":"","description_typography_line_height_tablet":{"unit":"em","size":""},"description_typography_line_height_mobile":{"unit":"em","size":""},"section_style_button":"","button_typography_line_height_tablet":{"unit":"em","size":""},"button_typography_line_height_mobile":{"unit":"em","size":""},"button_tabs":"","normal":"","hover":"","section_style_navigation":"","heading_style_arrows":"","heading_style_dots":"","dots_color":"#ffffff","_section_style":"","_margin":{"unit":"%","top":"0","right":"-17","bottom":"0","left":"0","isLinked":false},"_margin_mobile":{"unit":"px","top":"0","right":"0","bottom":"0","left":"0","isLinked":true},"_section_background":"","_box_shadow_box_shadow_type":"outset","_box_shadow_box_shadow":{"horizontal":0,"vertical":0,"blur":"50","spread":0,"inset":"","color":"rgba(0,0,0,0.17)"},"_section_responsive":"","responsive_description":"","section_custom_css":"","custom_css_description":"","section_custom_css_pro":"","custom_css_pro":""},"elements":[],"isInner":false,"widgetType":"slides","elType":"widget"}],"isInner":false,"elType":"column"},{"id":"61f4","settings":{"_column_size":50,"_inline_size":"47.343","section_style":"","background_background":"none","background_color":"#ffffff","box_shadow_box_shadow":{"horizontal":0,"vertical":0,"blur":10,"spread":0,"inset":"","color":"rgba(0,0,0,0.5)"},"section_background_overlay":"","section_typo":"","section_advanced":"","padding":{"unit":"%","top":"0","right":"12","bottom":"0","left":"32","isLinked":false},"padding_mobile":{"unit":"px","top":"50","right":"50","bottom":"50","left":"50","isLinked":true},"section_responsive":"","screen_xs":"default","screen_xs_width":"100","section_custom_css":"","custom_css_description":"","section_custom_css_pro":"","custom_css_pro":""},"elements":[{"id":"43e1","settings":{"section_title":"","title":"Welcome.","link":{"is_external":"","url":""},"align_mobile":"center","section_title_style":"","title_color":"#002949","typography_typography":"custom","typography_font_size":{"unit":"px","size":43},"typography_font_family":"Poppins","typography_font_weight":"600","typography_line_height_tablet":{"unit":"em","size":""},"typography_line_height_mobile":{"unit":"em","size":""},"typography_letter_spacing":{"unit":"px","size":-1.6},"_section_style":"","_section_background":"","_box_shadow_box_shadow":{"horizontal":0,"vertical":0,"blur":10,"spread":0,"inset":"","color":"rgba(0,0,0,0.5)"},"_section_responsive":"","responsive_description":"","section_custom_css":"","custom_css_description":"","section_custom_css_pro":"","custom_css_pro":""},"elements":[],"isInner":false,"widgetType":"heading","elType":"widget"},{"id":"2506","settings":{"section_divider":"","weight":{"unit":"px","size":"3"},"color":"#e0c387","width":{"unit":"%","size":12},"align_mobile":"center","_section_style":"","_section_background":"","_box_shadow_box_shadow":{"horizontal":0,"vertical":0,"blur":10,"spread":0,"inset":"","color":"rgba(0,0,0,0.5)"},"_section_responsive":"","responsive_description":"","section_custom_css":"","custom_css_description":"","section_custom_css_pro":"","custom_css_pro":""},"elements":[],"isInner":false,"widgetType":"divider","elType":"widget"},{"id":"47c7","settings":{"section_editor":"","editor":"<p>I am text block. Click edit button to change this text. Lorem ipsum dolor sit amet, consectetur adipiscing elit. Ut elit tellus, luctus nec ullamcorper mattis, pulvinar dapibus leo.<\/p>","section_style":"","align_mobile":"center","typography_typography":"custom","typography_font_family":"Lora","typography_line_height_tablet":{"unit":"em","size":""},"typography_line_height_mobile":{"unit":"em","size":""},"_section_style":"","_section_background":"","_box_shadow_box_shadow":{"horizontal":0,"vertical":0,"blur":10,"spread":0,"inset":"","color":"rgba(0,0,0,0.5)"},"_section_responsive":"","responsive_description":"","section_custom_css":"","custom_css_description":"","section_custom_css_pro":"","custom_css_pro":""},"elements":[],"isInner":false,"widgetType":"text-editor","elType":"widget"}],"isInner":false,"elType":"column"}],"isInner":false,"elType":"section"},{"id":"2960","settings":{"section_layout":"","layout":"full_width","gap":"no","section_background":"","background_overlay_section":"","section_border":"","box_shadow_box_shadow":{"horizontal":0,"vertical":0,"blur":10,"spread":0,"inset":"","color":"rgba(0,0,0,0.5)"},"section_typo":"","section_advanced":"","_section_responsive":"","heading_visibility":"","responsive_description":"","section_custom_css":"","custom_css_description":"","section_custom_css_pro":"","custom_css_pro":""},"elements":[{"id":"1963","settings":{"_column_size":100,"_inline_size":null,"section_style":"","box_shadow_box_shadow":{"horizontal":0,"vertical":0,"blur":10,"spread":0,"inset":"","color":"rgba(0,0,0,0.5)"},"section_background_overlay":"","section_typo":"","section_advanced":"","section_responsive":"","screen_xs":"default","screen_xs_width":"100","section_custom_css":"","custom_css_description":"","section_custom_css_pro":"","custom_css_pro":""},"elements":[{"id":"b92","settings":{"section_title":"","title":"interior<BR>Design","link":{"is_external":"","url":""},"align":"right","section_title_style":"","title_color":"rgba(191,201,209,0.34)","typography_typography":"custom","typography_font_size":{"unit":"px","size":"161"},"typography_font_size_tablet":{"unit":"px","size":135},"typography_font_size_mobile":{"unit":"px","size":76},"typography_font_family":"Poppins","typography_font_weight":"600","typography_text_transform":"uppercase","typography_line_height":{"unit":"em","size":0.9},"typography_line_height_tablet":{"unit":"em","size":""},"typography_line_height_mobile":{"unit":"em","size":""},"typography_letter_spacing":{"unit":"px","size":-4.4},"_section_style":"","_section_background":"","_box_shadow_box_shadow":{"horizontal":0,"vertical":0,"blur":10,"spread":0,"inset":"","color":"rgba(0,0,0,0.5)"},"_section_responsive":"","responsive_description":"","section_custom_css":"","custom_css_description":"","section_custom_css_pro":"","custom_css_pro":""},"elements":[],"isInner":false,"widgetType":"heading","elType":"widget"}],"isInner":false,"elType":"column"}],"isInner":false,"elType":"section"},{"id":"2f89","settings":{"section_layout":"","content_width":{"unit":"px","size":"1040"},"gap":"no","section_background":"","background_background":"classic","background_color":"#ffffff","background_overlay_section":"","section_border":"","box_shadow_box_shadow":{"horizontal":0,"vertical":0,"blur":10,"spread":0,"inset":"","color":"rgba(0,0,0,0.5)"},"section_typo":"","section_advanced":"","margin":{"unit":"px","top":"-87","right":0,"bottom":"0","left":0,"isLinked":false},"margin_tablet":{"unit":"px","top":"0","right":0,"bottom":"0","left":0,"isLinked":false},"padding":{"unit":"px","top":"100","right":"0","bottom":"60","left":"0","isLinked":false},"padding_tablet":{"unit":"px","top":"30","right":"30","bottom":"30","left":"30","isLinked":true},"_section_responsive":"","heading_visibility":"","responsive_description":"","section_custom_css":"","custom_css_description":"","section_custom_css_pro":"","custom_css_pro":""},"elements":[{"id":"2a90","settings":{"_column_size":100,"_inline_size":null,"section_style":"","box_shadow_box_shadow":{"horizontal":0,"vertical":0,"blur":10,"spread":0,"inset":"","color":"rgba(0,0,0,0.5)"},"section_background_overlay":"","section_typo":"","section_advanced":"","section_responsive":"","screen_xs":"default","screen_xs_width":"100","section_custom_css":"","custom_css_description":"","section_custom_css_pro":"","custom_css_pro":""},"elements":[{"id":"e19","settings":{"section_title":"","title":"What We Do","link":{"is_external":"","url":""},"header_size":"h3","align_mobile":"center","section_title_style":"","title_color":"#e0c387","typography_typography":"custom","typography_font_size":{"unit":"px","size":"35"},"typography_font_family":"Poppins","typography_font_weight":"500","typography_line_height_tablet":{"unit":"em","size":""},"typography_line_height_mobile":{"unit":"em","size":""},"typography_letter_spacing":{"unit":"px","size":"-1.2"},"_section_style":"","_section_background":"","_box_shadow_box_shadow":{"horizontal":0,"vertical":0,"blur":10,"spread":0,"inset":"","color":"rgba(0,0,0,0.5)"},"_section_responsive":"","responsive_description":"","section_custom_css":"","custom_css_description":"","section_custom_css_pro":"","custom_css_pro":""},"elements":[],"isInner":false,"widgetType":"heading","elType":"widget"},{"id":"4478","settings":{"section_layout":"","gap":"no","structure":"30","section_background":"","background_overlay_section":"","section_border":"","box_shadow_box_shadow":{"horizontal":0,"vertical":0,"blur":10,"spread":0,"inset":"","color":"rgba(0,0,0,0.5)"},"section_typo":"","section_advanced":"","padding":{"unit":"px","top":"30","right":"0","bottom":"30","left":"0","isLinked":false},"padding_tablet":{"unit":"px","top":"30","right":"0","bottom":"20","left":"0","isLinked":false},"padding_mobile":{"unit":"px","top":"20","right":"0","bottom":"0","left":"0","isLinked":false},"_section_responsive":"","heading_visibility":"","responsive_description":"","section_custom_css":"","custom_css_description":"","section_custom_css_pro":"","custom_css_pro":""},"elements":[{"id":"68bf","settings":{"_column_size":33,"_inline_size":null,"section_style":"","box_shadow_box_shadow":{"horizontal":0,"vertical":0,"blur":10,"spread":0,"inset":"","color":"rgba(0,0,0,0.5)"},"section_background_overlay":"","section_typo":"","section_advanced":"","margin":{"unit":"px","top":"0","right":"40","bottom":"0","left":"0","isLinked":false},"margin_tablet":{"unit":"px","top":"0","right":"20","bottom":"0","left":"0","isLinked":false},"margin_mobile":{"unit":"px","top":"0","right":"0","bottom":"0","left":"0","isLinked":true},"section_responsive":"","screen_xs":"default","screen_xs_width":"100","section_custom_css":"","custom_css_description":"","section_custom_css_pro":"","custom_css_pro":""},"elements":[{"id":"4ede","settings":{"section_icon":"","icon":"fa fa-briefcase","title_text":"Workspace","description_text":"","link":{"is_external":"","url":""},"section_style_icon":"","primary_color":"#bfc9d1","section_hover":"","hover_primary_color":"#e0c387","hover_animation":"float","section_style_content":"","heading_title":"","title_color":"#002949","title_typography_typography":"custom","title_typography_font_size":{"unit":"px","size":19},"title_typography_font_size_tablet":{"unit":"px","size":"15"},"title_typography_font_family":"Poppins","title_typography_font_weight":"600","title_typography_line_height_tablet":{"unit":"em","size":""},"title_typography_line_height_mobile":{"unit":"em","size":""},"heading_description":"","description_typography_line_height_tablet":{"unit":"em","size":""},"description_typography_line_height_mobile":{"unit":"em","size":""},"_section_style":"","_margin_mobile":{"unit":"px","top":"0","right":"0","bottom":"30","left":"0","isLinked":false},"_padding":{"unit":"px","top":"50","right":"30","bottom":"50","left":"30","isLinked":false},"_section_background":"","_background_background":"classic","_background_color":"#ffffff","_border_border":"solid","_border_width":{"unit":"px","top":"1","right":"1","bottom":"1","left":"1","isLinked":true},"_border_color":"#e0c387","_box_shadow_box_shadow_type":"outset","_box_shadow_box_shadow":{"horizontal":0,"vertical":0,"blur":23,"spread":0,"inset":"","color":"rgba(0,0,0,0.12)"},"_section_responsive":"","responsive_description":"","section_custom_css":"","custom_css_description":"","section_custom_css_pro":"","custom_css_pro":""},"elements":[],"isInner":false,"widgetType":"icon-box","elType":"widget"}],"isInner":true,"elType":"column"},{"id":"72d5","settings":{"_column_size":33,"_inline_size":null,"section_style":"","box_shadow_box_shadow":{"horizontal":0,"vertical":0,"blur":10,"spread":0,"inset":"","color":"rgba(0,0,0,0.5)"},"section_background_overlay":"","section_typo":"","section_advanced":"","margin":{"unit":"px","top":"0","right":"20","bottom":"0","left":"20","isLinked":false},"margin_tablet":{"unit":"px","top":"0","right":"10","bottom":"0","left":"10","isLinked":false},"margin_mobile":{"unit":"px","top":"0","right":"0","bottom":"0","left":"0","isLinked":true},"section_responsive":"","screen_xs":"default","screen_xs_width":"100","section_custom_css":"","custom_css_description":"","section_custom_css_pro":"","custom_css_pro":""},"elements":[{"id":"7b8c","settings":{"section_icon":"","icon":"fa fa-shopping-bag","title_text":"Storefront","description_text":"","link":{"is_external":"","url":""},"section_style_icon":"","primary_color":"#bfc9d1","section_hover":"","hover_primary_color":"#e0c387","hover_animation":"float","section_style_content":"","heading_title":"","title_color":"#002949","title_typography_typography":"custom","title_typography_font_size":{"unit":"px","size":19},"title_typography_font_size_tablet":{"unit":"px","size":"15"},"title_typography_font_family":"Poppins","title_typography_font_weight":"600","title_typography_line_height_tablet":{"unit":"em","size":""},"title_typography_line_height_mobile":{"unit":"em","size":""},"heading_description":"","description_typography_line_height_tablet":{"unit":"em","size":""},"description_typography_line_height_mobile":{"unit":"em","size":""},"_section_style":"","_margin_mobile":{"unit":"px","top":"0","right":"0","bottom":"30","left":"0","isLinked":false},"_padding":{"unit":"px","top":"50","right":"30","bottom":"50","left":"30","isLinked":false},"_section_background":"","_background_background":"classic","_background_color":"#ffffff","_border_border":"solid","_border_width":{"unit":"px","top":"1","right":"1","bottom":"1","left":"1","isLinked":true},"_border_color":"#e0c387","_box_shadow_box_shadow_type":"outset","_box_shadow_box_shadow":{"horizontal":0,"vertical":0,"blur":23,"spread":0,"inset":"","color":"rgba(0,0,0,0.12)"},"_section_responsive":"","responsive_description":"","section_custom_css":"","custom_css_description":"","section_custom_css_pro":"","custom_css_pro":""},"elements":[],"isInner":false,"widgetType":"icon-box","elType":"widget"}],"isInner":true,"elType":"column"},{"id":"51db","settings":{"_column_size":33,"_inline_size":null,"section_style":"","box_shadow_box_shadow":{"horizontal":0,"vertical":0,"blur":10,"spread":0,"inset":"","color":"rgba(0,0,0,0.5)"},"section_background_overlay":"","section_typo":"","section_advanced":"","margin":{"unit":"px","top":"0","right":"0","bottom":"0","left":"40","isLinked":false},"margin_tablet":{"unit":"px","top":"0","right":"0","bottom":"0","left":"20","isLinked":false},"margin_mobile":{"unit":"px","top":"0","right":"0","bottom":"0","left":"0","isLinked":true},"section_responsive":"","screen_xs":"default","screen_xs_width":"100","section_custom_css":"","custom_css_description":"","section_custom_css_pro":"","custom_css_pro":""},"elements":[{"id":"7aea","settings":{"section_icon":"","icon":"fa fa-wpexplorer","title_text":"Apartments","description_text":"","link":{"is_external":"","url":""},"section_style_icon":"","primary_color":"#bfc9d1","section_hover":"","hover_primary_color":"#e0c387","hover_animation":"float","section_style_content":"","heading_title":"","title_color":"#002949","title_typography_typography":"custom","title_typography_font_size":{"unit":"px","size":19},"title_typography_font_size_tablet":{"unit":"px","size":"15"},"title_typography_font_family":"Poppins","title_typography_font_weight":"600","title_typography_line_height_tablet":{"unit":"em","size":""},"title_typography_line_height_mobile":{"unit":"em","size":""},"heading_description":"","description_typography_line_height_tablet":{"unit":"em","size":""},"description_typography_line_height_mobile":{"unit":"em","size":""},"_section_style":"","_margin_mobile":{"unit":"px","top":"0","right":"0","bottom":"10","left":"0","isLinked":false},"_padding":{"unit":"px","top":"50","right":"30","bottom":"50","left":"30","isLinked":false},"_section_background":"","_background_background":"classic","_background_color":"#ffffff","_border_border":"solid","_border_width":{"unit":"px","top":"1","right":"1","bottom":"1","left":"1","isLinked":true},"_border_color":"#e0c387","_box_shadow_box_shadow_type":"outset","_box_shadow_box_shadow":{"horizontal":0,"vertical":0,"blur":23,"spread":0,"inset":"","color":"rgba(0,0,0,0.12)"},"_section_responsive":"","responsive_description":"","section_custom_css":"","custom_css_description":"","section_custom_css_pro":"","custom_css_pro":""},"elements":[],"isInner":false,"widgetType":"icon-box","elType":"widget"}],"isInner":true,"elType":"column"}],"isInner":true,"elType":"section"},{"id":"2153","settings":{"section_layout":"","gap":"no","structure":"30","section_background":"","background_overlay_section":"","section_border":"","box_shadow_box_shadow":{"horizontal":0,"vertical":0,"blur":10,"spread":0,"inset":"","color":"rgba(0,0,0,0.5)"},"section_typo":"","section_advanced":"","padding":{"unit":"px","top":"30","right":"0","bottom":"30","left":"0","isLinked":false},"padding_tablet":{"unit":"px","top":"20","right":"0","bottom":"50","left":"0","isLinked":false},"_section_responsive":"","heading_visibility":"","responsive_description":"","section_custom_css":"","custom_css_description":"","section_custom_css_pro":"","custom_css_pro":""},"elements":[{"id":"5bb6","settings":{"_column_size":33,"_inline_size":null,"section_style":"","box_shadow_box_shadow":{"horizontal":0,"vertical":0,"blur":10,"spread":0,"inset":"","color":"rgba(0,0,0,0.5)"},"section_background_overlay":"","section_typo":"","section_advanced":"","margin":{"unit":"px","top":"0","right":"40","bottom":"0","left":"0","isLinked":false},"margin_tablet":{"unit":"px","top":"0","right":"20","bottom":"0","left":"0","isLinked":false},"margin_mobile":{"unit":"px","top":"0","right":"0","bottom":"0","left":"0","isLinked":true},"section_responsive":"","screen_xs":"default","screen_xs_width":"100","section_custom_css":"","custom_css_description":"","section_custom_css_pro":"","custom_css_pro":""},"elements":[{"id":"6751","settings":{"section_icon":"","icon":"fa fa-bell-o","title_text":"Hotels","description_text":"","link":{"is_external":"","url":""},"section_style_icon":"","primary_color":"#bfc9d1","section_hover":"","hover_primary_color":"#e0c387","hover_animation":"float","section_style_content":"","heading_title":"","title_color":"#002949","title_typography_typography":"custom","title_typography_font_size":{"unit":"px","size":19},"title_typography_font_size_tablet":{"unit":"px","size":"15"},"title_typography_font_family":"Poppins","title_typography_font_weight":"600","title_typography_line_height_tablet":{"unit":"em","size":""},"title_typography_line_height_mobile":{"unit":"em","size":""},"heading_description":"","description_typography_line_height_tablet":{"unit":"em","size":""},"description_typography_line_height_mobile":{"unit":"em","size":""},"_section_style":"","_margin_mobile":{"unit":"px","top":"0","right":"0","bottom":"30","left":"0","isLinked":false},"_padding":{"unit":"px","top":"50","right":"30","bottom":"50","left":"30","isLinked":false},"_section_background":"","_background_background":"classic","_background_color":"#ffffff","_border_border":"solid","_border_width":{"unit":"px","top":"1","right":"1","bottom":"1","left":"1","isLinked":true},"_border_color":"#e0c387","_box_shadow_box_shadow_type":"outset","_box_shadow_box_shadow":{"horizontal":0,"vertical":0,"blur":23,"spread":0,"inset":"","color":"rgba(0,0,0,0.12)"},"_section_responsive":"","responsive_description":"","section_custom_css":"","custom_css_description":"","section_custom_css_pro":"","custom_css_pro":""},"elements":[],"isInner":false,"widgetType":"icon-box","elType":"widget"}],"isInner":true,"elType":"column"},{"id":"3024","settings":{"_column_size":33,"_inline_size":null,"section_style":"","box_shadow_box_shadow":{"horizontal":0,"vertical":0,"blur":10,"spread":0,"inset":"","color":"rgba(0,0,0,0.5)"},"section_background_overlay":"","section_typo":"","section_advanced":"","margin":{"unit":"px","top":"0","right":"20","bottom":"0","left":"20","isLinked":false},"margin_tablet":{"unit":"px","top":"0","right":"10","bottom":"0","left":"10","isLinked":false},"margin_mobile":{"unit":"px","top":"0","right":"0","bottom":"0","left":"0","isLinked":true},"section_responsive":"","screen_xs":"default","screen_xs_width":"100","section_custom_css":"","custom_css_description":"","section_custom_css_pro":"","custom_css_pro":""},"elements":[{"id":"30b7","settings":{"section_icon":"","icon":"fa fa-connectdevelop","title_text":"Concepts","description_text":"","link":{"is_external":"","url":""},"section_style_icon":"","primary_color":"#bfc9d1","section_hover":"","hover_primary_color":"#e0c387","hover_animation":"float","section_style_content":"","heading_title":"","title_color":"#002949","title_typography_typography":"custom","title_typography_font_size":{"unit":"px","size":19},"title_typography_font_size_tablet":{"unit":"px","size":"15"},"title_typography_font_family":"Poppins","title_typography_font_weight":"600","title_typography_line_height_tablet":{"unit":"em","size":""},"title_typography_line_height_mobile":{"unit":"em","size":""},"heading_description":"","description_typography_line_height_tablet":{"unit":"em","size":""},"description_typography_line_height_mobile":{"unit":"em","size":""},"_section_style":"","_margin_mobile":{"unit":"px","top":"0","right":"0","bottom":"30","left":"0","isLinked":false},"_padding":{"unit":"px","top":"50","right":"30","bottom":"50","left":"30","isLinked":false},"_section_background":"","_background_background":"classic","_background_color":"#ffffff","_border_border":"solid","_border_width":{"unit":"px","top":"1","right":"1","bottom":"1","left":"1","isLinked":true},"_border_color":"#e0c387","_box_shadow_box_shadow_type":"outset","_box_shadow_box_shadow":{"horizontal":0,"vertical":0,"blur":23,"spread":0,"inset":"","color":"rgba(0,0,0,0.12)"},"_section_responsive":"","responsive_description":"","section_custom_css":"","custom_css_description":"","section_custom_css_pro":"","custom_css_pro":""},"elements":[],"isInner":false,"widgetType":"icon-box","elType":"widget"}],"isInner":true,"elType":"column"},{"id":"7d42","settings":{"_column_size":33,"_inline_size":null,"section_style":"","box_shadow_box_shadow":{"horizontal":0,"vertical":0,"blur":10,"spread":0,"inset":"","color":"rgba(0,0,0,0.5)"},"section_background_overlay":"","section_typo":"","section_advanced":"","margin":{"unit":"px","top":"0","right":"0","bottom":"0","left":"40","isLinked":false},"margin_tablet":{"unit":"px","top":"0","right":"0","bottom":"0","left":"20","isLinked":false},"margin_mobile":{"unit":"px","top":"0","right":"0","bottom":"0","left":"0","isLinked":true},"section_responsive":"","screen_xs":"default","screen_xs_width":"100","section_custom_css":"","custom_css_description":"","section_custom_css_pro":"","custom_css_pro":""},"elements":[{"id":"278d","settings":{"section_icon":"","icon":"fa fa-glass","title_text":"Restaurant","description_text":"","link":{"is_external":"","url":""},"section_style_icon":"","primary_color":"#bfc9d1","section_hover":"","hover_primary_color":"#e0c387","hover_animation":"float","section_style_content":"","heading_title":"","title_color":"#002949","title_typography_typography":"custom","title_typography_font_size":{"unit":"px","size":19},"title_typography_font_size_tablet":{"unit":"px","size":"15"},"title_typography_font_family":"Poppins","title_typography_font_weight":"600","title_typography_line_height_tablet":{"unit":"em","size":""},"title_typography_line_height_mobile":{"unit":"em","size":""},"heading_description":"","description_typography_line_height_tablet":{"unit":"em","size":""},"description_typography_line_height_mobile":{"unit":"em","size":""},"_section_style":"","_padding":{"unit":"px","top":"50","right":"30","bottom":"50","left":"30","isLinked":false},"_section_background":"","_background_background":"classic","_background_color":"#ffffff","_border_border":"solid","_border_width":{"unit":"px","top":"1","right":"1","bottom":"1","left":"1","isLinked":true},"_border_color":"#e0c387","_box_shadow_box_shadow_type":"outset","_box_shadow_box_shadow":{"horizontal":0,"vertical":0,"blur":23,"spread":0,"inset":"","color":"rgba(0,0,0,0.12)"},"_section_responsive":"","responsive_description":"","section_custom_css":"","custom_css_description":"","section_custom_css_pro":"","custom_css_pro":""},"elements":[],"isInner":false,"widgetType":"icon-box","elType":"widget"}],"isInner":true,"elType":"column"}],"isInner":true,"elType":"section"}],"isInner":false,"elType":"column"}],"isInner":false,"elType":"section"},{"id":"3b45","settings":{"section_layout":"","layout":"full_width","content_width":{"unit":"px","size":721},"content_position":"middle","structure":"20","section_background":"","background_background":"classic","background_color":"rgba(191,201,209,0.15)","background_position":"bottom center","background_size":"cover","background_overlay_section":"","background_overlay_background":"none","section_border":"","box_shadow_box_shadow":{"horizontal":0,"vertical":0,"blur":10,"spread":0,"inset":"","color":"rgba(0,0,0,0.5)"},"section_typo":"","section_advanced":"","_section_responsive":"","heading_visibility":"","responsive_description":"","section_custom_css":"","custom_css_description":"","section_custom_css_pro":"","custom_css_pro":""},"elements":[{"id":"2b8e","settings":{"_column_size":50,"_inline_size":"32.898","section_style":"","box_shadow_box_shadow":{"horizontal":0,"vertical":0,"blur":10,"spread":0,"inset":"","color":"rgba(0,0,0,0.5)"},"section_background_overlay":"","section_typo":"","section_advanced":"","section_responsive":"","screen_xs":"default","screen_xs_width":"100","section_custom_css":"","custom_css_description":"","section_custom_css_pro":"","custom_css_pro":""},"elements":[],"isInner":false,"elType":"column"},{"id":"5fbc","settings":{"_column_size":50,"_inline_size":"67.102","section_style":"","background_background":"classic","background_image":{"id":898,"url":"http:\/\/localhost\/checkupdate\/wp-content\/uploads\/2018\/03\/StockSnap_N4NRIS99LE.jpg"},"background_position":"center right","background_size":"cover","box_shadow_box_shadow":{"horizontal":0,"vertical":0,"blur":28,"spread":0,"inset":"","color":"rgba(0,0,0,0.18)"},"section_background_overlay":"","background_overlay_background":"classic","background_overlay_color":"rgba(0,41,73,0.38)","section_typo":"","section_advanced":"","padding":{"unit":"px","top":"70","right":"120","bottom":"70","left":"0","isLinked":false},"padding_mobile":{"unit":"px","top":"50","right":"0","bottom":"50","left":"30","isLinked":false},"section_responsive":"","screen_xs":"default","screen_xs_width":"100","section_custom_css":"","custom_css_description":"","section_custom_css_pro":"","custom_css_pro":""},"elements":[{"id":"7faf","settings":{"section_testimonial":"","testimonial_content":"\"Click edit button to change this text. Lorem ipsum dolor sit amet, consectetur adipiscing elit. Ut elit tellus, luctus nec ullamcorper mattis, pulvinar dapibus\"","testimonial_image":{"id":897,"url":"http:\/\/localhost\/checkupdate\/wp-content\/uploads\/2018\/03\/cropped-StockSnap_H7X6H0Q4IA.jpg"},"testimonial_name":"Stephen Geist","testimonial_job":"Music Artist","testimonial_image_position":"top","section_style_testimonial_content":"","content_typography_typography":"custom","content_typography_font_family":"Lora","content_typography_line_height":{"unit":"em","size":1.9},"content_typography_line_height_tablet":{"unit":"em","size":""},"content_typography_line_height_mobile":{"unit":"em","size":""},"section_style_testimonial_image":"","image_size":{"unit":"px","size":86},"section_style_testimonial_name":"","name_text_color":"#002949","name_typography_typography":"custom","name_typography_font_family":"Poppins","name_typography_text_transform":"uppercase","name_typography_line_height_tablet":{"unit":"em","size":""},"name_typography_line_height_mobile":{"unit":"em","size":""},"name_typography_letter_spacing":{"unit":"px","size":2.1},"section_style_testimonial_job":"","job_text_color":"#e0c387","job_typography_typography":"custom","job_typography_font_family":"Lora","job_typography_line_height":{"unit":"em","size":1.7},"job_typography_line_height_tablet":{"unit":"em","size":""},"job_typography_line_height_mobile":{"unit":"em","size":""},"_section_style":"","_margin":{"unit":"%","top":"0","right":"0","bottom":"0","left":"-18","isLinked":false},"_margin_mobile":{"unit":"px","top":"0","right":"0","bottom":"0","left":"0","isLinked":true},"_padding":{"unit":"px","top":"80","right":"50","bottom":"80","left":"50","isLinked":false},"_padding_mobile":{"unit":"px","top":"40","right":"40","bottom":"40","left":"40","isLinked":true},"_section_background":"","_background_background":"classic","_background_color":"#ffffff","_box_shadow_box_shadow_type":"outset","_box_shadow_box_shadow":{"horizontal":0,"vertical":0,"blur":"50","spread":0,"inset":"","color":"rgba(0,0,0,0.18)"},"_section_responsive":"","responsive_description":"","section_custom_css":"","custom_css_description":"","section_custom_css_pro":"","custom_css_pro":""},"elements":[],"isInner":false,"widgetType":"testimonial","elType":"widget"}],"isInner":false,"elType":"column"}],"isInner":false,"elType":"section"},{"id":"46c1","settings":{"section_layout":"","content_width":{"unit":"px","size":"1040"},"gap":"no","section_background":"","background_background":"classic","background_color":"#ffffff","background_overlay_section":"","section_border":"","box_shadow_box_shadow":{"horizontal":0,"vertical":0,"blur":10,"spread":0,"inset":"","color":"rgba(0,0,0,0.5)"},"section_typo":"","section_advanced":"","margin":{"unit":"px","top":"0","right":0,"bottom":"20","left":0,"isLinked":false},"padding":{"unit":"px","top":"100","right":"0","bottom":"80","left":"0","isLinked":false},"padding_tablet":{"unit":"px","top":"60","right":"30","bottom":"30","left":"30","isLinked":false},"_section_responsive":"","heading_visibility":"","responsive_description":"","section_custom_css":"","custom_css_description":"","section_custom_css_pro":"","custom_css_pro":""},"elements":[{"id":"3ba8","settings":{"_column_size":100,"_inline_size":null,"section_style":"","box_shadow_box_shadow":{"horizontal":0,"vertical":0,"blur":10,"spread":0,"inset":"","color":"rgba(0,0,0,0.5)"},"section_background_overlay":"","section_typo":"","section_advanced":"","section_responsive":"","screen_xs":"default","screen_xs_width":"100","section_custom_css":"","custom_css_description":"","section_custom_css_pro":"","custom_css_pro":""},"elements":[{"id":"729a","settings":{"section_title":"","title":"Our Magazine","link":{"is_external":"","url":""},"header_size":"h3","align_mobile":"center","section_title_style":"","title_color":"#e0c387","typography_typography":"custom","typography_font_size":{"unit":"px","size":35},"typography_font_family":"Poppins","typography_font_weight":"500","typography_line_height_tablet":{"unit":"em","size":""},"typography_line_height_mobile":{"unit":"em","size":""},"typography_letter_spacing":{"unit":"px","size":-1.2},"_section_style":"","_padding":{"unit":"px","top":"0","right":"0","bottom":"30","left":"0","isLinked":false},"_section_background":"","_box_shadow_box_shadow":{"horizontal":0,"vertical":0,"blur":10,"spread":0,"inset":"","color":"rgba(0,0,0,0.5)"},"_section_responsive":"","responsive_description":"","section_custom_css":"","custom_css_description":"","section_custom_css_pro":"","custom_css_pro":""},"elements":[],"isInner":false,"widgetType":"heading","elType":"widget"},{"id":"67cb","settings":{"section_layout":"","columns":"3","columns_tablet":"3","columns_mobile":"1","classic_posts_per_page":"3","classic_thumbnail_size_size":"full","classic_item_ratio":{"unit":"px","size":"0.55"},"classic_meta_separator":"\/\/\/","classic_show_read_more":"","classic_read_more_text":"Read More \u00bb","section_query":"","advanced":"","offset":"","section_design_layout":"","classic_column_gap":{"unit":"px","size":41},"classic_row_gap":{"unit":"px","size":43},"section_design_image":"","section_design_content":"","classic_title_color":"#002949","classic_title_typography_typography":"custom","classic_title_typography_font_family":"Poppins","classic_title_typography_font_weight":"600","classic_title_typography_line_height_tablet":{"unit":"em","size":1.4},"classic_title_typography_line_height_mobile":{"unit":"em","size":""},"classic_title_spacing":{"unit":"px","size":11},"classic_meta_color":"#e0c387","classic_meta_typography_typography":"custom","classic_meta_typography_font_family":"Poppins","classic_meta_typography_line_height_tablet":{"unit":"em","size":""},"classic_meta_typography_line_height_mobile":{"unit":"em","size":""},"classic_meta_spacing":{"unit":"px","size":20},"classic_excerpt_typography_typography":"custom","classic_excerpt_typography_font_family":"Lora","classic_excerpt_typography_line_height":{"unit":"em","size":1.8},"classic_excerpt_typography_line_height_tablet":{"unit":"em","size":""},"classic_excerpt_typography_line_height_mobile":{"unit":"em","size":""},"classic_excerpt_spacing":{"unit":"px","size":0},"classic_read_more_typography_line_height_tablet":{"unit":"em","size":""},"classic_read_more_typography_line_height_mobile":{"unit":"em","size":""},"_section_style":"","_section_background":"","_box_shadow_box_shadow":{"horizontal":0,"vertical":0,"blur":10,"spread":0,"inset":"","color":"rgba(0,0,0,0.5)"},"_section_responsive":"","responsive_description":"","section_custom_css":"","custom_css_description":"","section_custom_css_pro":"","custom_css_pro":"","post_type":"post","classic_heading_title_style":"","classic_heading_meta_style":"","classic_heading_excerpt_style":"","classic_heading_readmore_style":"","cards_meta_separator":"\u2022","cards_read_more_text":"Read More \u00bb","pagination_page_limit":"5","pagination_prev_label":"&laquo; Previous","pagination_next_label":"Next &raquo;"},"elements":[],"isInner":false,"widgetType":"posts","elType":"widget"}],"isInner":false,"elType":"column"}],"isInner":false,"elType":"section"}]}