{"version":"0.4","title":"Black Friday \u2013 Software Product Set","type":"page","content":[{"id":"4177","settings":{"height":"min-height","custom_height":{"unit":"px","size":85},"content_position":"middle","structure":"30","background_background":"classic","background_color":"#000000","background_image":{"id":1179,"url":"http:\/\/localhost\/checkupdate\/wp-content\/uploads\/2018\/03\/meagan-collins-357419-copy-2.png"},"background_position":"center left","background_size":"cover","custom_height_mobile":{"unit":"px","size":232}},"elements":[{"id":"1aaa","settings":{"_column_size":33,"_inline_size":33},"elements":[{"id":"3995","settings":{"title":"black friday","align":"left","title_color":"#ffffff","typography_typography":"custom","typography_font_size":{"unit":"px","size":40},"typography_font_family":"Teko","typography_font_weight":"600","typography_text_transform":"uppercase","text_shadow_text_shadow_type":"yes","typography_font_size_mobile":{"unit":"px","size":47},"header_size":"h4","align_mobile":"center","typography_font_size_tablet":{"unit":"px","size":38}},"elements":[],"isInner":false,"widgetType":"heading","elType":"widget"}],"isInner":false,"elType":"column"},{"id":"4a38","settings":{"_column_size":33,"_inline_size":36.996},"elements":[{"id":"569b","settings":{"label_days":"Days","label_hours":"Hours","label_minutes":"Minutes","label_seconds":"Seconds","box_background_color":"rgba(255,255,255,0.33)","box_border_border":"solid","box_border_width":{"unit":"px","top":"0","right":"0","bottom":"0","left":"0","isLinked":true},"box_border_color":"#ffffff","box_padding":{"unit":"px","top":"10","right":"10","bottom":"10","left":"10","isLinked":true},"digits_color":"#ffffff","digits_typography_typography":"custom","digits_typography_font_size":{"unit":"px","size":22},"digits_typography_font_family":"Roboto","digits_typography_font_weight":"900","digits_typography_line_height":{"unit":"em","size":1.6},"label_color":"#ffffff","label_typography_typography":"custom","label_typography_font_size":{"unit":"px","size":9},"label_typography_font_family":"Montserrat","label_typography_font_weight":"300","label_typography_letter_spacing":{"unit":"px","size":1.6},"_padding":{"unit":"px","top":"0","right":"0","bottom":"0","left":"0","isLinked":true},"_background_background":"classic","box_spacing":{"unit":"px","size":13},"container_width":{"unit":"%","size":78}},"elements":[],"isInner":false,"widgetType":"countdown","elType":"widget"}],"isInner":false,"elType":"column"},{"id":"3776","settings":{"_column_size":33,"_inline_size":30},"elements":[{"id":"5a11","settings":{"text":"get 15% off","align":"center","typography_typography":"custom","typography_font_size":{"unit":"px","size":14},"typography_font_family":"Roboto","typography_font_weight":"500","typography_text_transform":"uppercase","typography_letter_spacing":{"unit":"px","size":1.8},"button_text_color":"#ffffff","background_color":"#9201f9","border_radius":{"unit":"px","top":"0","right":"0","bottom":"0","left":"0","isLinked":true},"text_padding":{"unit":"px","top":"15","right":"30","bottom":"15","left":"30","isLinked":false},"button_box_shadow_box_shadow_type":"yes","button_box_shadow_box_shadow":{"horizontal":0,"vertical":0,"blur":13,"spread":0,"color":"rgba(0,0,0,0.5)"},"align_tablet":"right","align_mobile":"center"},"elements":[],"isInner":false,"widgetType":"button","elType":"widget"}],"isInner":false,"elType":"column"}],"isInner":false,"elType":"section"},{"id":"5502","settings":[],"elements":[{"id":"64d","settings":{"_column_size":100},"elements":[{"id":"51e4","settings":[],"elements":[],"isInner":false,"widgetType":"spacer","elType":"widget"}],"isInner":false,"elType":"column"}],"isInner":false,"elType":"section"},{"id":"1c8b","settings":{"custom_height":{"unit":"vh","size":73},"background_background":"classic","margin":{"unit":"px","top":"","right":0,"bottom":"","left":0,"isLinked":true},"gap":"no","background_color":"#000000","structure":"20","padding":{"unit":"px","top":"80","right":"40","bottom":"80","left":"40","isLinked":false},"height":"min-height","background_image":{"id":1181,"url":"http:\/\/localhost\/checkupdate\/wp-content\/uploads\/2018\/03\/meagan-collins-357419.png"},"background_size":"cover","margin_mobile":{"unit":"px","top":"","right":0,"bottom":"","left":0,"isLinked":true},"padding_mobile":{"unit":"px","top":"60","right":"20","bottom":"60","left":"20","isLinked":false},"custom_height_tablet":{"unit":"vh","size":47}},"elements":[{"id":"2850","settings":{"_column_size":50,"background_background":"classic","padding":{"unit":"px","top":"0","right":"0","bottom":"0","left":"0","isLinked":true},"border_border":"solid","border_width":{"unit":"px","top":"0","right":"0","bottom":"0","left":"0","isLinked":true},"border_color":"#ffffff","_inline_size":45.526},"elements":[{"id":"7e13","settings":{"title":"black friday","align":"left","title_color":"#ffffff","typography_typography":"custom","typography_font_size":{"unit":"px","size":64},"typography_font_family":"Teko","typography_font_weight":"600","typography_text_transform":"uppercase","text_shadow_text_shadow_type":"yes","typography_font_size_mobile":{"unit":"px","size":47},"_margin_mobile":{"unit":"px","top":"0","right":"0","bottom":"30","left":"0","isLinked":false},"header_size":"h4","align_mobile":"center","typography_font_size_tablet":{"unit":"px","size":38}},"elements":[],"isInner":false,"widgetType":"heading","elType":"widget"}],"isInner":false,"elType":"column"},{"id":"25a","settings":{"_column_size":50,"background_background":"classic","border_border":"solid","border_width":{"unit":"px","top":"0","right":"0","bottom":"0","left":"0","isLinked":true},"border_color":"#ffffff","_inline_size":54.474},"elements":[{"id":"3a49","settings":{"image":{"id":1180,"url":"http:\/\/localhost\/checkupdate\/wp-content\/uploads\/2018\/03\/bunner2-2.png"},"space":{"unit":"%","size":20},"_margin":{"unit":"px","top":"0","right":"0","bottom":"40","left":"0","isLinked":false},"space_mobile":{"unit":"%","size":24},"space_tablet":{"unit":"%","size":37}},"elements":[],"isInner":false,"widgetType":"image","elType":"widget"},{"id":"3f4e","settings":{"title":"get 15% off","align":"center","title_color":"#ffffff","typography_typography":"custom","typography_font_size":{"unit":"px","size":75},"typography_font_family":"Roboto","typography_font_weight":"bold","typography_text_transform":"capitalize","typography_letter_spacing":{"unit":"px","size":-0.8},"_margin":{"unit":"px","top":"0","right":"0","bottom":"0","left":"0","isLinked":false},"align_mobile":"center","typography_font_size_mobile":{"unit":"px","size":44},"_margin_mobile":{"unit":"px","top":"-15","right":"0","bottom":"0","left":"0","isLinked":false},"_padding_mobile":{"unit":"px","top":"0","right":"0","bottom":"0","left":"0","isLinked":true},"typography_font_size_tablet":{"unit":"px","size":60}},"elements":[],"isInner":false,"widgetType":"heading","elType":"widget"},{"id":"686f","settings":{"title":"your first purchase","header_size":"h4","align":"center","title_color":"#ffffff","typography_typography":"custom","typography_font_size":{"unit":"px","size":15},"typography_font_family":"Roboto","typography_font_weight":"300","typography_text_transform":"uppercase","typography_letter_spacing":{"unit":"px","size":4},"_margin":{"unit":"px","top":"40","right":"0","bottom":"40","left":"0","isLinked":false},"_margin_mobile":{"unit":"px","top":"30","right":"0","bottom":"0","left":"0","isLinked":false}},"elements":[],"isInner":false,"widgetType":"heading","elType":"widget"},{"id":"797c","settings":{"label_days":"Days","label_hours":"Hours","label_minutes":"Minutes","label_seconds":"Seconds","box_background_color":"rgba(255,255,255,0.33)","box_border_border":"solid","box_border_width":{"unit":"px","top":"0","right":"0","bottom":"0","left":"0","isLinked":true},"box_border_color":"#ffffff","box_padding":{"unit":"px","top":"15","right":"15","bottom":"15","left":"15","isLinked":true},"digits_color":"#ffffff","digits_typography_typography":"custom","digits_typography_font_size":{"unit":"px","size":38},"digits_typography_font_family":"Roboto","digits_typography_font_weight":"900","digits_typography_line_height":{"unit":"em","size":1.4},"label_color":"#ffffff","label_typography_typography":"custom","label_typography_font_size":{"unit":"px","size":11},"label_typography_font_family":"Montserrat","label_typography_font_weight":"300","label_typography_letter_spacing":{"unit":"px","size":1.6},"_padding":{"unit":"px","top":"0","right":"0","bottom":"0","left":"0","isLinked":true},"_background_background":"classic","box_spacing":{"unit":"px","size":20},"container_width":{"unit":"%","size":64},"_margin_mobile":{"unit":"px","top":"0","right":"0","bottom":"0","left":"0","isLinked":true},"box_spacing_mobile":{"unit":"px","size":12},"box_padding_mobile":{"unit":"px","top":"9","right":"9","bottom":"9","left":"9","isLinked":true}},"elements":[],"isInner":false,"widgetType":"countdown","elType":"widget"},{"id":"3205","settings":{"text":"view details","align":"center","typography_typography":"custom","typography_font_size":{"unit":"px","size":18},"typography_font_family":"Roboto","typography_font_weight":"500","typography_text_transform":"uppercase","typography_letter_spacing":{"unit":"px","size":1.1},"button_text_color":"#ffffff","background_color":"#9101f9","border_radius":{"unit":"px","top":"0","right":"0","bottom":"0","left":"0","isLinked":true},"text_padding":{"unit":"px","top":"25","right":"40","bottom":"25","left":"40","isLinked":false},"button_box_shadow_box_shadow_type":"yes","button_box_shadow_box_shadow":{"horizontal":0,"vertical":0,"blur":13,"spread":0,"color":"rgba(0,0,0,0.5)"},"_margin":{"unit":"px","top":"60","right":"0","bottom":"0","left":"0","isLinked":false}},"elements":[],"isInner":false,"widgetType":"button","elType":"widget"}],"isInner":false,"elType":"column"}],"isInner":false,"elType":"section"},{"id":"6a26","settings":[],"elements":[{"id":"6981","settings":{"_column_size":100},"elements":[{"id":"3168","settings":[],"elements":[],"isInner":false,"widgetType":"spacer","elType":"widget"}],"isInner":false,"elType":"column"}],"isInner":false,"elType":"section"},{"id":"360a","settings":{"content_width":{"unit":"px","size":853},"height":"min-height","custom_height":{"unit":"vh","size":65},"background_background":"classic","margin":{"unit":"px","top":"","right":0,"bottom":"","left":0,"isLinked":true},"gap":"no","background_color":"#000000","padding_mobile":{"unit":"px","top":"30","right":"15","bottom":"30","left":"15","isLinked":false}},"elements":[{"id":"2675","settings":{"_column_size":100,"background_background":"classic","padding":{"unit":"px","top":"20","right":"20","bottom":"0","left":"20","isLinked":false},"border_border":"solid","border_width":{"unit":"px","top":"0","right":"0","bottom":"0","left":"0","isLinked":true},"border_color":"#ffffff","padding_mobile":{"unit":"px","top":"20","right":"20","bottom":"20","left":"20","isLinked":true}},"elements":[{"id":"39ac","settings":{"layout":"full_width","height_inner":"min-height","custom_height_inner":{"unit":"px","size":340},"background_background":"classic","background_color":"#212121","structure":"30","gap":"no","margin":{"unit":"px","top":"0","right":0,"bottom":"0","left":0,"isLinked":true},"padding":{"unit":"px","top":"0","right":"0","bottom":"0","left":"0","isLinked":true},"border_radius":{"unit":"px","top":"0","right":"0","bottom":"0","left":"0","isLinked":true},"background_image":{"id":1181,"url":"http:\/\/localhost\/checkupdate\/wp-content\/uploads\/2018\/03\/meagan-collins-357419.png"},"background_position":"top left","background_repeat":"no-repeat","background_size":"cover","background_overlay_background":"classic","background_overlay_color":"#000000","background_overlay_color_b":"rgba(242,41,91,0)","background_overlay_color_b_stop":{"unit":"%","size":39},"background_overlay_gradient_angle":{"unit":"deg","size":240},"background_overlay_opacity":{"unit":"px","size":0.44}},"elements":[{"id":"7c14","settings":{"_column_size":33,"_inline_size":24.969,"content_position":"top","padding":{"unit":"px","top":"40","right":"20","bottom":"20","left":"40","isLinked":false}},"elements":[{"id":"7667","settings":{"title":"black friday","align":"left","title_color":"#ffffff","typography_typography":"custom","typography_font_size":{"unit":"px","size":43},"typography_font_family":"Teko","typography_font_weight":"600","typography_text_transform":"uppercase","text_shadow_text_shadow_type":"yes","typography_font_size_mobile":{"unit":"px","size":41},"header_size":"h4","align_mobile":"center","typography_font_size_tablet":{"unit":"px","size":38}},"elements":[],"isInner":false,"widgetType":"heading","elType":"widget"}],"isInner":true,"elType":"column"},{"id":"4580","settings":{"_column_size":33,"content_position":"center","_inline_size":52.153,"padding_mobile":{"unit":"px","top":"35","right":"20","bottom":"25","left":"20","isLinked":false},"border_radius":{"unit":"px","top":"0","right":"0","bottom":"0","left":"0","isLinked":false}},"elements":[{"id":"1cbd","settings":{"title":"get 15% off","align":"left","title_color":"#ffffff","typography_typography":"custom","typography_font_size":{"unit":"px","size":51},"typography_font_family":"Roboto","typography_font_weight":"bold","typography_text_transform":"capitalize","align_mobile":"center","_margin_mobile":{"unit":"px","top":"0","right":"0","bottom":"0","left":"0","isLinked":false},"typography_font_size_mobile":{"unit":"px","size":40}},"elements":[],"isInner":false,"widgetType":"heading","elType":"widget"},{"id":"2b2","settings":{"title":"Your first purchase.<br>Available till 24.11.17","header_size":"h4","align":"left","title_color":"#ffffff","typography_typography":"custom","typography_font_size":{"unit":"px","size":21},"typography_font_family":"Roboto","typography_font_weight":"300","typography_letter_spacing":{"unit":"px","size":0.4},"_margin":{"unit":"px","top":"20","right":"0","bottom":"20","left":"0","isLinked":false},"typography_line_height":{"unit":"em","size":1.5},"align_mobile":"center","typography_font_size_mobile":{"unit":"px","size":17},"typography_line_height_mobile":{"unit":"px","size":28}},"elements":[],"isInner":false,"widgetType":"heading","elType":"widget"},{"id":"1203","settings":{"title":"DISCOUNT CODE: <span2>BK2017<\/span2>","align":"left","title_color":"#ffffff","typography_typography":"custom","typography_font_size":{"unit":"px","size":18},"typography_font_family":"Roboto","typography_font_weight":"600","typography_text_transform":"uppercase","typography_letter_spacing":{"unit":"px","size":1.4},"_margin":{"unit":"px","top":"30","right":"0","bottom":"0","left":"0","isLinked":false},"_padding":{"unit":"px","top":"0","right":"0","bottom":"0","left":"0","isLinked":false},"_background_background":"classic","custom_css":"span2{\n    color:#008FFF;\n}","align_mobile":"center"},"elements":[],"isInner":false,"widgetType":"heading","elType":"widget"}],"isInner":true,"elType":"column"},{"id":"4b5f","settings":{"_column_size":33,"_inline_size":22.871,"content_position":"center","background_background":"classic","background_color":"#9101f9","margin":{"unit":"px","top":"0","right":"0","bottom":"0","left":"0","isLinked":false},"padding":{"unit":"px","top":"0","right":"0","bottom":"0","left":"0","isLinked":true},"space_between_widgets":0,"padding_mobile":{"unit":"px","top":"10","right":"20","bottom":"10","left":"20","isLinked":false},"border_border":"solid","border_width":{"unit":"px","top":"0","right":"2","bottom":"0","left":"2","isLinked":false},"border_color":"#9101f9","margin_mobile":{"unit":"px","top":"25","right":"0","bottom":"0","left":"0","isLinked":false}},"elements":[{"id":"47b9","settings":{"text":"Get it now","align":"center","align_mobile":"center","icon_align":"right","typography_typography":"custom","typography_font_size":{"unit":"px","size":34},"typography_font_size_mobile":{"unit":"px","size":26},"typography_font_family":"Roboto","typography_font_weight":"bold","typography_text_transform":"uppercase","typography_line_height":{"unit":"em","size":1.2},"background_color":"rgba(0,0,0,0)"},"elements":[],"isInner":false,"widgetType":"button","elType":"widget"},{"id":"17fe","settings":{"icon":"fa fa-angle-double-right","primary_color":"#ffffff","size":{"unit":"px","size":45}},"elements":[],"isInner":false,"widgetType":"icon","elType":"widget"}],"isInner":true,"elType":"column"}],"isInner":true,"elType":"section"}],"isInner":false,"elType":"column"}],"isInner":false,"elType":"section"},{"id":"34f1","settings":[],"elements":[{"id":"4498","settings":{"_column_size":100},"elements":[{"id":"3e7b","settings":[],"elements":[],"isInner":false,"widgetType":"spacer","elType":"widget"}],"isInner":false,"elType":"column"}],"isInner":false,"elType":"section"},{"id":"35ba","settings":{"height":"min-height","custom_height":{"unit":"vh","size":100},"background_background":"classic","background_color_stop":{"unit":"%","size":49},"background_color_b":"rgba(242,41,91,0)","background_color_b_stop":{"unit":"%","size":23},"background_gradient_angle":{"unit":"deg","size":50},"margin":{"unit":"px","top":"","right":0,"bottom":"","left":0,"isLinked":true},"background_overlay_color":"#161616","background_overlay_color_stop":{"unit":"%","size":59},"background_overlay_color_b":"rgba(242,41,91,0)","background_overlay_color_b_stop":{"unit":"%","size":0},"background_overlay_opacity":{"unit":"px","size":1},"padding":{"unit":"px","top":"70","right":"0","bottom":"50","left":"0","isLinked":false},"layout":"full_width","gap":"no","background_image":{"id":1182,"url":"http:\/\/localhost\/checkupdate\/wp-content\/uploads\/2018\/03\/meagan-collins-357419-copy-3.png"},"background_position":"top center","background_size":"cover","padding_mobile":{"unit":"px","top":"50","right":"0","bottom":"30","left":"0","isLinked":false},"column_position":"top"},"elements":[{"id":"16e5","settings":{"_column_size":100,"_inline_size":null,"background_background":"classic","content_position":"center","margin_mobile":{"unit":"px","top":"0","right":"0","bottom":"0","left":"0","isLinked":true},"padding_mobile":{"unit":"px","top":"0","right":"0","bottom":"0","left":"0","isLinked":true}},"elements":[{"id":"28d6","settings":{"title":"black friday","align":"center","title_color":"#ffffff","typography_typography":"custom","typography_font_size":{"unit":"px","size":64},"typography_font_family":"Teko","typography_font_weight":"600","typography_text_transform":"uppercase","text_shadow_text_shadow_type":"yes","typography_font_size_mobile":{"unit":"px","size":47},"_margin_mobile":{"unit":"px","top":"0","right":"0","bottom":"30","left":"0","isLinked":false},"header_size":"h4","align_mobile":"center","typography_font_size_tablet":{"unit":"px","size":60}},"elements":[],"isInner":false,"widgetType":"heading","elType":"widget"},{"id":"65dc","settings":{"structure":"40","gap":"no","custom_height_inner":{"unit":"px","size":285},"margin":{"unit":"px","top":"200","right":0,"bottom":"0","left":0,"isLinked":false},"padding_mobile":{"unit":"px","top":"0","right":"0","bottom":"0","left":"0","isLinked":true},"padding_tablet":{"unit":"px","top":"0","right":"30","bottom":"0","left":"30","isLinked":false},"margin_tablet":{"unit":"px","top":"","right":0,"bottom":"","left":0,"isLinked":true},"margin_mobile":{"unit":"px","top":"0","right":0,"bottom":"0","left":0,"isLinked":false},"content_position":"bottom"},"elements":[{"id":"1244","settings":{"_column_size":25,"_inline_size":null,"margin":{"unit":"px","top":"0","right":"20","bottom":"0","left":"0","isLinked":false},"content_position":"bottom","space_between_widgets":0,"margin_mobile":{"unit":"px","top":"0","right":"0","bottom":"0","left":"0","isLinked":false},"padding_mobile":{"unit":"px","top":"30","right":"30","bottom":"30","left":"30","isLinked":true},"_inline_size_tablet":50},"elements":[{"id":"4757","settings":{"heading":"starter","sub_heading":"","price":"19","period":"","features_list":[{"item_text":"Best Support","item_icon":"","_id":"akng6dz","item_icon_color":""},{"item_text":"1GB Bandwidth","item_icon":"","item_icon_color":"","_id":"n1doft7"},{"item_text":"Free Upgrade","item_icon":"","item_icon_color":"","_id":"4pp1jbf"},{"item_text":"100GB Storage","item_icon":"","item_icon_color":"","_id":"oq4evy6"}],"button_text":"purchase","footer_additional_info":"","show_ribbon":"","ribbon_title":"Popular","header_bg_color":"rgba(255,255,255,0)","header_padding":{"unit":"px","top":"30","right":"15","bottom":"30","left":"15","isLinked":false},"heading_color":"#ffffff","heading_typography_typography":"custom","heading_typography_font_family":"Roboto","heading_typography_font_weight":"500","heading_typography_text_transform":"uppercase","price_color":"#ffffff","price_typography_typography":"custom","price_typography_font_size":{"unit":"px","size":71},"price_typography_font_family":"Roboto","currency_size":{"unit":"px","size":85},"fractional-part_size":{"unit":"px","size":75},"period_color":"#000000","period_typography_typography":"custom","period_typography_font_size":{"unit":"px","size":"18"},"period_typography_font_family":"Oswald","period_typography_line_height":{"unit":"em","size":0.6},"period_position":"beside","features_list_padding":{"unit":"px","top":"10","right":"0","bottom":"0","left":"0","isLinked":false},"features_list_color":"#ffffff","features_list_typography_typography":"custom","features_list_typography_font_size":{"unit":"px","size":14},"features_list_typography_font_family":"Roboto","features_list_typography_line_height":{"unit":"em","size":1.5},"features_list_alignment":"center","divider_color":"#dddddd","divider_weight":{"unit":"px","size":1},"footer_padding":{"unit":"px","top":"30","right":"40","bottom":"40","left":"40","isLinked":false},"button_text_color":"#ffffff","button_typography_typography":"custom","button_typography_font_size":{"unit":"px","size":14},"button_typography_font_family":"Roboto","button_typography_letter_spacing":{"unit":"px","size":3},"button_background_color":"rgba(105,119,53,0)","button_border_width":{"unit":"px","top":"1","right":"1","bottom":"1","left":"1","isLinked":true},"button_border_radius":{"unit":"px","top":"0","right":"0","bottom":"0","left":"0","isLinked":true},"button_text_padding":{"unit":"px","top":"15","right":"25","bottom":"15","left":"25","isLinked":false},"button_hover_color":"#ffffff","button_background_hover_color":"#000000","ribbon_bg_color":"#000000","ribbon_distance":{"unit":"px","size":23},"ribbon_typography_typography":"custom","ribbon_typography_font_size":{"unit":"px","size":"10"},"ribbon_typography_font_family":"Oswald","ribbon_typography_line_height":{"unit":"em","size":3},"ribbon_typography_letter_spacing":{"unit":"px","size":"1"},"box_shadow_box_shadow_type":"yes","box_shadow_box_shadow":{"horizontal":0,"vertical":0,"blur":"10","spread":0,"inset":"","color":"rgba(0,0,0,0.29)"},"_background_background":"classic","heading_typography_font_size":{"unit":"px","size":16},"pricing_element_padding":{"unit":"px","top":"30","right":"40","bottom":"40","left":"40","isLinked":false},"heading_typography_font_size_tablet":{"unit":"px","size":"18"},"heading_typography_font_size_mobile":{"unit":"px","size":"25"},"price_typography_font_size_tablet":{"unit":"px","size":"53"},"price_typography_font_size_mobile":{"unit":"px","size":"80"},"features_list_padding_tablet":{"unit":"px","top":"0","right":"0","bottom":"0","left":"0","isLinked":true},"features_list_padding_mobile":{"unit":"px","top":"0","right":"20","bottom":"0","left":"20","isLinked":false},"features_list_typography_font_size_tablet":{"unit":"px","size":"12"},"features_list_typography_font_size_mobile":{"unit":"px","size":"13"},"features_list_typography_line_height_tablet":{"unit":"em","size":"1.1"},"features_list_typography_line_height_mobile":{"unit":"em","size":"1.3"},"sale":"yes","original_price":29,"heading_typography_line_height":{"unit":"em","size":1.1},"pricing_element_bg_color":"rgba(255,255,255,0)","price_typography_font_weight":"700","currency_vertical_position":"middle","original_price_color":"#ffffff","original_price_typography_typography":"custom","original_price_typography_font_size":{"unit":"px","size":24},"original_price_typography_font_family":"Roboto","original_price_typography_font_weight":"300","original_price_typography_line_height":{"unit":"em","size":1},"original_price_vertical_position":"middle","features_list_bg_color":"rgba(255,255,255,0)","item_width":{"unit":"px","size":100},"divider_width":{"unit":"px","size":100},"footer_bg_color":"rgba(255,255,255,0)","button_typography_font_weight":"500","button_typography_text_transform":"uppercase","sub_heading_typography_font_size":{"unit":"px","size":14},"sub_heading_typography_font_family":"Roboto","sub_heading_typography_font_weight":"500","sub_heading_typography_text_transform":"capitalize","sub_heading_typography_letter_spacing":{"unit":"px","size":0.4},"price_typography_letter_spacing":{"unit":"px","size":-2},"original_price_typography_letter_spacing":{"unit":"px","size":-0.8},"features_list_typography_font_weight":"300","list_divider":"","button_border_border":"solid","features_list_typography_letter_spacing":{"unit":"px","size":1},"button_border_color":"#ffffff","_background_color":"rgba(255,255,255,0.33)","_box_shadow_box_shadow_type":"yes","_box_shadow_box_shadow":{"horizontal":0,"vertical":0,"blur":34,"spread":-7,"color":"rgba(0,0,0,0.35)"},"button_hover_border_color":"#000000"},"elements":[],"isInner":false,"widgetType":"price-table","elType":"widget"}],"isInner":true,"elType":"column"},{"id":"7c62","settings":{"_column_size":25,"_inline_size":null,"margin":{"unit":"px","top":"0","right":"20","bottom":"0","left":"0","isLinked":false},"content_position":"bottom","space_between_widgets":0,"margin_mobile":{"unit":"px","top":"10","right":"0","bottom":"0","left":"0","isLinked":false},"padding_mobile":{"unit":"px","top":"0","right":"30","bottom":"30","left":"30","isLinked":false},"_inline_size_tablet":50},"elements":[{"id":"2f2d","settings":{"heading":"basic","sub_heading":"","price":"39","period":"","features_list":[{"item_text":"Best Support","item_icon":"","_id":"akng6dz","item_icon_color":""},{"item_text":"1GB Bandwidth","item_icon":"","item_icon_color":"","_id":"n1doft7"},{"item_text":"Free Upgrade","item_icon":"","item_icon_color":"","_id":"4pp1jbf"},{"item_text":"100GB Storage","item_icon":"","item_icon_color":"","_id":"oq4evy6"}],"button_text":"purchase","footer_additional_info":"","show_ribbon":"","ribbon_title":"Popular","header_bg_color":"rgba(255,255,255,0)","header_padding":{"unit":"px","top":"30","right":"15","bottom":"30","left":"15","isLinked":false},"heading_color":"#ffffff","heading_typography_typography":"custom","heading_typography_font_family":"Roboto","heading_typography_font_weight":"500","heading_typography_text_transform":"uppercase","price_color":"#ffffff","price_typography_typography":"custom","price_typography_font_size":{"unit":"px","size":71},"price_typography_font_family":"Roboto","currency_size":{"unit":"px","size":85},"fractional-part_size":{"unit":"px","size":75},"period_color":"#000000","period_typography_typography":"custom","period_typography_font_size":{"unit":"px","size":"18"},"period_typography_font_family":"Oswald","period_typography_line_height":{"unit":"em","size":0.6},"period_position":"beside","features_list_padding":{"unit":"px","top":"10","right":"0","bottom":"0","left":"0","isLinked":false},"features_list_color":"#ffffff","features_list_typography_typography":"custom","features_list_typography_font_size":{"unit":"px","size":14},"features_list_typography_font_family":"Roboto","features_list_typography_line_height":{"unit":"em","size":1.5},"features_list_alignment":"center","divider_color":"#dddddd","divider_weight":{"unit":"px","size":1},"footer_padding":{"unit":"px","top":"30","right":"40","bottom":"40","left":"40","isLinked":false},"button_text_color":"#ffffff","button_typography_typography":"custom","button_typography_font_size":{"unit":"px","size":14},"button_typography_font_family":"Roboto","button_typography_letter_spacing":{"unit":"px","size":3},"button_background_color":"rgba(105,119,53,0)","button_border_width":{"unit":"px","top":"1","right":"1","bottom":"1","left":"1","isLinked":true},"button_border_radius":{"unit":"px","top":"0","right":"0","bottom":"0","left":"0","isLinked":true},"button_text_padding":{"unit":"px","top":"15","right":"25","bottom":"15","left":"25","isLinked":false},"button_hover_color":"#ffffff","button_background_hover_color":"#000000","ribbon_bg_color":"#000000","ribbon_distance":{"unit":"px","size":23},"ribbon_typography_typography":"custom","ribbon_typography_font_size":{"unit":"px","size":"10"},"ribbon_typography_font_family":"Oswald","ribbon_typography_line_height":{"unit":"em","size":3},"ribbon_typography_letter_spacing":{"unit":"px","size":"1"},"box_shadow_box_shadow_type":"yes","box_shadow_box_shadow":{"horizontal":0,"vertical":0,"blur":"10","spread":0,"inset":"","color":"rgba(0,0,0,0.29)"},"_background_background":"classic","heading_typography_font_size":{"unit":"px","size":16},"pricing_element_padding":{"unit":"px","top":"30","right":"40","bottom":"40","left":"40","isLinked":false},"heading_typography_font_size_tablet":{"unit":"px","size":"18"},"heading_typography_font_size_mobile":{"unit":"px","size":"25"},"price_typography_font_size_tablet":{"unit":"px","size":"53"},"price_typography_font_size_mobile":{"unit":"px","size":"80"},"features_list_padding_tablet":{"unit":"px","top":"0","right":"0","bottom":"0","left":"0","isLinked":true},"features_list_padding_mobile":{"unit":"px","top":"0","right":"20","bottom":"0","left":"20","isLinked":false},"features_list_typography_font_size_tablet":{"unit":"px","size":"12"},"features_list_typography_font_size_mobile":{"unit":"px","size":"13"},"features_list_typography_line_height_tablet":{"unit":"em","size":"1.1"},"features_list_typography_line_height_mobile":{"unit":"em","size":"1.3"},"sale":"yes","original_price":59,"heading_typography_line_height":{"unit":"em","size":1.1},"pricing_element_bg_color":"rgba(255,255,255,0)","price_typography_font_weight":"700","currency_vertical_position":"middle","original_price_color":"#ffffff","original_price_typography_typography":"custom","original_price_typography_font_size":{"unit":"px","size":24},"original_price_typography_font_family":"Roboto","original_price_typography_font_weight":"300","original_price_typography_line_height":{"unit":"em","size":1},"original_price_vertical_position":"middle","features_list_bg_color":"rgba(255,255,255,0)","item_width":{"unit":"px","size":100},"divider_width":{"unit":"px","size":100},"footer_bg_color":"rgba(255,255,255,0)","button_typography_font_weight":"500","button_typography_text_transform":"uppercase","sub_heading_typography_font_size":{"unit":"px","size":14},"sub_heading_typography_font_family":"Roboto","sub_heading_typography_font_weight":"500","sub_heading_typography_text_transform":"capitalize","sub_heading_typography_letter_spacing":{"unit":"px","size":0.4},"price_typography_letter_spacing":{"unit":"px","size":-2},"original_price_typography_letter_spacing":{"unit":"px","size":-0.8},"features_list_typography_font_weight":"300","list_divider":"","button_border_border":"solid","features_list_typography_letter_spacing":{"unit":"px","size":1},"button_border_color":"#ffffff","_background_color":"rgba(255,255,255,0.33)","_box_shadow_box_shadow_type":"yes","_box_shadow_box_shadow":{"horizontal":0,"vertical":0,"blur":34,"spread":-7,"color":"rgba(0,0,0,0.35)"},"button_hover_border_color":"#000000","_margin_mobile":{"unit":"px","top":"0","right":"0","bottom":"0","left":"0","isLinked":true},"_padding_mobile":{"unit":"px","top":"0","right":"0","bottom":"0","left":"0","isLinked":true}},"elements":[],"isInner":false,"widgetType":"price-table","elType":"widget"}],"isInner":true,"elType":"column"},{"id":"1129","settings":{"_column_size":25,"_inline_size":null,"padding":{"unit":"px","top":"0","right":"0","bottom":"0","left":"0","isLinked":true},"margin":{"unit":"px","top":"0","right":"20","bottom":"0","left":"0","isLinked":false},"content_position":"bottom","space_between_widgets":0,"margin_mobile":{"unit":"px","top":"10","right":"0","bottom":"0","left":"0","isLinked":false},"padding_mobile":{"unit":"px","top":"0","right":"30","bottom":"30","left":"30","isLinked":false},"_inline_size_tablet":50},"elements":[{"id":"1f3","settings":{"title":"BEST PRICE","header_size":"h4","align":"center","title_color":"#ffffff","typography_typography":"custom","typography_font_size":{"unit":"px","size":12},"typography_font_family":"Roboto","typography_font_weight":"400","typography_text_transform":"uppercase","typography_letter_spacing":{"unit":"px","size":1.7},"_margin":{"unit":"px","top":"0","right":"0","bottom":"0","left":"0","isLinked":false},"_padding":{"unit":"px","top":"15","right":"15","bottom":"15","left":"15","isLinked":true},"_background_background":"classic","_background_color":"#9101f9"},"elements":[],"isInner":false,"widgetType":"heading","elType":"widget"},{"id":"eb0","settings":{"heading":"pro","sub_heading":"","price":"59","period":"","features_list":[{"item_text":"Best Support","item_icon":"","_id":"akng6dz","item_icon_color":""},{"item_text":"1GB Bandwidth","item_icon":"","item_icon_color":"","_id":"n1doft7"},{"item_text":"Free Upgrade","item_icon":"","item_icon_color":"","_id":"4pp1jbf"},{"item_text":"100GB Storage","item_icon":"","item_icon_color":"","_id":"oq4evy6"}],"button_text":"purchase","footer_additional_info":"","show_ribbon":"","ribbon_title":"Popular","header_bg_color":"rgba(255,255,255,0)","header_padding":{"unit":"px","top":"30","right":"15","bottom":"30","left":"15","isLinked":false},"heading_color":"#ffffff","heading_typography_typography":"custom","heading_typography_font_family":"Roboto","heading_typography_font_weight":"500","heading_typography_text_transform":"uppercase","price_color":"#ffffff","price_typography_typography":"custom","price_typography_font_size":{"unit":"px","size":70},"price_typography_font_family":"Roboto","currency_size":{"unit":"px","size":85},"fractional-part_size":{"unit":"px","size":75},"period_color":"#000000","period_typography_typography":"custom","period_typography_font_size":{"unit":"px","size":"18"},"period_typography_font_family":"Oswald","period_typography_line_height":{"unit":"em","size":0.6},"period_position":"beside","features_list_padding":{"unit":"px","top":"10","right":"0","bottom":"0","left":"0","isLinked":false},"features_list_color":"#ffffff","features_list_typography_typography":"custom","features_list_typography_font_size":{"unit":"px","size":14},"features_list_typography_font_family":"Roboto","features_list_typography_line_height":{"unit":"em","size":1.5},"features_list_alignment":"center","divider_color":"#dddddd","divider_weight":{"unit":"px","size":1},"footer_padding":{"unit":"px","top":"30","right":"40","bottom":"40","left":"40","isLinked":false},"button_text_color":"#ffffff","button_typography_typography":"custom","button_typography_font_size":{"unit":"px","size":14},"button_typography_font_family":"Roboto","button_typography_letter_spacing":{"unit":"px","size":3},"button_background_color":"rgba(105,119,53,0)","button_border_width":{"unit":"px","top":"1","right":"1","bottom":"1","left":"1","isLinked":true},"button_border_radius":{"unit":"px","top":"0","right":"0","bottom":"0","left":"0","isLinked":true},"button_text_padding":{"unit":"px","top":"15","right":"25","bottom":"15","left":"25","isLinked":false},"button_hover_color":"#ffffff","button_background_hover_color":"#000000","ribbon_bg_color":"#000000","ribbon_distance":{"unit":"px","size":30},"ribbon_typography_font_size":{"unit":"px","size":12},"ribbon_typography_font_family":"Oswald","ribbon_typography_line_height":{"unit":"em","size":3},"ribbon_typography_letter_spacing":{"unit":"px","size":8.7},"box_shadow_box_shadow":{"horizontal":0,"vertical":0,"blur":"10","spread":0,"inset":"","color":"rgba(0,0,0,0.29)"},"_background_background":"classic","heading_typography_font_size":{"unit":"px","size":16},"pricing_element_padding":{"unit":"px","top":"30","right":"40","bottom":"40","left":"40","isLinked":false},"heading_typography_font_size_tablet":{"unit":"px","size":"18"},"heading_typography_font_size_mobile":{"unit":"px","size":"25"},"price_typography_font_size_tablet":{"unit":"px","size":"53"},"price_typography_font_size_mobile":{"unit":"px","size":"80"},"features_list_padding_tablet":{"unit":"px","top":"0","right":"0","bottom":"0","left":"0","isLinked":true},"features_list_padding_mobile":{"unit":"px","top":"0","right":"20","bottom":"0","left":"20","isLinked":false},"features_list_typography_font_size_tablet":{"unit":"px","size":"12"},"features_list_typography_font_size_mobile":{"unit":"px","size":"13"},"features_list_typography_line_height_tablet":{"unit":"em","size":"1.1"},"features_list_typography_line_height_mobile":{"unit":"em","size":"1.3"},"sale":"yes","original_price":89,"heading_typography_line_height":{"unit":"em","size":1.1},"pricing_element_bg_color":"rgba(255,255,255,0)","price_typography_font_weight":"700","currency_vertical_position":"middle","original_price_color":"#ffffff","original_price_typography_typography":"custom","original_price_typography_font_size":{"unit":"px","size":24},"original_price_typography_font_family":"Roboto","original_price_typography_font_weight":"300","original_price_typography_line_height":{"unit":"em","size":1},"original_price_vertical_position":"middle","features_list_bg_color":"rgba(255,255,255,0)","item_width":{"unit":"px","size":100},"divider_width":{"unit":"px","size":100},"footer_bg_color":"rgba(255,255,255,0)","button_typography_font_weight":"500","button_typography_text_transform":"uppercase","sub_heading_typography_font_size":{"unit":"px","size":14},"sub_heading_typography_font_family":"Roboto","sub_heading_typography_font_weight":"500","sub_heading_typography_text_transform":"capitalize","sub_heading_typography_letter_spacing":{"unit":"px","size":0.4},"price_typography_letter_spacing":{"unit":"px","size":-2},"original_price_typography_letter_spacing":{"unit":"px","size":-0.8},"features_list_typography_font_weight":"300","list_divider":"","button_border_border":"solid","features_list_typography_letter_spacing":{"unit":"px","size":1},"button_border_color":"#ffffff","_background_color":"rgba(255,255,255,0.33)","_box_shadow_box_shadow_type":"yes","_box_shadow_box_shadow":{"horizontal":0,"vertical":0,"blur":34,"spread":-7,"color":"rgba(0,0,0,0.35)"},"button_hover_border_color":"#000000","ribbon_horizontal_position":"right"},"elements":[],"isInner":false,"widgetType":"price-table","elType":"widget"}],"isInner":true,"elType":"column"},{"id":"4a4f","settings":{"_column_size":25,"_inline_size":null,"margin":{"unit":"px","top":"0","right":"20","bottom":"0","left":"0","isLinked":false},"content_position":"bottom","space_between_widgets":0,"margin_mobile":{"unit":"px","top":"10","right":"0","bottom":"0","left":"0","isLinked":false},"padding_mobile":{"unit":"px","top":"0","right":"30","bottom":"30","left":"30","isLinked":false},"_inline_size_tablet":50},"elements":[{"id":"7cae","settings":{"heading":"ultra","sub_heading":"","price":"89","period":"","features_list":[{"item_text":"Best Support","item_icon":"","_id":"akng6dz","item_icon_color":""},{"item_text":"1GB Bandwidth","item_icon":"","item_icon_color":"","_id":"n1doft7"},{"item_text":"Free Upgrade","item_icon":"","item_icon_color":"","_id":"4pp1jbf"},{"item_text":"100GB Storage","item_icon":"","item_icon_color":"","_id":"oq4evy6"}],"button_text":"purchase","footer_additional_info":"","show_ribbon":"","ribbon_title":"Popular","header_bg_color":"rgba(255,255,255,0)","header_padding":{"unit":"px","top":"30","right":"15","bottom":"30","left":"15","isLinked":false},"heading_color":"#ffffff","heading_typography_typography":"custom","heading_typography_font_family":"Roboto","heading_typography_font_weight":"500","heading_typography_text_transform":"uppercase","price_color":"#ffffff","price_typography_typography":"custom","price_typography_font_size":{"unit":"px","size":71},"price_typography_font_family":"Roboto","currency_size":{"unit":"px","size":85},"fractional-part_size":{"unit":"px","size":75},"period_color":"#000000","period_typography_typography":"custom","period_typography_font_size":{"unit":"px","size":"18"},"period_typography_font_family":"Oswald","period_typography_line_height":{"unit":"em","size":0.6},"period_position":"beside","features_list_padding":{"unit":"px","top":"10","right":"0","bottom":"0","left":"0","isLinked":false},"features_list_color":"#ffffff","features_list_typography_typography":"custom","features_list_typography_font_size":{"unit":"px","size":14},"features_list_typography_font_family":"Roboto","features_list_typography_line_height":{"unit":"em","size":1.5},"features_list_alignment":"center","divider_color":"#dddddd","divider_weight":{"unit":"px","size":1},"footer_padding":{"unit":"px","top":"30","right":"40","bottom":"40","left":"40","isLinked":false},"button_text_color":"#ffffff","button_typography_typography":"custom","button_typography_font_size":{"unit":"px","size":14},"button_typography_font_family":"Roboto","button_typography_letter_spacing":{"unit":"px","size":3},"button_background_color":"rgba(105,119,53,0)","button_border_width":{"unit":"px","top":"1","right":"1","bottom":"1","left":"1","isLinked":true},"button_border_radius":{"unit":"px","top":"0","right":"0","bottom":"0","left":"0","isLinked":true},"button_text_padding":{"unit":"px","top":"15","right":"25","bottom":"15","left":"25","isLinked":false},"button_hover_color":"#ffffff","button_background_hover_color":"#000000","ribbon_bg_color":"#000000","ribbon_distance":{"unit":"px","size":23},"ribbon_typography_typography":"custom","ribbon_typography_font_size":{"unit":"px","size":"10"},"ribbon_typography_font_family":"Oswald","ribbon_typography_line_height":{"unit":"em","size":3},"ribbon_typography_letter_spacing":{"unit":"px","size":"1"},"box_shadow_box_shadow_type":"yes","box_shadow_box_shadow":{"horizontal":0,"vertical":0,"blur":"10","spread":0,"inset":"","color":"rgba(0,0,0,0.29)"},"_background_background":"classic","heading_typography_font_size":{"unit":"px","size":16},"pricing_element_padding":{"unit":"px","top":"30","right":"40","bottom":"40","left":"40","isLinked":false},"heading_typography_font_size_tablet":{"unit":"px","size":"18"},"heading_typography_font_size_mobile":{"unit":"px","size":"25"},"price_typography_font_size_tablet":{"unit":"px","size":"53"},"price_typography_font_size_mobile":{"unit":"px","size":"80"},"features_list_padding_tablet":{"unit":"px","top":"0","right":"0","bottom":"0","left":"0","isLinked":true},"features_list_padding_mobile":{"unit":"px","top":"0","right":"20","bottom":"0","left":"20","isLinked":false},"features_list_typography_font_size_tablet":{"unit":"px","size":"12"},"features_list_typography_font_size_mobile":{"unit":"px","size":"13"},"features_list_typography_line_height_tablet":{"unit":"em","size":"1.1"},"features_list_typography_line_height_mobile":{"unit":"em","size":"1.3"},"sale":"yes","original_price":119,"heading_typography_line_height":{"unit":"em","size":1.1},"pricing_element_bg_color":"rgba(255,255,255,0)","price_typography_font_weight":"700","currency_vertical_position":"middle","original_price_color":"#ffffff","original_price_typography_typography":"custom","original_price_typography_font_size":{"unit":"px","size":24},"original_price_typography_font_family":"Roboto","original_price_typography_font_weight":"300","original_price_typography_line_height":{"unit":"em","size":1},"original_price_vertical_position":"middle","features_list_bg_color":"rgba(255,255,255,0)","item_width":{"unit":"px","size":100},"divider_width":{"unit":"px","size":100},"footer_bg_color":"rgba(255,255,255,0)","button_typography_font_weight":"500","button_typography_text_transform":"uppercase","sub_heading_typography_font_size":{"unit":"px","size":14},"sub_heading_typography_font_family":"Roboto","sub_heading_typography_font_weight":"500","sub_heading_typography_text_transform":"capitalize","sub_heading_typography_letter_spacing":{"unit":"px","size":0.4},"price_typography_letter_spacing":{"unit":"px","size":-2},"original_price_typography_letter_spacing":{"unit":"px","size":-0.8},"features_list_typography_font_weight":"300","list_divider":"","button_border_border":"solid","features_list_typography_letter_spacing":{"unit":"px","size":1},"button_border_color":"#ffffff","_background_color":"rgba(255,255,255,0.33)","_box_shadow_box_shadow_type":"yes","_box_shadow_box_shadow":{"horizontal":0,"vertical":0,"blur":34,"spread":-7,"color":"rgba(0,0,0,0.35)"},"button_hover_border_color":"#000000"},"elements":[],"isInner":false,"widgetType":"price-table","elType":"widget"}],"isInner":true,"elType":"column"}],"isInner":true,"elType":"section"}],"isInner":false,"elType":"column"}],"isInner":false,"elType":"section"},{"id":"3c61","settings":[],"elements":[{"id":"3c8","settings":{"_column_size":100},"elements":[{"id":"3c6b","settings":[],"elements":[],"isInner":false,"widgetType":"spacer","elType":"widget"}],"isInner":false,"elType":"column"}],"isInner":false,"elType":"section"},{"id":"3e0","settings":{"content_width":{"unit":"px","size":714},"height":"min-height","custom_height":{"unit":"vh","size":100},"background_background":"classic","margin":{"unit":"px","top":"","right":0,"bottom":"","left":0,"isLinked":true},"gap":"no","background_color":"#515151","layout":"full_width","column_position":"bottom","content_position":"top","background_image":{"id":1184,"url":"http:\/\/localhost\/checkupdate\/wp-content\/uploads\/2018\/03\/hiro1.1-1.png"},"background_position":"bottom center","background_size":"cover","margin_mobile":{"unit":"px","top":"","right":0,"bottom":"","left":0,"isLinked":true},"padding_mobile":{"unit":"px","top":"0","right":"0","bottom":"0","left":"0","isLinked":true},"custom_height_tablet":{"unit":"vh","size":70},"padding_tablet":{"unit":"px","top":"100","right":"0","bottom":"0","left":"0","isLinked":false}},"elements":[{"id":"4de3","settings":{"_column_size":100,"background_background":"classic","border_border":"solid","border_width":{"unit":"px","top":"0","right":"0","bottom":"0","left":"0","isLinked":true},"border_color":"#ffffff","space_between_widgets":0,"content_position":"bottom","margin_mobile":{"unit":"px","top":"0","right":"0","bottom":"0","left":"0","isLinked":true},"padding_mobile":{"unit":"px","top":"0","right":"0","bottom":"0","left":"0","isLinked":true}},"elements":[{"id":"7386","settings":{"title":"black friday","align":"center","title_color":"#ffffff","typography_typography":"custom","typography_font_size":{"unit":"px","size":89},"typography_font_family":"Teko","typography_font_weight":"600","typography_text_transform":"uppercase","text_shadow_text_shadow_type":"yes","typography_font_size_mobile":{"unit":"px","size":60},"_margin_mobile":{"unit":"px","top":"0","right":"0","bottom":"0","left":"0","isLinked":false},"_padding_mobile":{"unit":"px","top":"0","right":"0","bottom":"0","left":"0","isLinked":false}},"elements":[],"isInner":false,"widgetType":"heading","elType":"widget"},{"id":"3447","settings":{"title":"get 15% off","align":"center","title_color":"#ffffff","typography_typography":"custom","typography_font_size":{"unit":"px","size":35},"typography_font_family":"Roboto","typography_font_weight":"bold","typography_text_transform":"capitalize","text_shadow_text_shadow_type":"yes","_margin":{"unit":"px","top":"10","right":"0","bottom":"0","left":"0","isLinked":false},"_padding":{"unit":"px","top":"0","right":"0","bottom":"0","left":"0","isLinked":true},"_margin_mobile":{"unit":"px","top":"0","right":"0","bottom":"0","left":"0","isLinked":true}},"elements":[],"isInner":false,"widgetType":"heading","elType":"widget"},{"id":"1474","settings":{"label_days":"Days","label_hours":"Hours","label_minutes":"Minutes","label_seconds":"Seconds","box_background_color":"#9101f9","box_border_border":"solid","box_border_width":{"unit":"px","top":"0","right":"0","bottom":"0","left":"0","isLinked":true},"box_border_color":"#ffffff","box_padding":{"unit":"px","top":"15","right":"15","bottom":"15","left":"15","isLinked":true},"digits_color":"#ffffff","digits_typography_typography":"custom","digits_typography_font_size":{"unit":"px","size":27},"digits_typography_font_family":"Oswald","digits_typography_font_weight":"900","digits_typography_line_height":{"unit":"em","size":1.6},"label_color":"#ffffff","label_typography_typography":"custom","label_typography_font_size":{"unit":"px","size":11},"label_typography_font_family":"Montserrat","label_typography_font_weight":"300","label_typography_letter_spacing":{"unit":"px","size":1.6},"_padding":{"unit":"px","top":"0","right":"0","bottom":"0","left":"0","isLinked":true},"_background_background":"classic","box_spacing":{"unit":"px","size":14},"container_width":{"unit":"%","size":28},"_margin":{"unit":"px","top":"40","right":"0","bottom":"40","left":"0","isLinked":false},"_box_shadow_box_shadow":{"horizontal":0,"vertical":0,"blur":31,"spread":0,"color":"rgba(0,0,0,0.5)"},"box_padding_mobile":{"unit":"%","top":"5","right":"10","bottom":"5","left":"10","isLinked":false},"_margin_mobile":{"unit":"px","top":"30","right":"0","bottom":"30","left":"0","isLinked":false}},"elements":[],"isInner":false,"widgetType":"countdown","elType":"widget"},{"id":"3d9d","settings":{"space":{"unit":"px","size":60}},"elements":[],"isInner":false,"widgetType":"spacer","elType":"widget"},{"id":"4212","settings":{"image":{"id":1183,"url":"http:\/\/localhost\/checkupdate\/wp-content\/uploads\/2018\/03\/hiro1.2-1.png"},"image_size":"full","align_mobile":"center","space_mobile":{"unit":"%","size":61},"_margin_mobile":{"unit":"px","top":"0","right":"0","bottom":"0","left":"0","isLinked":true},"_padding_mobile":{"unit":"px","top":"0","right":"0","bottom":"0","left":"0","isLinked":true}},"elements":[],"isInner":false,"widgetType":"image","elType":"widget"}],"isInner":false,"elType":"column"}],"isInner":false,"elType":"section"},{"id":"653f","settings":[],"elements":[{"id":"6d5e","settings":{"_column_size":100},"elements":[{"id":"1699","settings":[],"elements":[],"isInner":false,"widgetType":"spacer","elType":"widget"}],"isInner":false,"elType":"column"}],"isInner":false,"elType":"section"},{"id":"75d3","settings":{"height":"min-height","custom_height":{"unit":"vh","size":100},"background_background":"classic","margin":{"unit":"px","top":"","right":0,"bottom":"","left":0,"isLinked":true},"gap":"no","background_color":"#515151","column_position":"top","content_position":"top","background_image":{"id":1186,"url":"http:\/\/localhost\/checkupdate\/wp-content\/uploads\/2018\/03\/meagan-collins-357419-copy-6.png"},"background_position":"center center","background_size":"cover","background_overlay_background":"gradient","background_overlay_color":"rgba(170,170,170,0)","background_overlay_color_stop":{"unit":"%","size":70},"background_overlay_color_b":"#008fff","background_overlay_color_b_stop":{"unit":"%","size":0},"background_overlay_opacity":{"unit":"px","size":1}},"elements":[{"id":"53c2","settings":{"_column_size":100,"background_background":"classic","padding":{"unit":"px","top":"0","right":"0","bottom":"0","left":"0","isLinked":true},"border_border":"solid","border_width":{"unit":"px","top":"0","right":"0","bottom":"0","left":"0","isLinked":true},"border_color":"#ffffff","space_between_widgets":0},"elements":[{"id":"6ef8","settings":{"structure":"20","margin":{"unit":"px","top":"40","right":0,"bottom":"0","left":0,"isLinked":false},"margin_mobile":{"unit":"px","top":"","right":0,"bottom":"","left":0,"isLinked":true},"padding_tablet":{"unit":"px","top":"0","right":"25","bottom":"0","left":"25","isLinked":false},"margin_tablet":{"unit":"px","top":"0","right":0,"bottom":"70","left":0,"isLinked":false}},"elements":[{"id":"355","settings":{"_column_size":50,"_inline_size":null,"content_position":"center","_inline_size_mobile":33},"elements":[{"id":"7e0c","settings":{"image":{"id":1180,"url":"http:\/\/localhost\/checkupdate\/wp-content\/uploads\/2018\/03\/bunner2-2.png"},"space":{"unit":"%","size":21},"align":"left","align_mobile":"left","space_tablet":{"unit":"%","size":32},"space_mobile":{"unit":"%","size":80}},"elements":[],"isInner":false,"widgetType":"image","elType":"widget"}],"isInner":true,"elType":"column"},{"id":"165b","settings":{"_column_size":50,"_inline_size":null,"content_position":"center","_inline_size_mobile":66},"elements":[{"id":"16a","settings":{"text":"get it now","align":"right","typography_typography":"custom","typography_font_size":{"unit":"px","size":13},"typography_font_family":"Roboto","typography_font_weight":"500","typography_text_transform":"uppercase","typography_letter_spacing":{"unit":"px","size":1.1},"button_text_color":"#ffffff","background_color":"#9101f9","border_radius":{"unit":"px","top":"0","right":"0","bottom":"0","left":"0","isLinked":true},"text_padding":{"unit":"px","top":"18","right":"40","bottom":"18","left":"40","isLinked":false},"button_box_shadow_box_shadow_type":"yes","button_box_shadow_box_shadow":{"horizontal":0,"vertical":0,"blur":13,"spread":0,"color":"rgba(0,0,0,0.5)"},"_margin":{"unit":"px","top":"0","right":"0","bottom":"0","left":"0","isLinked":false},"align_mobile":"right"},"elements":[],"isInner":false,"widgetType":"button","elType":"widget"}],"isInner":true,"elType":"column"}],"isInner":true,"elType":"section"},{"id":"7fd1","settings":{"title":"black friday","align":"center","title_color":"#ffffff","typography_typography":"custom","typography_font_size":{"unit":"px","size":89},"typography_font_family":"Teko","typography_font_weight":"600","typography_text_transform":"uppercase","text_shadow_text_shadow_type":"yes","typography_font_size_mobile":{"unit":"px","size":60},"_margin_mobile":{"unit":"px","top":"0","right":"0","bottom":"0","left":"0","isLinked":false},"_padding_mobile":{"unit":"px","top":"0","right":"0","bottom":"0","left":"0","isLinked":false}},"elements":[],"isInner":false,"widgetType":"heading","elType":"widget"},{"id":"4a36","settings":{"title":"get 15% off","align":"center","title_color":"#ffffff","typography_typography":"custom","typography_font_size":{"unit":"px","size":35},"typography_font_family":"Roboto","typography_font_weight":"bold","typography_text_transform":"capitalize","text_shadow_text_shadow_type":"yes","_margin":{"unit":"px","top":"10","right":"0","bottom":"0","left":"0","isLinked":false},"_padding":{"unit":"px","top":"0","right":"0","bottom":"0","left":"0","isLinked":true},"_margin_mobile":{"unit":"px","top":"0","right":"0","bottom":"0","left":"0","isLinked":true}},"elements":[],"isInner":false,"widgetType":"heading","elType":"widget"},{"id":"3d37","settings":{"title":"OFFER ENDS IN:","align":"center","title_color":"#ffffff","typography_typography":"custom","typography_font_size":{"unit":"px","size":17},"typography_font_family":"Roboto","typography_font_weight":"500","typography_letter_spacing":{"unit":"px","size":1},"typography_line_height":{"unit":"em","size":1.2},"_margin":{"unit":"px","top":"200","right":"0","bottom":"0","left":"0","isLinked":false},"_margin_mobile":{"unit":"px","top":"70","right":"0","bottom":"0","left":"0","isLinked":false}},"elements":[],"isInner":false,"widgetType":"heading","elType":"widget"},{"id":"2a4","settings":{"label_days":"Days","label_hours":"Hours","label_minutes":"Minutes","label_seconds":"Seconds","box_background_color":"rgba(0,0,0,0.9)","box_border_border":"solid","box_border_width":{"unit":"px","top":"0","right":"0","bottom":"0","left":"0","isLinked":true},"box_border_color":"#ffffff","box_padding":{"unit":"px","top":"20","right":"20","bottom":"20","left":"20","isLinked":true},"digits_color":"#ffffff","digits_typography_typography":"custom","digits_typography_font_size":{"unit":"px","size":34},"digits_typography_font_family":"Oswald","digits_typography_font_weight":"900","digits_typography_line_height":{"unit":"em","size":1.6},"label_color":"#ffffff","label_typography_typography":"custom","label_typography_font_size":{"unit":"px","size":11},"label_typography_font_family":"Montserrat","label_typography_font_weight":"300","label_typography_letter_spacing":{"unit":"px","size":1.6},"_padding":{"unit":"px","top":"0","right":"0","bottom":"0","left":"0","isLinked":true},"_background_background":"classic","box_spacing":{"unit":"px","size":14},"container_width":{"unit":"%","size":30},"_margin":{"unit":"px","top":"20","right":"0","bottom":"40","left":"0","isLinked":false},"_box_shadow_box_shadow":{"horizontal":0,"vertical":0,"blur":31,"spread":0,"color":"rgba(0,0,0,0.5)"},"_z_index":1,"box_spacing_mobile":{"unit":"px","size":0},"digits_typography_font_size_mobile":{"unit":"px","size":27}},"elements":[],"isInner":false,"widgetType":"countdown","elType":"widget"},{"id":"480d","settings":{"image":{"id":1185,"url":"http:\/\/localhost\/checkupdate\/wp-content\/uploads\/2018\/03\/hiro2.2-2.png"},"space":{"unit":"%","size":60},"_margin":{"unit":"px","top":"-85","right":"0","bottom":"80","left":"0","isLinked":false},"align_mobile":"center","space_mobile":{"unit":"%","size":85},"_margin_mobile":{"unit":"px","top":"0","right":"0","bottom":"10","left":"0","isLinked":false}},"elements":[],"isInner":false,"widgetType":"image","elType":"widget"}],"isInner":false,"elType":"column"}],"isInner":false,"elType":"section"}],"page_settings":{"hide_title":"yes"}}