{"version":"0.4","title":"Ski Resort \u2013 About","type":"page","content":[{"id":"33b2","settings":{"background_background":"classic","background_image":{"id":998,"url":"http:\/\/localhost\/checkupdate\/wp-content\/uploads\/2018\/03\/31.png"},"background_size":"cover","background_overlay_background":"classic","padding":{"unit":"px","top":"250","right":"0","bottom":"250","left":"0","isLinked":false},"padding_tablet":{"unit":"px","top":"100","right":"30","bottom":"100","left":"30","isLinked":false},"section_custom_css_pro":"","custom_css_pro":""},"elements":[{"id":"71bd","settings":{"_column_size":100,"_inline_size":null,"margin":{"unit":"px","top":"0","right":"80","bottom":"0","left":"0","isLinked":false},"padding_tablet":{"unit":"px","top":"0","right":"0","bottom":"0","left":"30","isLinked":false},"section_custom_css_pro":"","custom_css_pro":"","margin_mobile":{"unit":"px","top":"0","right":"0","bottom":"0","left":"0","isLinked":true},"padding_mobile":{"unit":"px","top":"0","right":"0","bottom":"0","left":"0","isLinked":true}},"elements":[{"id":"b26","settings":{"title":"About","header_size":"h1","title_color":"#16172c","typography_typography":"custom","typography_font_size":{"unit":"px","size":"90"},"typography_font_size_tablet":{"unit":"px","size":"60"},"typography_font_family":"Rozha One","typography_font_weight":"100","typography_line_height_tablet":{"unit":"em","size":""},"typography_line_height_mobile":{"unit":"em","size":""},"typography_letter_spacing":{"unit":"px","size":"-1"},"_padding_tablet":{"unit":"px","top":"0","right":"0","bottom":"0","left":"0","isLinked":false},"section_custom_css_pro":"","custom_css_pro":"","align_mobile":"center","typography_font_size_mobile":{"unit":"px","size":60}},"elements":[],"isInner":false,"widgetType":"heading","elType":"widget"},{"id":"367","settings":{"title":"Lindhard resort","header_size":"h1","title_color":"#16172c","typography_typography":"custom","typography_font_size":{"unit":"px","size":"45"},"typography_font_size_tablet":{"unit":"px","size":"30"},"typography_font_family":"Rozha One","typography_font_weight":"100","typography_text_transform":"capitalize","typography_line_height_tablet":{"unit":"em","size":""},"typography_line_height_mobile":{"unit":"em","size":""},"typography_letter_spacing":{"unit":"px","size":"-1"},"_margin_tablet":{"unit":"px","top":"-10","right":"0","bottom":"0","left":"0","isLinked":false},"_padding_tablet":{"unit":"px","top":"0","right":"0","bottom":"0","left":"0","isLinked":false},"section_custom_css_pro":"","custom_css_pro":"","align_mobile":"center"},"elements":[],"isInner":false,"widgetType":"heading","elType":"widget"},{"id":"514","settings":{"weight":{"unit":"px","size":"6"},"color":"#f90784","width":{"unit":"%","size":"10"},"align":"left","_margin_tablet":{"unit":"px","top":"-10","right":"0","bottom":"0","left":"0","isLinked":false},"section_custom_css_pro":"","custom_css_pro":"","align_mobile":"center"},"elements":[],"isInner":false,"widgetType":"divider","elType":"widget"}],"isInner":false,"elType":"column"}],"isInner":false,"elType":"section"},{"id":"70a","settings":{"gap":"no","padding":{"unit":"px","top":"100","right":"0","bottom":"100","left":"0","isLinked":false},"padding_tablet":{"unit":"px","top":"50","right":"0","bottom":"50","left":"0","isLinked":false},"padding_mobile":{"unit":"px","top":"50","right":"8","bottom":"0","left":"8","isLinked":false},"section_custom_css_pro":"","custom_css_pro":"","content_width":{"unit":"px","size":1300}},"elements":[{"id":"1b75","settings":{"_column_size":100,"_inline_size":null,"section_custom_css_pro":"","custom_css_pro":""},"elements":[{"id":"6f03","settings":{"icon":"fa fa-snowflake-o","align_tablet":"center","align_mobile":"center","primary_color":"#16172c","size":{"unit":"px","size":"30"},"section_custom_css_pro":"","custom_css_pro":""},"elements":[],"isInner":false,"widgetType":"icon","elType":"widget"},{"id":"62ac","settings":{"structure":"20","padding":{"unit":"px","top":"30","right":"0","bottom":"0","left":"0","isLinked":false},"padding_tablet":{"unit":"px","top":"0","right":"30","bottom":"0","left":"30","isLinked":false},"padding_mobile":{"unit":"px","top":"20","right":"20","bottom":"20","left":"20","isLinked":true},"section_custom_css_pro":"","custom_css_pro":""},"elements":[{"id":"6cb9","settings":{"_column_size":50,"_inline_size":null,"margin":{"unit":"px","top":"0","right":"30","bottom":"0","left":"0","isLinked":false},"margin_mobile":{"unit":"px","top":"0","right":"0","bottom":"0","left":"0","isLinked":true},"padding_tablet":{"unit":"px","top":"0","right":"0","bottom":"0","left":"0","isLinked":false},"padding_mobile":{"unit":"px","top":"0","right":"0","bottom":"0","left":"0","isLinked":true},"section_custom_css_pro":"","custom_css_pro":""},"elements":[{"id":"5e80","settings":{"editor":"<p>Lorem ipsum dolor sit amet, consectetur adipiscing elit. Aenean fringilla lorem tortor, a vehicula mauris dignissim in. Vestibulum volutpat odio nec feugiat fringilla. Integer tincidunt ut nibh ac malesuada. Donec dignissim luctus leo, ac iaculis dolor vulputate nec. Donec id massa sem. Aenean posuere, erat ac pretium euismod, sapien leo congue ex, sed placerat metus nunc nec dolor. Integer eget porta velit. Fusce sed mauris massa. In sollicitudin mattis ligula quis elementum. Phasellus venenatis ex eget lobortis eleifend. Suspendisse potenti. Sed vehicula et elit non tincidunt. Suspendisse nec tristique nisi. Vestibulum ante ipsum primis in faucibus orci luctus et ultrices posuere cubilia Curae.<\/p>","align_mobile":"center","text_color":"#363636","typography_typography":"custom","typography_font_size_tablet":{"unit":"px","size":"14"},"typography_font_size_mobile":{"unit":"px","size":"14"},"typography_font_family":"Poppins","typography_font_weight":"300","typography_line_height_tablet":{"unit":"em","size":""},"typography_line_height_mobile":{"unit":"em","size":"1.8"},"_padding_mobile":{"unit":"px","top":"0","right":"0","bottom":"5","left":"0","isLinked":false},"section_custom_css_pro":"","custom_css_pro":""},"elements":[],"isInner":false,"widgetType":"text-editor","elType":"widget"}],"isInner":true,"elType":"column"},{"id":"785f","settings":{"_column_size":50,"_inline_size":null,"margin":{"unit":"px","top":"0","right":"0","bottom":"0","left":"30","isLinked":false},"margin_mobile":{"unit":"px","top":"0","right":"0","bottom":"0","left":"0","isLinked":true},"padding_tablet":{"unit":"px","top":"0","right":"0","bottom":"0","left":"0","isLinked":false},"padding_mobile":{"unit":"px","top":"0","right":"0","bottom":"0","left":"0","isLinked":false},"section_custom_css_pro":"","custom_css_pro":""},"elements":[{"id":"58fe","settings":{"editor":"<p>Aenean fringilla lorem tortor, a vehicula mauris dignissim in. Vestibulum volutpat odio nec feugiat fringilla. Integer tincidunt ut nibh ac malesuada. Donec dignissim luctus leo, ac iaculis dolor vulputate nec. Donec id massa sem. Aenean posuere, erat ac pretium euismod, sapien leo congue ex, sed placerat metus nunc nec dolor. Integer eget porta velit. Fusce sed mauris massa. In sollicitudin mattis ligula quis elementum. Phasellus venenatis ex eget lobortis eleifend. Suspendisse potenti. Sed vehicula et elit non tincidunt. Suspendisse nec tristique nisi. Vestibulum ante ipsum primis in faucibus orci luctus et ultrices posuere cubilia Curae; Vivamus leo nisi, viverra et placerat rutrum, facilisis nec ex.<\/p>","align_mobile":"center","text_color":"#363636","typography_typography":"custom","typography_font_size_tablet":{"unit":"px","size":"14"},"typography_font_size_mobile":{"unit":"px","size":"14"},"typography_font_family":"Poppins","typography_font_weight":"300","typography_line_height_tablet":{"unit":"em","size":""},"typography_line_height_mobile":{"unit":"em","size":"1.8"},"_margin_mobile":{"unit":"px","top":"0","right":"0","bottom":"0","left":"0","isLinked":true},"_padding_mobile":{"unit":"px","top":"0","right":"0","bottom":"0","left":"0","isLinked":true},"section_custom_css_pro":"","custom_css_pro":""},"elements":[],"isInner":false,"widgetType":"text-editor","elType":"widget"}],"isInner":true,"elType":"column"}],"isInner":true,"elType":"section"}],"isInner":false,"elType":"column"}],"isInner":false,"elType":"section"},{"id":"67b0","settings":{"structure":"30","padding_tablet":{"unit":"px","top":"0","right":"10","bottom":"0","left":"10","isLinked":false},"padding_mobile":{"unit":"px","top":"10","right":"10","bottom":"10","left":"10","isLinked":true},"section_custom_css_pro":"","custom_css_pro":""},"elements":[{"id":"79f1","settings":{"_column_size":33,"_inline_size":null,"padding_mobile":{"unit":"px","top":"5","right":"5","bottom":"5","left":"5","isLinked":true},"screen_sm":"custom","screen_sm_width":"33","section_custom_css_pro":"","custom_css_pro":""},"elements":[{"id":"3b7b","settings":{"image":{"id":999,"url":"http:\/\/localhost\/checkupdate\/wp-content\/uploads\/2018\/03\/36-2.png"},"align_tablet":"center","align_mobile":"center","caption_typography_line_height_tablet":{"unit":"em","size":""},"caption_typography_line_height_mobile":{"unit":"em","size":""},"section_custom_css_pro":"","custom_css_pro":""},"elements":[],"isInner":false,"widgetType":"image","elType":"widget"},{"id":"7d98","settings":{"image":{"id":1000,"url":"http:\/\/localhost\/checkupdate\/wp-content\/uploads\/2018\/03\/38.png"},"align_tablet":"center","align_mobile":"center","caption_typography_line_height_tablet":{"unit":"em","size":""},"caption_typography_line_height_mobile":{"unit":"em","size":""},"_margin_mobile":{"unit":"px","top":"-8","right":"0","bottom":"0","left":"0","isLinked":false},"section_custom_css_pro":"","custom_css_pro":""},"elements":[],"isInner":false,"widgetType":"image","elType":"widget"}],"isInner":false,"elType":"column"},{"id":"5b44","settings":{"_column_size":33,"_inline_size":null,"padding_mobile":{"unit":"px","top":"5","right":"5","bottom":"5","left":"5","isLinked":true},"screen_sm":"custom","screen_sm_width":"33","section_custom_css_pro":"","custom_css_pro":""},"elements":[{"id":"9d6","settings":{"image":{"id":1003,"url":"http:\/\/localhost\/checkupdate\/wp-content\/uploads\/2018\/03\/34.png"},"align_tablet":"center","align_mobile":"center","caption_typography_line_height_tablet":{"unit":"em","size":""},"caption_typography_line_height_mobile":{"unit":"em","size":""},"section_custom_css_pro":"","custom_css_pro":""},"elements":[],"isInner":false,"widgetType":"image","elType":"widget"},{"id":"1457","settings":{"image":{"id":1004,"url":"http:\/\/localhost\/checkupdate\/wp-content\/uploads\/2018\/03\/35-2.png"},"align_tablet":"center","align_mobile":"center","caption_typography_line_height_tablet":{"unit":"em","size":""},"caption_typography_line_height_mobile":{"unit":"em","size":""},"_margin_mobile":{"unit":"px","top":"-8","right":"0","bottom":"0","left":"0","isLinked":false},"section_custom_css_pro":"","custom_css_pro":""},"elements":[],"isInner":false,"widgetType":"image","elType":"widget"}],"isInner":false,"elType":"column"},{"id":"1ef3","settings":{"_column_size":33,"_inline_size":null,"padding_mobile":{"unit":"px","top":"5","right":"5","bottom":"5","left":"5","isLinked":true},"screen_sm":"custom","screen_sm_width":"33","section_custom_css_pro":"","custom_css_pro":""},"elements":[{"id":"442d","settings":{"image":{"id":1005,"url":"http:\/\/localhost\/checkupdate\/wp-content\/uploads\/2018\/03\/32-2.png"},"align_tablet":"center","align_mobile":"center","caption_typography_line_height_tablet":{"unit":"em","size":""},"caption_typography_line_height_mobile":{"unit":"em","size":""},"section_custom_css_pro":"","custom_css_pro":""},"elements":[],"isInner":false,"widgetType":"image","elType":"widget"},{"id":"6d62","settings":{"image":{"id":1006,"url":"http:\/\/localhost\/checkupdate\/wp-content\/uploads\/2018\/03\/33-2.png"},"align_tablet":"center","align_mobile":"center","caption_typography_line_height_tablet":{"unit":"em","size":""},"caption_typography_line_height_mobile":{"unit":"em","size":""},"_margin_mobile":{"unit":"px","top":"-8","right":"0","bottom":"0","left":"0","isLinked":false},"section_custom_css_pro":"","custom_css_pro":""},"elements":[],"isInner":false,"widgetType":"image","elType":"widget"}],"isInner":false,"elType":"column"}],"isInner":false,"elType":"section"},{"id":"374f","settings":{"section_custom_css_pro":"","custom_css_pro":""},"elements":[{"id":"7dae","settings":{"_column_size":100,"_inline_size":null,"section_custom_css_pro":"","custom_css_pro":""},"elements":[{"id":"7629","settings":{"text":"View full gallery","align":"center","typography_typography":"custom","typography_font_size":{"unit":"px","size":"14"},"typography_font_size_tablet":{"unit":"px","size":"12"},"typography_font_size_mobile":{"unit":"px","size":"12"},"typography_font_family":"Poppins","typography_font_weight":"600","typography_text_transform":"uppercase","typography_line_height_tablet":{"unit":"em","size":""},"typography_line_height_mobile":{"unit":"em","size":""},"typography_letter_spacing":{"unit":"px","size":"3"},"background_color":"#f90784","border_border":"solid","border_width":{"unit":"px","top":"3","right":"3","bottom":"3","left":"3","isLinked":true},"border_color":"#f90784","border_radius":{"unit":"px","top":"0","right":"0","bottom":"0","left":"0","isLinked":true},"text_padding":{"unit":"px","top":"15","right":"30","bottom":"15","left":"30","isLinked":false},"section_hover":"","hover_color":"#f90784","button_background_hover_color":"rgba(0,0,0,0)","button_hover_border_color":"#f90784","_padding":{"unit":"px","top":"50","right":"0","bottom":"0","left":"0","isLinked":false},"_padding_mobile":{"unit":"px","top":"30","right":"0","bottom":"0","left":"0","isLinked":false},"section_custom_css_pro":"","custom_css_pro":""},"elements":[],"isInner":false,"widgetType":"button","elType":"widget"}],"isInner":false,"elType":"column"}],"isInner":false,"elType":"section"},{"id":"46ba","settings":{"content_position":"middle","background_background":"classic","background_color":"#edf3f9","margin":{"unit":"px","top":"50","right":0,"bottom":"0","left":0,"isLinked":false},"padding":{"unit":"px","top":"50","right":"0","bottom":"50","left":"0","isLinked":false},"padding_tablet":{"unit":"px","top":"30","right":"0","bottom":"30","left":"0","isLinked":false},"section_custom_css_pro":"","custom_css_pro":""},"elements":[{"id":"4be5","settings":{"_column_size":100,"_inline_size":null,"section_custom_css_pro":"","custom_css_pro":""},"elements":[{"id":"4edc","settings":{"social_icon_list":[{"social":"fa fa-facebook","link":{"url":"","is_external":"true","nofollow":""},"_id":"hm3y18b"},{"social":"fa fa-twitter","link":{"url":"","is_external":"true","nofollow":""},"_id":"jng31iy"},{"social":"fa fa-google-plus","link":{"url":"","is_external":"true","nofollow":""},"_id":"wyr2r1n"},{"social":"fa fa-youtube","link":{"url":"","is_external":"true","nofollow":""},"_id":"xm4f58e"},{"social":"fa fa-tumblr","link":{"url":"","is_external":"true","nofollow":""},"_id":"rfbgfl0"}],"align_tablet":"center","align_mobile":"center","icon_color":"custom","icon_primary_color":"rgba(22,23,44,0)","icon_secondary_color":"#16172c","icon_size_mobile":{"unit":"px","size":"20"},"icon_spacing":{"unit":"px","size":30},"icon_spacing_mobile":{"unit":"px","size":"10"},"section_custom_css_pro":"","custom_css_pro":""},"elements":[],"isInner":false,"widgetType":"social-icons","elType":"widget"}],"isInner":false,"elType":"column"}],"isInner":false,"elType":"section"}],"page_settings":{"hide_title":"yes"}}