{"version":"0.4","title":"Landing Page \u2013 Chiropractor","type":"page","content":[{"id":"da3","settings":{"gap":"no","content_position":"bottom","structure":"20","background_background":"classic","background_image":{"id":715,"url":"http:\/\/localhost\/checkupdate\/wp-content\/uploads\/2018\/03\/482174_PR_122___SI___29_04_14_617-m-kari-shea-180802-1-Mask-Copy-2.png"},"background_overlay_background":"classic","background_overlay_position":"top left","background_overlay_repeat":"no-repeat","background_overlay_opacity":{"unit":"px","size":1},"padding":{"unit":"px","top":"0","right":"0","bottom":"0","left":"0","isLinked":false},"padding_tablet":{"unit":"px","top":"0","right":"30","bottom":"0","left":"30","isLinked":false}},"elements":[{"id":"6d34","settings":{"_column_size":50,"_inline_size":null,"margin":{"unit":"%","top":"0","right":"0","bottom":"0","left":"0","isLinked":false},"margin_tablet":{"unit":"px","top":"0","right":"0","bottom":"0","left":"0","isLinked":true},"padding_tablet":{"unit":"px","top":"0","right":"0","bottom":"0","left":"0","isLinked":true}},"elements":[{"id":"442b","settings":{"image":{"id":713,"url":"http:\/\/localhost\/checkupdate\/wp-content\/uploads\/2018\/03\/Group-36-1.png"},"_margin":{"unit":"px","top":"0","right":"-100","bottom":"150","left":"-100","isLinked":false},"_margin_tablet":{"unit":"px","top":"0","right":"-100","bottom":"100","left":"-100","isLinked":false},"_margin_mobile":{"unit":"px","top":"0","right":"0","bottom":"30","left":"-130","isLinked":false},"_padding_mobile":{"unit":"px","top":"0","right":"0","bottom":"0","left":"0","isLinked":false}},"elements":[],"isInner":false,"widgetType":"image","elType":"widget"},{"id":"5088","settings":{"title":"Professional <span style=\"color:#0076FF\">Excellence<\/span>","title_color":"#000000","typography_typography":"custom","typography_font_size":{"unit":"px","size":"43"},"typography_font_family":"Roboto","_padding":{"unit":"px","top":"0","right":"0","bottom":"0","left":"0","isLinked":false},"header_size":"h1","typography_font_size_tablet":{"unit":"px","size":"32"},"typography_font_size_mobile":{"unit":"px","size":"40"},"align_mobile":"center","typography_line_height_mobile":{"unit":"em","size":"1.1"}},"elements":[],"isInner":false,"widgetType":"heading","elType":"widget"},{"id":"6a21","settings":{"title":"in Sports, Spine, Muscle & Joint Care","title_color":"#000000","typography_typography":"custom","typography_font_size":{"unit":"px","size":"28"},"typography_font_family":"Roboto","typography_font_weight":"500","_margin":{"unit":"px","top":"-5","right":"0","bottom":"0","left":"0","isLinked":false},"typography_font_size_tablet":{"unit":"px","size":"21"},"typography_font_size_mobile":{"unit":"px","size":"18"},"align_mobile":"center"},"elements":[],"isInner":false,"widgetType":"heading","elType":"widget"},{"id":"6e46","settings":{"editor":"<p class=\"p1\">Dr Leibovitz's clinic provides innovative, hands on solutions to eliminate pain and solving back and joint pain. The clinic combines years of experience and new technologies.<\/p>","text_color":"#000000","typography_typography":"custom","typography_font_size":{"unit":"px","size":"19"},"typography_font_family":"Roboto","typography_font_weight":"400","typography_line_height":{"unit":"em","size":"1.6"},"_padding":{"unit":"px","top":"20","right":"0","bottom":"20","left":"0","isLinked":false},"typography_font_size_tablet":{"unit":"px","size":"17"},"typography_font_size_mobile":{"unit":"px","size":"15"},"_padding_tablet":{"unit":"px","top":"10","right":"0","bottom":"10","left":"0","isLinked":false},"_padding_mobile":{"unit":"px","top":"5","right":"0","bottom":"0","left":"0","isLinked":false},"align_mobile":"center"},"elements":[],"isInner":false,"widgetType":"text-editor","elType":"widget"},{"id":"7807","settings":{"text":"Book an appointment","typography_typography":"custom","typography_font_size":{"unit":"px","size":"20"},"typography_font_family":"Roboto","typography_text_transform":"capitalize","typography_letter_spacing":{"unit":"px","size":"1.5"},"background_color":"#0076ff","text_padding":{"unit":"px","top":"20","right":"30","bottom":"20","left":"30","isLinked":false},"_padding":{"unit":"px","top":"0","right":"0","bottom":"100","left":"0","isLinked":false},"align_mobile":"justify","typography_font_size_tablet":{"unit":"px","size":"16"},"_padding_tablet":{"unit":"px","top":"0","right":"0","bottom":"50","left":"0","isLinked":false},"button_background_hover_color":"#000000","_padding_mobile":{"unit":"px","top":"0","right":"0","bottom":"30","left":"0","isLinked":false}},"elements":[],"isInner":false,"widgetType":"button","elType":"widget"}],"isInner":false,"elType":"column"},{"id":"28d2","settings":{"_column_size":50,"_inline_size":null},"elements":[{"id":"75d","settings":{"image":{"id":714,"url":"http:\/\/localhost\/checkupdate\/wp-content\/uploads\/2018\/03\/485165_PR_130_SI_24_06_14_255-m.png"},"align":"right","_margin_mobile":{"unit":"px","top":"0","right":"30","bottom":"0","left":"30","isLinked":false}},"elements":[],"isInner":false,"widgetType":"image","elType":"widget"}],"isInner":false,"elType":"column"}],"isInner":false,"elType":"section"},{"id":"2ecc","settings":{"padding":{"unit":"px","top":"100","right":"0","bottom":"100","left":"0","isLinked":false},"gap":"no","padding_tablet":{"unit":"px","top":"60","right":"30","bottom":"20","left":"30","isLinked":false},"padding_mobile":{"unit":"px","top":"60","right":"20","bottom":"60","left":"20","isLinked":false}},"elements":[{"id":"60ff","settings":{"_column_size":100,"_inline_size":null},"elements":[{"id":"28a0","settings":{"title":"Stop the pain","align":"center","title_color":"#000000","typography_typography":"custom","typography_font_size":{"unit":"px","size":"35"},"typography_font_family":"Roboto","typography_text_transform":"capitalize","typography_font_size_tablet":{"unit":"px","size":"30"},"typography_font_size_mobile":{"unit":"px","size":"25"}},"elements":[],"isInner":false,"widgetType":"heading","elType":"widget"},{"id":"3c59","settings":{"editor":"<p>Don't\u00a0agree to tolerate the pain. Stop by for a free examination and medical counsoling.<\/p>","align":"center","text_color":"#000000","typography_typography":"custom","typography_font_size":{"unit":"px","size":"19"},"typography_font_family":"Roboto","typography_font_weight":"400","typography_line_height":{"unit":"em","size":"1.6"},"_padding":{"unit":"px","top":"0","right":"0","bottom":"50","left":"0","isLinked":false},"typography_font_size_tablet":{"unit":"px","size":"17"},"_padding_tablet":{"unit":"px","top":"0","right":"0","bottom":"10","left":"0","isLinked":false},"typography_font_size_mobile":{"unit":"px","size":"15"}},"elements":[],"isInner":false,"widgetType":"text-editor","elType":"widget"},{"id":"1e","settings":{"columns":"4","classic_posts_per_page":"4","classic_meta_separator":"\/\/\/","classic_read_more_text":"Read More \u00bb","offset":"","pagination_page_limit":"5","pagination_prev_label":"&laquo; Previous","pagination_next_label":"Next &raquo;","classic_excerpt_length":"9","classic_meta_data":[],"orderby":"menu_order","classic_image_spacing":{"unit":"px","size":"25"},"classic_title_color":"#000000","classic_title_typography_typography":"custom","classic_title_typography_font_size":{"unit":"px","size":"20"},"classic_title_typography_font_family":"Roboto","classic_title_typography_font_weight":"600","classic_title_spacing":{"unit":"px","size":15},"classic_excerpt_color":"#444444","classic_excerpt_typography_typography":"custom","classic_excerpt_typography_font_size":{"unit":"px","size":"15"},"classic_excerpt_typography_font_family":"Roboto","classic_excerpt_typography_line_height":{"unit":"em","size":"1.6"},"classic_excerpt_spacing":{"unit":"px","size":10},"classic_read_more_color":"#0076ff","classic_read_more_typography_typography":"custom","classic_read_more_typography_font_size":{"unit":"px","size":"16"},"classic_read_more_typography_font_family":"Roboto","classic_read_more_typography_font_weight":"500","classic_read_more_typography_font_style":"italic","columns_tablet":"4","classic_title_typography_font_size_tablet":{"unit":"px","size":"15"},"classic_excerpt_typography_font_size_tablet":{"unit":"px","size":"14"},"classic_read_more_typography_font_size_tablet":{"unit":"px","size":"13"},"_margin_tablet":{"unit":"px","top":"0","right":"0","bottom":"0","left":"0","isLinked":true},"_padding_tablet":{"unit":"px","top":"0","right":"0","bottom":"0","left":"0","isLinked":true},"columns_mobile":"2","classic_item_ratio_mobile":{"unit":"px","size":0.84},"cards_meta_separator":"\u2022","cards_read_more_text":"Read More \u00bb"},"elements":[],"isInner":false,"widgetType":"posts","elType":"widget"}],"isInner":false,"elType":"column"}],"isInner":false,"elType":"section"},{"id":"79d0","settings":{"gap":"no","content_position":"middle","structure":"20","background_background":"classic","background_color":"#e0e6ec","padding":{"unit":"px","top":"100","right":"0","bottom":"100","left":"0","isLinked":false},"padding_tablet":{"unit":"px","top":"60","right":"20","bottom":"60","left":"20","isLinked":false},"padding_mobile":{"unit":"px","top":"60","right":"20","bottom":"60","left":"20","isLinked":false},"reverse_order_mobile":"reverse-mobile"},"elements":[{"id":"2a","settings":{"_column_size":50,"_inline_size":"38.333"},"elements":[{"id":"4515","settings":{"image":{"id":716,"url":"http:\/\/localhost\/checkupdate\/wp-content\/uploads\/2018\/03\/daniel-frank-201417-1.png"}},"elements":[],"isInner":false,"widgetType":"image","elType":"widget"}],"isInner":false,"elType":"column"},{"id":"2593","settings":{"_column_size":50,"_inline_size":"61.667","margin":{"unit":"%","top":"0","right":"0","bottom":"0","left":"7","isLinked":false},"margin_mobile":{"unit":"px","top":"0","right":"0","bottom":"0","left":"0","isLinked":true},"padding_mobile":{"unit":"px","top":"0","right":"0","bottom":"50","left":"0","isLinked":false}},"elements":[{"id":"e1b","settings":{"title":"The best care is on your side","align":"left","title_color":"#000000","typography_typography":"custom","typography_font_size":{"unit":"px","size":"28"},"typography_font_family":"Roboto","typography_text_transform":"capitalize","_padding":{"unit":"px","top":"0","right":"0","bottom":"40","left":"0","isLinked":false},"header_size":"h3","typography_font_size_tablet":{"unit":"px","size":"25"},"typography_font_size_mobile":{"unit":"px","size":"21"},"_padding_mobile":{"unit":"px","top":"0","right":"0","bottom":"30","left":"0","isLinked":false}},"elements":[],"isInner":false,"widgetType":"heading","elType":"widget"},{"id":"6a82","settings":{"structure":"20","margin_mobile":{"unit":"px","top":"0","right":0,"bottom":"0","left":0,"isLinked":true},"padding_mobile":{"unit":"px","top":"0","right":"0","bottom":"0","left":"0","isLinked":true}},"elements":[{"id":"74f6","settings":{"_column_size":50,"_inline_size":null,"padding":{"unit":"px","top":"0","right":"50","bottom":"0","left":"0","isLinked":false},"padding_tablet":{"unit":"px","top":"0","right":"10","bottom":"0","left":"0","isLinked":false},"margin_mobile":{"unit":"px","top":"0","right":"0","bottom":"0","left":"0","isLinked":true},"padding_mobile":{"unit":"px","top":"0","right":"00","bottom":"0","left":"0","isLinked":false},"screen_sm":"custom","screen_sm_width":"50"},"elements":[{"id":"6bb8","settings":{"icon":"fa fa-database","title_text":"Innovative Equipment","description_text":"Lorem ipsum dolor sit amet, consectetur adipiscing elit ullamco ","primary_color":"#0076ff","icon_space":{"unit":"px","size":"30"},"icon_size":{"unit":"px","size":"35"},"text_align":"left","title_bottom_space":{"unit":"px","size":20},"title_color":"#000000","title_typography_typography":"custom","title_typography_font_size":{"unit":"px","size":"20"},"title_typography_font_family":"Roboto","title_typography_font_weight":"600","title_typography_line_height":{"unit":"em","size":0.1},"description_color":"#444444","description_typography_typography":"custom","description_typography_font_size":{"unit":"px","size":"16"},"description_typography_font_family":"Roboto","_padding":{"unit":"px","top":"0","right":"0","bottom":"30","left":"0","isLinked":false},"text_align_tablet":"left","title_bottom_space_tablet":{"unit":"px","size":"10"},"title_typography_font_size_tablet":{"unit":"px","size":"18"},"title_typography_line_height_tablet":{"unit":"em","size":"1.2"},"description_typography_font_size_tablet":{"unit":"px","size":"13"},"description_typography_line_height_tablet":{"unit":"em","size":"1.6"},"_margin_tablet":{"unit":"px","top":"0","right":"0","bottom":"0","left":"0","isLinked":false},"_padding_tablet":{"unit":"px","top":"0","right":"0","bottom":"10","left":"0","isLinked":false},"title_typography_font_size_mobile":{"unit":"px","size":"16"}},"elements":[],"isInner":false,"widgetType":"icon-box","elType":"widget"},{"id":"1d91","settings":{"icon":"fa fa-code-fork","title_text":"Personal Treatment","description_text":"Lorem ipsum dolor sit amet, consectetur adipiscing elit ullamco ","primary_color":"#0076ff","icon_space":{"unit":"px","size":"30"},"icon_size":{"unit":"px","size":"35"},"text_align":"left","title_bottom_space":{"unit":"px","size":20},"title_color":"#000000","title_typography_typography":"custom","title_typography_font_size":{"unit":"px","size":"20"},"title_typography_font_family":"Roboto","title_typography_font_weight":"600","title_typography_line_height":{"unit":"em","size":0.1},"description_color":"#444444","description_typography_typography":"custom","description_typography_font_size":{"unit":"px","size":"16"},"description_typography_font_family":"Roboto","title_bottom_space_tablet":{"unit":"px","size":"10"},"title_typography_font_size_tablet":{"unit":"px","size":"18"},"title_typography_line_height_tablet":{"unit":"em","size":"1.2"},"description_typography_font_size_tablet":{"unit":"px","size":"13"},"description_typography_line_height_tablet":{"unit":"em","size":"1.6"},"title_typography_font_size_mobile":{"unit":"px","size":"16"}},"elements":[],"isInner":false,"widgetType":"icon-box","elType":"widget"}],"isInner":true,"elType":"column"},{"id":"1cd","settings":{"_column_size":50,"_inline_size":null,"padding":{"unit":"px","top":"0","right":"50","bottom":"0","left":"0","isLinked":false},"padding_tablet":{"unit":"px","top":"0","right":"0","bottom":"0","left":"10","isLinked":false},"screen_sm":"custom","screen_sm_width":"50","padding_mobile":{"unit":"px","top":"0","right":"0","bottom":"0","left":"10","isLinked":false}},"elements":[{"id":"70f7","settings":{"icon":"fa fa-bullseye","title_text":"Focused Care","description_text":"Lorem ipsum dolor sit amet, consectetur adipiscing elit ullamco","primary_color":"#0076ff","icon_space":{"unit":"px","size":"23"},"icon_size":{"unit":"px","size":"35"},"text_align":"left","title_bottom_space":{"unit":"px","size":20},"title_color":"#000000","title_typography_typography":"custom","title_typography_font_size":{"unit":"px","size":"20"},"title_typography_font_family":"Roboto","title_typography_font_weight":"600","title_typography_line_height":{"unit":"em","size":0.1},"description_color":"#444444","description_typography_typography":"custom","description_typography_font_size":{"unit":"px","size":"16"},"description_typography_font_family":"Roboto","_padding":{"unit":"px","top":"0","right":"0","bottom":"38","left":"0","isLinked":false},"title_bottom_space_tablet":{"unit":"px","size":"10"},"title_typography_font_size_tablet":{"unit":"px","size":"18"},"title_typography_line_height_tablet":{"unit":"em","size":"1.2"},"description_typography_font_size_tablet":{"unit":"px","size":"13"},"description_typography_line_height_tablet":{"unit":"em","size":"1.6"},"_padding_tablet":{"unit":"px","top":"0","right":"0","bottom":"15","left":"0","isLinked":false},"title_typography_font_size_mobile":{"unit":"px","size":"16"},"_padding_mobile":{"unit":"px","top":"0","right":"0","bottom":"36","left":"0","isLinked":false}},"elements":[],"isInner":false,"widgetType":"icon-box","elType":"widget"},{"id":"b64","settings":{"icon":"fa fa-steam","title_text":"Surgical Implants","description_text":"Lorem ipsum dolor sit amet, consectetur adipiscing elit ullamco","primary_color":"#0076ff","icon_space":{"unit":"px","size":"30"},"icon_size":{"unit":"px","size":"35"},"text_align":"left","title_bottom_space":{"unit":"px","size":20},"title_color":"#000000","title_typography_typography":"custom","title_typography_font_size":{"unit":"px","size":"20"},"title_typography_font_family":"Roboto","title_typography_font_weight":"600","title_typography_line_height":{"unit":"em","size":0.1},"description_color":"#444444","description_typography_typography":"custom","description_typography_font_size":{"unit":"px","size":"16"},"description_typography_font_family":"Roboto","title_bottom_space_tablet":{"unit":"px","size":"10"},"title_typography_font_size_tablet":{"unit":"px","size":"18"},"title_typography_line_height_tablet":{"unit":"em","size":"1.2"},"description_typography_font_size_tablet":{"unit":"px","size":"13"},"description_typography_line_height_tablet":{"unit":"em","size":"1.6"},"title_typography_font_size_mobile":{"unit":"px","size":"16"}},"elements":[],"isInner":false,"widgetType":"icon-box","elType":"widget"}],"isInner":true,"elType":"column"}],"isInner":true,"elType":"section"}],"isInner":false,"elType":"column"}],"isInner":false,"elType":"section"},{"id":"5e7","settings":{"background_background":"classic","background_color":"#00499f","padding":{"unit":"px","top":"100","right":"0","bottom":"100","left":"0","isLinked":false},"padding_tablet":{"unit":"px","top":"60","right":"20","bottom":"60","left":"20","isLinked":false},"padding_mobile":{"unit":"px","top":"60","right":"15","bottom":"60","left":"15","isLinked":false}},"elements":[{"id":"7a6","settings":{"_column_size":100,"_inline_size":null},"elements":[{"id":"6dc9","settings":{"title":"Clients share their experience ","align":"center","title_color":"#ffffff","typography_typography":"custom","typography_font_size":{"unit":"px","size":"35"},"typography_font_family":"Roboto","typography_text_transform":"capitalize","header_size":"h4","typography_font_size_tablet":{"unit":"px","size":"28"},"typography_font_size_mobile":{"unit":"px","size":"30"},"typography_line_height_mobile":{"unit":"em","size":1.2}},"elements":[],"isInner":false,"widgetType":"heading","elType":"widget"},{"id":"2cce","settings":{"icon":"fa fa-quote-left","primary_color":"#e0e6ec","size":{"unit":"px","size":"35"},"_padding":{"unit":"px","top":"10","right":"0","bottom":"30","left":"0","isLinked":false}},"elements":[],"isInner":false,"widgetType":"icon","elType":"widget"},{"id":"d01","settings":{"structure":"30"},"elements":[{"id":"62fc","settings":{"_column_size":33,"_inline_size":null,"background_background":"classic","background_color":"#ffffff","margin":{"unit":"%","top":"0","right":"6","bottom":"0","left":"0","isLinked":false},"padding":{"unit":"px","top":"30","right":"30","bottom":"30","left":"30","isLinked":true},"padding_tablet":{"unit":"px","top":"23","right":"23","bottom":"23","left":"23","isLinked":true},"margin_mobile":{"unit":"px","top":"0","right":"0","bottom":"0","left":"0","isLinked":false}},"elements":[{"id":"7ef","settings":{"testimonial_content":"I could barely walk, sit or stand when I found my way into Dr. Leibovitz's clinic. I had seen some other chiropractors, but it was only in this clinic that I had gotten real help with my issues.","testimonial_image":{"id":"531","url":"http:\/\/localhost\/checkupdate\/wp-content\/uploads\/2018\/03\/https-d3iw72m71ie81c.cloudfront.netfemale-4.png"},"testimonial_name":"Sophie Grant","testimonial_job":"","testimonial_alignment":"left","content_content_color":"#444444","content_typography_typography":"custom","content_typography_font_size":{"unit":"px","size":"16"},"content_typography_font_family":"Roboto","image_size":{"unit":"px","size":"70"},"name_text_color":"#000000","name_typography_typography":"custom","name_typography_font_size":{"unit":"px","size":"20"},"name_typography_font_family":"Roboto","name_typography_font_weight":"600","content_typography_font_size_tablet":{"unit":"px","size":"14"},"name_typography_font_size_tablet":{"unit":"px","size":"14"},"content_typography_line_height_tablet":{"unit":"em","size":"1.6"}},"elements":[],"isInner":false,"widgetType":"testimonial","elType":"widget"}],"isInner":true,"elType":"column"},{"id":"47da","settings":{"_column_size":33,"_inline_size":null,"background_background":"classic","background_color":"#ffffff","margin":{"unit":"%","top":"0","right":"3","bottom":"0","left":"3","isLinked":false},"padding":{"unit":"px","top":"30","right":"30","bottom":"30","left":"30","isLinked":true},"padding_tablet":{"unit":"px","top":"23","right":"23","bottom":"23","left":"23","isLinked":true},"margin_mobile":{"unit":"px","top":"40","right":"0","bottom":"40","left":"0","isLinked":false}},"elements":[{"id":"1d85","settings":{"testimonial_content":"Dr. Leibovitz sent me for an MRI and my results showed a bulging disk and a herniated disk. The treatment I received helped solve all my back pains. I can't believe what an improvement.","testimonial_image":{"id":717,"url":"http:\/\/localhost\/checkupdate\/wp-content\/uploads\/2018\/03\/https-visualhunt.comphoto116065-copy.png"},"testimonial_name":"James Stinger","testimonial_job":"","testimonial_alignment":"left","content_content_color":"#444444","content_typography_typography":"custom","content_typography_font_size":{"unit":"px","size":"16"},"content_typography_font_family":"Roboto","image_size":{"unit":"px","size":"70"},"name_text_color":"#000000","name_typography_typography":"custom","name_typography_font_size":{"unit":"px","size":"20"},"name_typography_font_family":"Roboto","name_typography_font_weight":"600","content_typography_font_size_tablet":{"unit":"px","size":"14"},"name_typography_font_size_tablet":{"unit":"px","size":"14"},"content_typography_line_height_tablet":{"unit":"em","size":"1.6"}},"elements":[],"isInner":false,"widgetType":"testimonial","elType":"widget"}],"isInner":true,"elType":"column"},{"id":"32e8","settings":{"_column_size":33,"_inline_size":null,"background_background":"classic","background_color":"#ffffff","margin":{"unit":"%","top":"0","right":"0","bottom":"0","left":"6","isLinked":false},"padding":{"unit":"px","top":"30","right":"30","bottom":"30","left":"30","isLinked":true},"padding_tablet":{"unit":"px","top":"23","right":"23","bottom":"23","left":"23","isLinked":true},"margin_mobile":{"unit":"px","top":"0","right":"0","bottom":"0","left":"0","isLinked":true}},"elements":[{"id":"340b","settings":{"testimonial_content":"the staff at Dr. Leibovitz is wonderful. Now I can come back to all my favorite sports activities and drag my husband to whatever jogging marathons are available locally.","testimonial_image":{"id":718,"url":"http:\/\/localhost\/checkupdate\/wp-content\/uploads\/2018\/03\/x.png"},"testimonial_name":"Amy Winter","testimonial_job":"","testimonial_alignment":"left","content_content_color":"#444444","content_typography_typography":"custom","content_typography_font_size":{"unit":"px","size":"16"},"content_typography_font_family":"Roboto","image_size":{"unit":"px","size":"70"},"name_text_color":"#000000","name_typography_typography":"custom","name_typography_font_size":{"unit":"px","size":"20"},"name_typography_font_family":"Roboto","name_typography_font_weight":"600","content_typography_font_size_tablet":{"unit":"px","size":"14"},"name_typography_font_size_tablet":{"unit":"px","size":"14"},"content_typography_line_height_tablet":{"unit":"em","size":"1.6"}},"elements":[],"isInner":false,"widgetType":"testimonial","elType":"widget"}],"isInner":true,"elType":"column"}],"isInner":true,"elType":"section"}],"isInner":false,"elType":"column"}],"isInner":false,"elType":"section"},{"id":"4adf","settings":{"gap":"no","structure":"20","padding":{"unit":"px","top":"100","right":"0","bottom":"100","left":"0","isLinked":false},"padding_tablet":{"unit":"px","top":"60","right":"30","bottom":"60","left":"30","isLinked":false}},"elements":[{"id":"7700","settings":{"_column_size":50,"_inline_size":"41.667"},"elements":[{"id":"1594","settings":{"title":"Need our care?<br>\nPlease call us: ","align":"left","title_color":"#000000","typography_typography":"custom","typography_font_size":{"unit":"px","size":"35"},"typography_font_family":"Roboto","typography_text_transform":"capitalize","typography_line_height":{"unit":"em","size":"1.4"},"header_size":"h3","typography_font_size_tablet":{"unit":"px","size":"32"}},"elements":[],"isInner":false,"widgetType":"heading","elType":"widget"},{"id":"783d","settings":{"title":"+65 (0) 3 698 558","align":"left","title_color":"#0076ff","typography_typography":"custom","typography_font_size":{"unit":"px","size":"35"},"typography_font_family":"Roboto","typography_text_transform":"capitalize","typography_line_height":{"unit":"em","size":"1.2"},"_margin":{"unit":"px","top":"-5","right":"0","bottom":"0","left":"0","isLinked":false},"typography_font_size_tablet":{"unit":"px","size":"32"},"header_size":"h3"},"elements":[],"isInner":false,"widgetType":"heading","elType":"widget"},{"id":"7832","settings":{"editor":"<p>We would love to see how we can help you solve your neck and back problems in the best pain free methods<\/p>","text_color":"#000000","typography_typography":"custom","typography_font_size":{"unit":"px","size":"18"},"typography_font_family":"Roboto","typography_font_weight":"400","typography_line_height":{"unit":"em","size":"1.6"},"_padding":{"unit":"px","top":"20","right":"0","bottom":"10","left":"0","isLinked":false},"typography_font_size_tablet":{"unit":"px","size":"16"},"typography_font_size_mobile":{"unit":"px","size":"16"},"_padding_mobile":{"unit":"px","top":"5","right":"0","bottom":"5","left":"0","isLinked":false}},"elements":[],"isInner":false,"widgetType":"text-editor","elType":"widget"},{"id":"1983","settings":{"social_icon_list":[{"social":"fa fa-facebook","_id":"mkt38sy","link":{"url":"","is_external":"true","nofollow":""}},{"social":"fa fa-twitter","_id":"wh2puj1","link":{"url":"","is_external":"true","nofollow":""}},{"social":"fa fa-google-plus","_id":"5oqt1y5","link":{"url":"","is_external":"true","nofollow":""}},{"social":"fa fa-linkedin","_id":"osjxrg0","link":{"url":"","is_external":"true","nofollow":""}},{"social":"fa fa-youtube","_id":"w3tkrr5","link":{"url":"","is_external":"true","nofollow":""}}],"align":"left","icon_color":"custom","icon_primary_color":"#e0e6ec","icon_secondary_color":"#444444","icon_padding":{"unit":"em","size":0.8},"icon_spacing":{"unit":"px","size":3},"border_radius":{"unit":"px","top":"0","right":"0","bottom":"0","left":"0","isLinked":true},"align_tablet":"left","icon_size_tablet":{"unit":"px","size":"20"},"align_mobile":"left","hover_secondary_color":"#0076ff"},"elements":[],"isInner":false,"widgetType":"social-icons","elType":"widget"}],"isInner":false,"elType":"column"},{"id":"657e","settings":{"_column_size":50,"_inline_size":"58.333","padding":{"unit":"px","top":"0","right":"0","bottom":"0","left":"50","isLinked":false},"margin_mobile":{"unit":"px","top":"0","right":"0","bottom":"0","left":"0","isLinked":true},"padding_mobile":{"unit":"px","top":"50","right":"0","bottom":"0","left":"0","isLinked":false}},"elements":[{"id":"5b39","settings":{"address":"London Eye, London, United Kingdom","height":{"unit":"px","size":365}},"elements":[],"isInner":false,"widgetType":"google_maps","elType":"widget"}],"isInner":false,"elType":"column"}],"isInner":false,"elType":"section"}],"page_settings":{"hide_title":"yes"}}