{"version":"0.4","title":"Landing Page \u2013 Stylist","type":"page","content":[{"id":"3871","settings":{"height":"min-height","custom_height":{"unit":"vh","size":75},"content_position":"middle","background_background":"classic","background_image":{"id":701,"url":"http:\/\/localhost\/checkupdate\/wp-content\/uploads\/2018\/03\/todd-quackenbush-700-copy-2.png"},"background_size":"cover","padding":{"unit":"px","top":"0","right":"0","bottom":"0","left":"0","isLinked":true},"padding_mobile":{"unit":"px","top":"80","right":"25","bottom":"80","left":"25","isLinked":false}},"elements":[{"id":"2618","settings":{"_column_size":100,"_inline_size":null,"background_background":"classic","background_color":"rgba(255,255,255,0.9)","border_border":"dotted","border_width":{"unit":"px","top":"3","right":"3","bottom":"3","left":"3","isLinked":true},"border_color":"#353535","margin":{"unit":"%","top":"0","right":"17","bottom":"0","left":"17","isLinked":false},"padding":{"unit":"px","top":"50","right":"50","bottom":"50","left":"50","isLinked":true},"margin_tablet":{"unit":"px","top":"0","right":"100","bottom":"0","left":"100","isLinked":false},"margin_mobile":{"unit":"px","top":"0","right":"0","bottom":"0","left":"0","isLinked":true},"padding_tablet":{"unit":"px","top":"40","right":"40","bottom":"40","left":"40","isLinked":false},"padding_mobile":{"unit":"px","top":"40","right":"30","bottom":"40","left":"30","isLinked":false}},"elements":[{"id":"32c","settings":{"image":{"id":700,"url":"http:\/\/localhost\/checkupdate\/wp-content\/uploads\/2018\/03\/Group-1.png"},"space":{"unit":"%","size":"25"}},"elements":[],"isInner":false,"widgetType":"image","elType":"widget"},{"id":"71f5","settings":{"title":"Style and beauty professional","align":"center","title_color":"#f49ac3","typography_typography":"custom","typography_font_size":{"unit":"px","size":"22"},"typography_font_family":"Poppins","typography_font_weight":"400","header_size":"h1","typography_font_size_tablet":{"unit":"px","size":"20"},"typography_font_size_mobile":{"unit":"px","size":"15"}},"elements":[],"isInner":false,"widgetType":"heading","elType":"widget"},{"id":"5b8a","settings":{"title":"Book an appointment!","align":"center","title_color":"#353535","typography_typography":"custom","typography_font_size":{"unit":"px","size":"70"},"typography_font_family":"Dynalight","typography_font_weight":"900","typography_text_transform":"capitalize","typography_letter_spacing":{"unit":"px","size":"0"},"_padding":{"unit":"px","top":"20","right":"0","bottom":"50","left":"0","isLinked":false},"typography_font_size_tablet":{"unit":"px","size":"55"},"typography_font_size_mobile":{"unit":"px","size":"32"},"_padding_tablet":{"unit":"px","top":"5","right":"0","bottom":"20","left":"0","isLinked":false},"_padding_mobile":{"unit":"px","top":"0","right":"0","bottom":"0","left":"0","isLinked":false}},"elements":[],"isInner":false,"widgetType":"heading","elType":"widget"},{"id":"35fb","elType":"widget","settings":{"form_name":"New Form","form_fields":[{"field_type":"text","field_label":"Name","placeholder":"Name","width":"33","_id":"mkwkkju","required":"","field_options":"","inline_list":"","width_tablet":"","width_mobile":"","rows":4,"recaptcha_size":"normal","recaptcha_style":"light","css_classes":"","field_value":"","file_sizes":"","file_types":"","allow_multiple_upload":"","max_files":"","acceptance_text":"","checked_by_default":"","field_min":"","field_max":"","min_date":"","max_date":"","use_native_date":"","use_native_time":"","allow_multiple":"","select_size":"","field_html":""},{"field_type":"email","required":true,"field_label":"Email","placeholder":"Email","width":"33","_id":"oi9ngm5","field_options":"","inline_list":"","width_tablet":"","width_mobile":"","rows":4,"recaptcha_size":"normal","recaptcha_style":"light","css_classes":"","field_value":"","file_sizes":"","file_types":"","allow_multiple_upload":"","max_files":"","acceptance_text":"","checked_by_default":"","field_min":"","field_max":"","min_date":"","max_date":"","use_native_date":"","use_native_time":"","allow_multiple":"","select_size":"","field_html":""},{"field_type":"text","field_label":"Phone","placeholder":"Phone","width":"33","_id":"ksapzgj","required":"","field_options":"","inline_list":"","width_tablet":"","width_mobile":"","rows":4,"recaptcha_size":"normal","recaptcha_style":"light","css_classes":"","field_value":"","file_sizes":"","file_types":"","allow_multiple_upload":"","max_files":"","acceptance_text":"","checked_by_default":"","field_min":"","field_max":"","min_date":"","max_date":"","use_native_date":"","use_native_time":"","allow_multiple":"","select_size":"","field_html":""}],"show_labels":"","button_text":"Send","button_width":"","button_align":"center","email_to":"no-reply@elementor.com","email_subject":"New message from \"Library\"","email_from":"email@library.elementor.com","email_from_name":"Library","success_message":"The message was sent successfully!","error_message":"There's something wrong... Please fill in the required fields.","required_field_message":"Required","invalid_message":"There's something wrong... The form is invalid.","column_gap":{"unit":"px","size":"10"},"row_gap":{"unit":"px","size":25},"field_text_color":"#353535","field_typography_typography":"custom","field_typography_line_height":{"unit":"em","size":0.1},"field_background_color":"rgba(255,255,255,0)","field_border_width":{"unit":"px","top":"0","right":"0","bottom":"1","left":"0","isLinked":false},"button_typography_typography":"custom","button_typography_font_size":{"unit":"px","size":"17"},"button_typography_font_family":"Poppins","button_typography_font_weight":"bold","button_typography_letter_spacing":{"unit":"px","size":"5"},"button_background_color":"#f49ac3","button_border_radius":{"unit":"px","top":"0","right":"0","bottom":"0","left":"0","isLinked":true},"button_text_padding":{"unit":"px","top":"15","right":"35","bottom":"15","left":"35","isLinked":false},"field_border_radius":{"unit":"px","top":"0","right":"0","bottom":"0","left":"0","isLinked":true},"field_typography_font_size_mobile":{"unit":"px","size":"13"},"field_typography_line_height_mobile":{"unit":"em","size":"0"},"button_typography_font_size_mobile":{"unit":"px","size":"13"},"button_background_hover_color":"#000000","email_content":"[all-fields]","email_to_2":"vuducanh18394@gmail.com","email_subject_2":"New message from \"check\"","email_content_2":"[all-fields]","email_from_2":"email@localhost","email_from_name_2":"check","email_reply_to_2":"vuducanh18394@gmail.com"},"elements":[],"widgetType":"form"}],"isInner":false,"elType":"column"}],"isInner":false,"elType":"section"},{"id":"2030","settings":{"gap":"no","structure":"20","padding":{"unit":"px","top":"150","right":"0","bottom":"0","left":"0","isLinked":false},"padding_tablet":{"unit":"px","top":"80","right":"30","bottom":"0","left":"30","isLinked":false},"padding_mobile":{"unit":"px","top":"40","right":"40","bottom":"0","left":"40","isLinked":false},"reverse_order_mobile":"reverse-mobile"},"elements":[{"id":"36d7","settings":{"_column_size":50,"_inline_size":null,"content_position":"bottom","margin_mobile":{"unit":"px","top":"0","right":"0","bottom":"0","left":"0","isLinked":true},"padding_mobile":{"unit":"px","top":"0","right":"0","bottom":"0","left":"0","isLinked":true}},"elements":[{"id":"2656","settings":{"image":{"id":702,"url":"http:\/\/localhost\/checkupdate\/wp-content\/uploads\/2018\/03\/483776_PR___125_SI_13_05_14_383-m.png"},"space":{"unit":"%","size":"90"},"_margin_tablet":{"unit":"px","top":"0","right":"-7","bottom":"0","left":"-40","isLinked":false},"_margin_mobile":{"unit":"px","top":"0","right":"-43","bottom":"0","left":"-43","isLinked":false},"_padding_tablet":{"unit":"px","top":"0","right":"0","bottom":"0","left":"0","isLinked":true},"_padding_mobile":{"unit":"px","top":"0","right":"0","bottom":"0","left":"0","isLinked":true}},"elements":[],"isInner":false,"widgetType":"image","elType":"widget"}],"isInner":false,"elType":"column"},{"id":"6973","settings":{"_column_size":50,"_inline_size":null,"padding":{"unit":"%","top":"0","right":"0","bottom":"0","left":"8","isLinked":false},"padding_tablet":{"unit":"px","top":"0","right":"0","bottom":"50","left":"0","isLinked":false}},"elements":[{"id":"bc4","settings":{"title":"When it comes to shopping for work clothes, I'm your gal! You can find various items that I have personally tried, including a combination of quality, ease-of-use and focus on office-friendly attire.","title_color":"#353535","typography_typography":"custom","typography_font_size":{"unit":"px","size":"27"},"typography_font_family":"Poppins","typography_font_weight":"400","typography_line_height":{"unit":"em","size":"1.5"},"typography_font_size_tablet":{"unit":"px","size":"18"},"typography_font_size_mobile":{"unit":"px","size":"16"}},"elements":[],"isInner":false,"widgetType":"heading","elType":"widget"},{"id":"6aad","settings":{"editor":"<p class=\"p1\"><span class=\"s1\">Lorem ipsum dolor sit amet, consectetur adipiscing elit. Morbi a volutpat tellus, non tempus ipsum. Proin ac placerat nisi, id vehicula est. Pellentesque fermentum sapien libero, quis molestie nulla pellentesque in. Nunc dapibus tincidunt mattis.\u00a0<\/span><\/p>","text_color":"rgba(53,53,53,0.69)","typography_typography":"custom","typography_font_size":{"unit":"px","size":"19"},"typography_font_family":"Poppins","typography_font_weight":"300","_margin":{"unit":"px","top":"30","right":"0","bottom":"30","left":"0","isLinked":false},"_padding":{"unit":"px","top":"0","right":"0","bottom":"0","left":"30","isLinked":false},"_border_border":"solid","_border_width":{"unit":"px","top":"0","right":"0","bottom":"0","left":"2","isLinked":false},"_border_color":"#f49ac3","typography_font_size_tablet":{"unit":"px","size":"15"},"typography_font_size_mobile":{"unit":"px","size":"14"}},"elements":[],"isInner":false,"widgetType":"text-editor","elType":"widget"},{"id":"51e2","settings":{"title":"Salina Jola","title_color":"#000000","typography_typography":"custom","typography_font_size":{"unit":"px","size":"30"},"typography_font_family":"Sarina","typography_font_weight":"100","typography_font_size_mobile":{"unit":"px","size":"25"}},"elements":[],"isInner":false,"widgetType":"heading","elType":"widget"}],"isInner":false,"elType":"column"}],"isInner":false,"elType":"section"},{"id":"3c7","settings":{"gap":"no","background_background":"classic","background_color":"#eaf5f7","padding":{"unit":"px","top":"100","right":"0","bottom":"100","left":"0","isLinked":false},"padding_tablet":{"unit":"px","top":"70","right":"25","bottom":"70","left":"25","isLinked":false}},"elements":[{"id":"5106","settings":{"_column_size":100,"_inline_size":null},"elements":[{"id":"4a9","settings":{"title":"Tailored to your needs","align":"center","title_color":"#f49ac3","typography_typography":"custom","typography_font_size":{"unit":"px","size":"70"},"typography_font_family":"Dynalight","typography_font_weight":"600","typography_text_transform":"capitalize","typography_line_height":{"unit":"em","size":"1"},"typography_letter_spacing":{"unit":"px","size":0.7},"header_size":"h3","typography_font_size_tablet":{"unit":"px","size":"50"},"typography_font_size_mobile":{"unit":"px","size":"39"}},"elements":[],"isInner":false,"widgetType":"heading","elType":"widget"},{"id":"2a2e","settings":{"title":"Fitting your style to your everyday routine and special occasion","align":"center","title_color":"#353535","typography_typography":"custom","typography_font_size":{"unit":"px","size":"20"},"typography_font_family":"Poppins","typography_font_weight":"100","_padding":{"unit":"px","top":"0","right":"0","bottom":"50","left":"0","isLinked":false},"header_size":"h4","typography_font_size_tablet":{"unit":"px","size":"18"},"typography_font_size_mobile":{"unit":"px","size":"16"},"typography_line_height_mobile":{"unit":"em","size":"1.5"},"_padding_tablet":{"unit":"px","top":"0","right":"0","bottom":"30","left":"0","isLinked":false}},"elements":[],"isInner":false,"widgetType":"heading","elType":"widget"},{"id":"1fe1","settings":{"structure":"30","gap":"no"},"elements":[{"id":"f5c","settings":{"_column_size":33,"_inline_size":null,"border_border":"solid","border_width":{"unit":"px","top":"10","right":"10","bottom":"10","left":"10","isLinked":true},"border_color":"#ffffff","margin":{"unit":"%","top":"0","right":"4","bottom":"0","left":"0","isLinked":false},"margin_mobile":{"unit":"px","top":"0","right":"0","bottom":"0","left":"0","isLinked":true},"padding_tablet":{"unit":"px","top":"0","right":"0","bottom":"0","left":"0","isLinked":true}},"elements":[{"id":"29cf","settings":{"icon":"","title_text_a":"","description_text_a":"","background_a_background":"classic","background_a_image":{"id":706,"url":"http:\/\/localhost\/checkupdate\/wp-content\/uploads\/2018\/03\/32.png"},"background_a_position":"center left","background_a_size":"cover","title_text_b":"\"girls\" Magazine photoshoot","description_text_b":"","button_text":"View more","background_b_background":"classic","background_b_color":"#f49ac3","height":{"unit":"px","size":"350"},"flip_effect":"fade","title_spacing_b":{"unit":"px","size":"40"},"title_typography_b_typography":"custom","title_typography_b_font_size":{"unit":"px","size":"50"},"title_typography_b_font_family":"Dynalight","title_typography_b_font_weight":"100","button_typography_typography":"custom","button_typography_font_size":{"unit":"px","size":"15"},"button_typography_font_family":"Poppins","button_typography_font_weight":"bold","button_typography_text_transform":"uppercase","button_typography_letter_spacing":{"unit":"px","size":"3"},"button_background_color":"#000000","button_border_color":"#000000","button_hover_text_color":"#000000","button_hover_background_color":"#ffffff","button_hover_border_color":"#ffffff","button_border_width":{"unit":"px","size":"3"},"button_border_radius":{"unit":"px","size":"0"},"title_typography_b_font_size_tablet":{"unit":"px","size":"32"},"title_typography_b_font_size_mobile":{"unit":"px","size":"40"},"button_typography_font_size_tablet":{"unit":"px","size":"13"},"button_typography_letter_spacing_tablet":{"unit":"px","size":"0.9"},"image":{"id":704,"url":"http:\/\/localhost\/checkupdate\/wp-content\/uploads\/2018\/03\/placeholder-1.png"}},"elements":[],"isInner":false,"widgetType":"flip-box","elType":"widget"}],"isInner":true,"elType":"column"},{"id":"3b3a","settings":{"_column_size":33,"_inline_size":null,"border_border":"solid","border_width":{"unit":"px","top":"10","right":"10","bottom":"10","left":"10","isLinked":true},"border_color":"#ffffff","margin":{"unit":"%","top":"0","right":"2","bottom":"0","left":"2","isLinked":false},"margin_mobile":{"unit":"px","top":"25","right":"0","bottom":"25","left":"0","isLinked":false}},"elements":[{"id":"4265","settings":{"icon":"","title_text_a":"","description_text_a":"","background_a_background":"classic","background_a_image":{"id":707,"url":"http:\/\/localhost\/checkupdate\/wp-content\/uploads\/2018\/03\/3-6.png"},"background_a_position":"center left","background_a_size":"cover","title_text_b":"Celebrity clients like Marissa Taylor","description_text_b":"","button_text":"View more","background_b_background":"classic","background_b_color":"#f49ac3","height":{"unit":"px","size":"350"},"flip_effect":"fade","title_spacing_b":{"unit":"px","size":"40"},"title_typography_b_typography":"custom","title_typography_b_font_size":{"unit":"px","size":"50"},"title_typography_b_font_family":"Dynalight","title_typography_b_font_weight":"100","button_typography_typography":"custom","button_typography_font_size":{"unit":"px","size":"15"},"button_typography_font_family":"Poppins","button_typography_font_weight":"bold","button_typography_text_transform":"uppercase","button_typography_letter_spacing":{"unit":"px","size":"3"},"button_background_color":"#000000","button_border_color":"#000000","button_hover_text_color":"#000000","button_hover_background_color":"#ffffff","button_hover_border_color":"#ffffff","button_border_width":{"unit":"px","size":"3"},"button_border_radius":{"unit":"px","size":"0"},"title_typography_b_font_size_tablet":{"unit":"px","size":"32"},"title_typography_b_font_size_mobile":{"unit":"px","size":"40"},"button_typography_font_size_tablet":{"unit":"px","size":"13"},"button_typography_letter_spacing_tablet":{"unit":"px","size":"0.9"},"image":{"id":704,"url":"http:\/\/localhost\/checkupdate\/wp-content\/uploads\/2018\/03\/placeholder-1.png"}},"elements":[],"isInner":false,"widgetType":"flip-box","elType":"widget"}],"isInner":true,"elType":"column"},{"id":"4548","settings":{"_column_size":33,"_inline_size":null,"border_border":"solid","border_width":{"unit":"px","top":"10","right":"10","bottom":"10","left":"10","isLinked":true},"border_color":"#ffffff","margin":{"unit":"%","top":"0","right":"0","bottom":"0","left":"4","isLinked":false},"margin_mobile":{"unit":"px","top":"0","right":"0","bottom":"0","left":"0","isLinked":true}},"elements":[{"id":"13eb","settings":{"icon":"","title_text_a":"","description_text_a":"","background_a_background":"classic","background_a_image":{"id":708,"url":"http:\/\/localhost\/checkupdate\/wp-content\/uploads\/2018\/03\/22.png"},"background_a_position":"center left","background_a_size":"cover","title_text_b":"Finding your your style","description_text_b":"","button_text":"View more","background_b_background":"classic","background_b_color":"#f49ac3","height":{"unit":"px","size":"350"},"flip_effect":"fade","title_spacing_b":{"unit":"px","size":"40"},"title_typography_b_typography":"custom","title_typography_b_font_size":{"unit":"px","size":"50"},"title_typography_b_font_family":"Dynalight","title_typography_b_font_weight":"100","button_typography_typography":"custom","button_typography_font_size":{"unit":"px","size":"15"},"button_typography_font_family":"Poppins","button_typography_font_weight":"bold","button_typography_text_transform":"uppercase","button_typography_letter_spacing":{"unit":"px","size":"3"},"button_background_color":"#000000","button_border_color":"#000000","button_hover_text_color":"#000000","button_hover_background_color":"#ffffff","button_hover_border_color":"#ffffff","button_border_width":{"unit":"px","size":"3"},"button_border_radius":{"unit":"px","size":"0"},"title_typography_b_font_size_tablet":{"unit":"px","size":"32"},"title_typography_b_font_size_mobile":{"unit":"px","size":"40"},"button_typography_font_size_tablet":{"unit":"px","size":"13"},"button_typography_letter_spacing_tablet":{"unit":"px","size":"0.9"},"image":{"id":704,"url":"http:\/\/localhost\/checkupdate\/wp-content\/uploads\/2018\/03\/placeholder-1.png"}},"elements":[],"isInner":false,"widgetType":"flip-box","elType":"widget"}],"isInner":true,"elType":"column"}],"isInner":true,"elType":"section"}],"isInner":false,"elType":"column"}],"isInner":false,"elType":"section"},{"id":"1078","settings":{"background_background":"classic","background_image":{"id":709,"url":"http:\/\/localhost\/checkupdate\/wp-content\/uploads\/2018\/03\/clark-street-mercantile-33919.png"},"background_size":"cover","background_overlay_background":"classic","background_overlay_color":"#000000","background_overlay_opacity":{"unit":"px","size":"0.8"},"padding":{"unit":"px","top":"70","right":"0","bottom":"70","left":"0","isLinked":false},"margin":{"unit":"px","top":"0","right":0,"bottom":"450","left":0,"isLinked":false},"padding_tablet":{"unit":"px","top":"70","right":"20","bottom":"30","left":"20","isLinked":false}},"elements":[{"id":"4ddb","settings":{"_column_size":100,"_inline_size":null},"elements":[{"id":"6df4","settings":{"title":"Contact me!","align":"left","title_color":"#f49ac3","typography_typography":"custom","typography_font_size":{"unit":"px","size":"70"},"typography_font_family":"Dynalight","typography_font_weight":"600","typography_text_transform":"capitalize","typography_line_height":{"unit":"em","size":"1"},"typography_letter_spacing":{"unit":"px","size":0.7},"header_size":"h3","align_mobile":"center","typography_font_size_tablet":{"unit":"px","size":"50"}},"elements":[],"isInner":false,"widgetType":"heading","elType":"widget"},{"id":"591d","settings":{"title":"Book a 1 on 1 session, where I will give you special tips","align":"left","title_color":"#ffffff","typography_typography":"custom","typography_font_size":{"unit":"px","size":"20"},"typography_font_family":"Poppins","typography_font_weight":"100","_padding":{"unit":"px","top":"0","right":"0","bottom":"30","left":"0","isLinked":false},"header_size":"h4","align_mobile":"center","typography_font_size_tablet":{"unit":"px","size":"18"},"typography_font_size_mobile":{"unit":"px","size":"16"},"typography_line_height_mobile":{"unit":"em","size":1.6},"_padding_mobile":{"unit":"px","top":"0","right":"0","bottom":"20","left":"0","isLinked":false}},"elements":[],"isInner":false,"widgetType":"heading","elType":"widget"},{"id":"66ea","settings":{"structure":"20","margin":{"unit":"px","top":"0","right":0,"bottom":"-400","left":0,"isLinked":false},"gap":"no","margin_mobile":{"unit":"px","top":"0","right":0,"bottom":"-270","left":0,"isLinked":false}},"elements":[{"id":"24bf","settings":{"_column_size":50,"_inline_size":"38.036","background_background":"classic","background_color":"#ffffff","box_shadow_box_shadow_type":"yes","box_shadow_box_shadow":{"horizontal":0,"vertical":0,"blur":"20","spread":0,"inset":"","color":"rgba(0,0,0,0.21)"},"padding":{"unit":"px","top":"50","right":"50","bottom":"50","left":"50","isLinked":true},"margin":{"unit":"px","top":"0","right":"60","bottom":"0","left":"0","isLinked":false},"margin_tablet":{"unit":"px","top":"0","right":"0","bottom":"0","left":"0","isLinked":true},"margin_mobile":{"unit":"px","top":"0","right":"0","bottom":"0","left":"0","isLinked":true},"padding_tablet":{"unit":"px","top":"35","right":"35","bottom":"35","left":"35","isLinked":true},"padding_mobile":{"unit":"px","top":"25","right":"20","bottom":"25","left":"20","isLinked":false}},"elements":[{"id":"7792","settings":{"title":"Contact info","align":"left","title_color":"#353535","typography_typography":"custom","typography_font_size":{"unit":"px","size":"30"},"typography_font_family":"Poppins","typography_font_weight":"500","typography_line_height":{"unit":"em","size":1.5},"align_mobile":"center","typography_font_size_tablet":{"unit":"px","size":"25"},"_padding_tablet":{"unit":"px","top":"0","right":"0","bottom":"0","left":"0","isLinked":false}},"elements":[],"isInner":false,"widgetType":"heading","elType":"widget"},{"id":"1563","settings":{"weight":{"unit":"px","size":"1"},"color":"#7a7a7a","gap":{"unit":"px","size":"5"}},"elements":[],"isInner":false,"widgetType":"divider","elType":"widget"},{"id":"7560","settings":{"title":"Regent Arcade, Unit 9 Regents Arcade, Cheltenham GL50 1JZ","align":"left","title_color":"#353535","typography_typography":"custom","typography_font_size":{"unit":"px","size":"16"},"typography_font_family":"Poppins","typography_font_weight":"100","typography_line_height":{"unit":"em","size":1.5},"align_mobile":"center","typography_font_size_tablet":{"unit":"px","size":"14"},"typography_font_size_mobile":{"unit":"px","size":"16"},"typography_line_height_tablet":{"unit":"em","size":"2"},"typography_line_height_mobile":{"unit":"em","size":"1.6"}},"elements":[],"isInner":false,"widgetType":"heading","elType":"widget"},{"id":"6a19","settings":{"icon_list":[{"text":"+44 1242 519458","icon":"fa fa-phone","_id":"fw54y0g","link":{"url":"","is_external":"","nofollow":""}},{"text":"stylist@noreplay.com","icon":"fa fa-envelope","_id":"kapcuf0","link":{"url":"","is_external":"","nofollow":""}}],"icon_color":"#f49ac3","icon_size":{"unit":"px","size":"25"},"text_indent":{"unit":"px","size":"10"},"text_color":"#f49ac3","icon_typography_typography":"custom","icon_typography_font_size":{"unit":"px","size":"18"},"icon_typography_font_family":"Poppins","icon_typography_line_height":{"unit":"em","size":2.5},"icon_typography_font_size_tablet":{"unit":"px","size":"13"},"icon_typography_font_size_mobile":{"unit":"px","size":"16"},"_padding_tablet":{"unit":"px","top":"20","right":"0","bottom":"20","left":"0","isLinked":false},"_padding_mobile":{"unit":"px","top":"0","right":"0","bottom":"0","left":"0","isLinked":false}},"elements":[],"isInner":false,"widgetType":"icon-list","elType":"widget"},{"id":"7ade","settings":{"social_icon_list":[{"social":"fa fa-facebook","_id":"1m1l1hm","link":{"url":"","is_external":"true","nofollow":""}},{"social":"fa fa-twitter","_id":"ervv27q","link":{"url":"","is_external":"true","nofollow":""}},{"social":"fa fa-pinterest","_id":"os3xdtv","link":{"url":"","is_external":"true","nofollow":""}},{"social":"fa fa-instagram","_id":"2qdry16","link":{"url":"","is_external":"true","nofollow":""}},{"social":"fa fa-tumblr","_id":"hgtqzwo","link":{"url":"","is_external":"true","nofollow":""}}],"icon_color":"custom","icon_primary_color":"#000000","icon_secondary_color":"#ffffff","icon_size":{"unit":"px","size":20},"image_border_border":"solid","_padding":{"unit":"px","top":"10","right":"0","bottom":"10","left":"0","isLinked":false},"align":"left","align_mobile":"left","icon_size_tablet":{"unit":"px","size":"14"},"icon_size_mobile":{"unit":"px","size":"16"},"icon_padding_mobile":{"unit":"em","size":0.7},"icon_spacing_mobile":{"unit":"px","size":9}},"elements":[],"isInner":false,"widgetType":"social-icons","elType":"widget"}],"isInner":true,"elType":"column"},{"id":"ed5","settings":{"_column_size":50,"_inline_size":"61.964","margin":{"unit":"%","top":"0","right":"0","bottom":"0","left":"0","isLinked":false},"margin_tablet":{"unit":"px","top":"0","right":"0","bottom":"0","left":"25","isLinked":false},"margin_mobile":{"unit":"px","top":"0","right":"0","bottom":"0","left":"0","isLinked":true},"padding_tablet":{"unit":"px","top":"0","right":"0","bottom":"0","left":"0","isLinked":false},"padding_mobile":{"unit":"px","top":"30","right":"0","bottom":"0","left":"0","isLinked":false}},"elements":[{"id":"78c","settings":{"address":"Regent Arcade, Unit 9 Regents Arcade, Cheltenham GL50 1JZ","height":{"unit":"px","size":"450"},"_box_shadow_box_shadow_type":"yes","_box_shadow_box_shadow":{"horizontal":0,"vertical":0,"blur":"20","spread":0,"inset":"","color":"rgba(0,0,0,0.24)"}},"elements":[],"isInner":false,"widgetType":"google_maps","elType":"widget"}],"isInner":true,"elType":"column"}],"isInner":true,"elType":"section"}],"isInner":false,"elType":"column"}],"isInner":false,"elType":"section"},{"id":"438d","settings":{"background_background":"classic","background_image":{"id":710,"url":"http:\/\/localhost\/checkupdate\/wp-content\/uploads\/2018\/03\/bcgmagazine-125568.png"},"background_size":"cover","padding":{"unit":"px","top":"70","right":"0","bottom":"70","left":"0","isLinked":false},"margin_mobile":{"unit":"px","top":"-135","right":0,"bottom":"0","left":0,"isLinked":false},"padding_tablet":{"unit":"px","top":"50","right":"140","bottom":"50","left":"140","isLinked":false},"padding_mobile":{"unit":"px","top":"50","right":"25","bottom":"50","left":"25","isLinked":false}},"elements":[{"id":"3c24","settings":{"_column_size":100,"_inline_size":null},"elements":[{"id":"4351","settings":{"title":"Special gift!","align":"left","title_color":"#f49ac3","typography_typography":"custom","typography_font_size":{"unit":"px","size":"70"},"typography_font_family":"Dynalight","typography_font_weight":"600","typography_text_transform":"capitalize","typography_line_height":{"unit":"em","size":"1"},"typography_letter_spacing":{"unit":"px","size":0.7},"_padding":{"unit":"px","top":"0","right":"0","bottom":"10","left":"0","isLinked":false},"header_size":"h3","align_tablet":"center","typography_font_size_tablet":{"unit":"px","size":"50"}},"elements":[],"isInner":false,"widgetType":"heading","elType":"widget"},{"id":"7b6","settings":{"title":"As a special bonus, I am giving away my favorite pink box of delights","align":"left","title_color":"#54595f","typography_typography":"custom","typography_font_size":{"unit":"px","size":"20"},"typography_font_family":"Poppins","typography_font_weight":"100","typography_line_height":{"unit":"em","size":1.5},"_padding":{"unit":"%","top":"0","right":"60","bottom":"0","left":"0","isLinked":false},"align_tablet":"center","typography_font_size_tablet":{"unit":"px","size":"18"},"typography_font_size_mobile":{"unit":"px","size":"16"},"typography_line_height_mobile":{"unit":"em","size":"1.6"},"_padding_tablet":{"unit":"px","top":"0","right":"0","bottom":"0","left":"0","isLinked":true}},"elements":[],"isInner":false,"widgetType":"heading","elType":"widget"},{"id":"6cb7","settings":{"text":"Contact me!","typography_typography":"custom","typography_font_size":{"unit":"px","size":"18"},"typography_font_family":"Poppins","typography_font_weight":"bold","typography_text_transform":"uppercase","typography_letter_spacing":{"unit":"px","size":"3"},"background_color":"#f49ac3","hover_color":"#ffffff","button_background_hover_color":"#000000","button_hover_border_color":"#000000","border_width":{"unit":"px","top":"3","right":"3","bottom":"3","left":"3","isLinked":true},"border_color":"#f49ac3","border_radius":{"unit":"px","top":"0","right":"0","bottom":"0","left":"0","isLinked":true},"text_padding":{"unit":"px","top":"15","right":"35","bottom":"15","left":"35","isLinked":false},"_padding":{"unit":"px","top":"20","right":"0","bottom":"0","left":"0","isLinked":false},"align_tablet":"center","typography_font_size_tablet":{"unit":"px","size":"15"},"_padding_tablet":{"unit":"px","top":"10","right":"0","bottom":"0","left":"0","isLinked":false}},"elements":[],"isInner":false,"widgetType":"button","elType":"widget"}],"isInner":false,"elType":"column"}],"isInner":false,"elType":"section"}],"page_settings":{"hide_title":"yes"}}