{"version":"0.4","title":"Christmas \u2013 Design Conference","type":"page","content":[{"id":"3539","settings":{"content_width":{"unit":"px","size":1200},"gap":"no","height":"min-height","custom_height":{"unit":"vh","size":86},"content_position":"middle","background_background":"classic","background_image":{"id":1266,"url":"http:\/\/localhost\/checkupdate\/wp-content\/uploads\/2018\/03\/head1-1.jpg"},"background_position":"center center","background_size":"cover","background_overlay_background":"classic","background_overlay_image":{"id":1268,"url":"http:\/\/localhost\/checkupdate\/wp-content\/uploads\/2018\/03\/head1-2.png"},"background_overlay_position":"center center","background_overlay_size":"cover","background_overlay_opacity":{"unit":"px","size":1},"custom_height_mobile":{"unit":"vh","size":100},"custom_height_tablet":{"unit":"px","size":800}},"elements":[{"id":"7900","settings":{"_column_size":100,"padding_tablet":{"unit":"px","top":"0","right":"0","bottom":"0","left":"50","isLinked":false},"padding_mobile":{"unit":"px","top":"0","right":"30","bottom":"0","left":"30","isLinked":false}},"elements":[{"id":"19a6","settings":{"editor":"<p>12 - 15\u00a0 January<\/p>","text_color":"#e2bf7f","typography_typography":"custom","typography_font_size":{"unit":"px","size":23},"typography_font_family":"Montserrat","_margin":{"unit":"%","top":"","right":"","bottom":"","left":"","isLinked":true},"typography_font_weight":"600","typography_font_size_mobile":{"unit":"px","size":16}},"elements":[],"isInner":false,"widgetType":"text-editor","elType":"widget"},{"id":"2fe7","settings":{"title":"Design<br> conference","header_size":"h1","title_color":"#ffffff","typography_typography":"custom","typography_font_size":{"unit":"px","size":130},"typography_font_family":"Unica One","typography_font_size_mobile":{"unit":"px","size":57},"typography_font_size_tablet":{"unit":"px","size":100}},"elements":[],"isInner":false,"widgetType":"heading","elType":"widget"},{"id":"7794","settings":{"editor":"<p>Meet top talent in a unique 2-day experience in Los Angeles. Get involved with a new way of thinking about the future and make valuable connections.<\/p>","text_color":"#e2bf7f","typography_typography":"custom","typography_font_size":{"unit":"px","size":21},"typography_font_family":"Montserrat","_margin":{"unit":"%","top":"0","right":"45","bottom":"0","left":"0","isLinked":false},"typography_font_size_mobile":{"unit":"px","size":14},"_margin_mobile":{"unit":"px","top":"0","right":"0","bottom":"0","left":"0","isLinked":true},"_padding_mobile":{"unit":"px","top":"0","right":"0","bottom":"0","left":"0","isLinked":true}},"elements":[],"isInner":false,"widgetType":"text-editor","elType":"widget"},{"id":"6383","settings":{"gap":"no","layout":"full_width"},"elements":[{"id":"2a32","settings":{"_column_size":100,"_inline_size":null},"elements":[{"id":"323d","settings":{"text":"RESERVE YOUR PLACE","typography_typography":"custom","typography_font_size":{"unit":"px","size":15},"button_text_color":"#000000","background_color":"#ffffff","hover_color":"#ffffff","button_background_hover_color":"#e2bf7f","border_radius":{"unit":"px","top":"0","right":"0","bottom":"0","left":"0","isLinked":true},"hover_animation":"shrink","border_border":"solid","border_width":{"unit":"px","top":"0","right":"0","bottom":"3","left":"0","isLinked":false},"border_color":"#e2bf7f"},"elements":[],"isInner":false,"widgetType":"button","elType":"widget"}],"isInner":true,"elType":"column"}],"isInner":true,"elType":"section"}],"isInner":false,"elType":"column"}],"isInner":false,"elType":"section"},{"id":"39e1","settings":{"content_width":{"unit":"px","size":1200},"gap":"no","height":"min-height","custom_height":{"unit":"px","size":900},"content_position":"middle","background_background":"gradient","background_color":"#ffffff","background_color_stop":{"unit":"%","size":65},"background_color_b":"#e2bf7f","background_gradient_angle":{"unit":"deg","size":360},"background_overlay_background":"classic","background_overlay_image":{"id":1278,"url":"http:\/\/localhost\/checkupdate\/wp-content\/uploads\/2018\/03\/speakers2.png"},"background_overlay_position":"center center","background_overlay_size":"cover","background_overlay_opacity":{"unit":"px","size":0.49},"padding":{"unit":"px","top":"120","right":"0","bottom":"100","left":"0","isLinked":false},"padding_mobile":{"unit":"px","top":"80","right":"0","bottom":"80","left":"0","isLinked":false}},"elements":[{"id":"748","settings":{"_column_size":100,"padding_tablet":{"unit":"px","top":"0","right":"25","bottom":"0","left":"25","isLinked":false}},"elements":[{"id":"377e","settings":{"title":"incredible people","align":"center","title_color":"#7a7a7a","typography_typography":"custom","typography_font_size":{"unit":"px","size":14},"typography_font_weight":"300","typography_text_transform":"uppercase","typography_font_size_mobile":{"unit":"px","size":13}},"elements":[],"isInner":false,"widgetType":"heading","elType":"widget"},{"id":"34df","settings":{"title":"Our speakers","align":"center","title_color":"#00001c","typography_typography":"custom","typography_font_size":{"unit":"px","size":75},"typography_font_family":"Unica One","typography_font_size_tablet":{"unit":"px","size":60},"typography_font_size_mobile":{"unit":"px","size":40}},"elements":[],"isInner":false,"widgetType":"heading","elType":"widget"},{"id":"24ad","settings":{"structure":"30","padding":{"unit":"px","top":"25","right":"0","bottom":"0","left":"0","isLinked":false},"margin_mobile":{"unit":"px","top":"0","right":0,"bottom":"0","left":0,"isLinked":true},"padding_mobile":{"unit":"px","top":"15","right":"0","bottom":"0","left":"0","isLinked":false}},"elements":[{"id":"4d8a","settings":{"_column_size":33,"_inline_size":null,"margin_mobile":{"unit":"px","top":"0","right":"0","bottom":"0","left":"0","isLinked":true},"padding_mobile":{"unit":"px","top":"0","right":"0","bottom":"0","left":"0","isLinked":true}},"elements":[{"id":"252c","settings":{"image":{"id":1270,"url":"http:\/\/localhost\/checkupdate\/wp-content\/uploads\/2018\/03\/b1.jpg"},"title_text":"JAY argaet","description_text":"AD Hillsong","image_space":{"unit":"px","size":13},"image_size":{"unit":"%","size":100},"hover_animation":"shrink","title_bottom_space":{"unit":"px","size":0},"title_color":"#e2bf7f","title_typography_typography":"custom","title_typography_font_size":{"unit":"px","size":30},"title_typography_font_family":"Unica One","title_typography_font_weight":"900","description_color":"#00001c","description_typography_typography":"custom","description_typography_font_size":{"unit":"px","size":12},"description_typography_font_family":"Montserrat","description_typography_font_weight":"300","image_size_mobile":{"unit":"%","size":75}},"elements":[],"isInner":false,"widgetType":"image-box","elType":"widget"},{"id":"6bf5","settings":{"social_icon_list":[{"social":"fa fa-facebook","_id":"d483022","link":{"url":"","is_external":"true","nofollow":""}},{"social":"fa fa-twitter","_id":"0b635fe","link":{"url":"","is_external":"true","nofollow":""}},{"social":"fa fa-dribbble","link":{"url":"","is_external":"true","nofollow":""},"_id":"028d6b6"},{"social":"fa fa-behance","link":{"url":"","is_external":"true","nofollow":""},"_id":"a9890de"}],"icon_color":"custom","icon_primary_color":"rgba(0,0,0,0)","icon_secondary_color":"rgba(0,0,28,0.22)","icon_size":{"unit":"px","size":16},"icon_padding":{"unit":"em","size":0},"icon_spacing":{"unit":"px","size":32},"hover_secondary_color":"#00001c","hover_animation":"grow","_margin":{"unit":"px","top":"-10","right":"0","bottom":"0","left":"0","isLinked":false}},"elements":[],"isInner":false,"widgetType":"social-icons","elType":"widget"}],"isInner":true,"elType":"column"},{"id":"5271","settings":{"_column_size":33,"_inline_size":null,"margin_mobile":{"unit":"px","top":"0","right":"0","bottom":"0","left":"0","isLinked":true},"padding_mobile":{"unit":"px","top":"35","right":"0","bottom":"0","left":"0","isLinked":false}},"elements":[{"id":"3ffb","settings":{"image":{"id":1271,"url":"http:\/\/localhost\/checkupdate\/wp-content\/uploads\/2018\/03\/b2.jpg"},"title_text":"tara victoria","description_text":"Designer Hatch and Hatson","image_space":{"unit":"px","size":13},"image_size":{"unit":"%","size":100},"hover_animation":"shrink","title_bottom_space":{"unit":"px","size":0},"title_color":"#e2bf7f","title_typography_typography":"custom","title_typography_font_size":{"unit":"px","size":30},"title_typography_font_family":"Unica One","title_typography_font_weight":"900","description_color":"#00001c","description_typography_typography":"custom","description_typography_font_size":{"unit":"px","size":12},"description_typography_font_family":"Montserrat","description_typography_font_weight":"300","image_size_mobile":{"unit":"%","size":75}},"elements":[],"isInner":false,"widgetType":"image-box","elType":"widget"},{"id":"6818","settings":{"social_icon_list":[{"social":"fa fa-facebook","_id":"d483022","link":{"url":"","is_external":"true","nofollow":""}},{"social":"fa fa-twitter","_id":"0b635fe","link":{"url":"","is_external":"true","nofollow":""}},{"social":"fa fa-dribbble","link":{"url":"","is_external":"true","nofollow":""},"_id":"028d6b6"},{"social":"fa fa-behance","link":{"url":"","is_external":"true","nofollow":""},"_id":"a9890de"}],"icon_color":"custom","icon_primary_color":"rgba(0,0,0,0)","icon_secondary_color":"rgba(0,0,28,0.22)","icon_size":{"unit":"px","size":16},"icon_padding":{"unit":"em","size":0},"icon_spacing":{"unit":"px","size":32},"hover_secondary_color":"#00001c","hover_animation":"grow","_margin":{"unit":"px","top":"-10","right":"0","bottom":"0","left":"0","isLinked":false}},"elements":[],"isInner":false,"widgetType":"social-icons","elType":"widget"}],"isInner":true,"elType":"column"},{"id":"6dc4","settings":{"_column_size":33,"_inline_size":null,"padding_mobile":{"unit":"px","top":"35","right":"0","bottom":"0","left":"0","isLinked":false}},"elements":[{"id":"3856","settings":{"image":{"id":1272,"url":"http:\/\/localhost\/checkupdate\/wp-content\/uploads\/2018\/03\/b3.jpg"},"title_text":"peter wilson","description_text":"CD Lakewood Church","image_space":{"unit":"px","size":13},"image_size":{"unit":"%","size":100},"hover_animation":"shrink","title_bottom_space":{"unit":"px","size":0},"title_color":"#e2bf7f","title_typography_typography":"custom","title_typography_font_size":{"unit":"px","size":30},"title_typography_font_family":"Unica One","title_typography_font_weight":"900","description_color":"#00001c","description_typography_typography":"custom","description_typography_font_size":{"unit":"px","size":12},"description_typography_font_family":"Montserrat","description_typography_font_weight":"300","image_size_mobile":{"unit":"%","size":75}},"elements":[],"isInner":false,"widgetType":"image-box","elType":"widget"},{"id":"60d7","settings":{"social_icon_list":[{"social":"fa fa-facebook","_id":"d483022","link":{"url":"","is_external":"true","nofollow":""}},{"social":"fa fa-twitter","_id":"0b635fe","link":{"url":"","is_external":"true","nofollow":""}},{"social":"fa fa-dribbble","link":{"url":"","is_external":"true","nofollow":""},"_id":"028d6b6"},{"social":"fa fa-behance","link":{"url":"","is_external":"true","nofollow":""},"_id":"a9890de"}],"icon_color":"custom","icon_primary_color":"rgba(0,0,0,0)","icon_secondary_color":"rgba(0,0,28,0.22)","icon_size":{"unit":"px","size":16},"icon_padding":{"unit":"em","size":0},"icon_spacing":{"unit":"px","size":32},"hover_secondary_color":"#00001c","hover_animation":"grow","_margin":{"unit":"px","top":"-10","right":"0","bottom":"0","left":"0","isLinked":false}},"elements":[],"isInner":false,"widgetType":"social-icons","elType":"widget"}],"isInner":true,"elType":"column"}],"isInner":true,"elType":"section"},{"id":"1deb","settings":{"structure":"30","padding":{"unit":"px","top":"50","right":"0","bottom":"0","left":"0","isLinked":false},"margin_mobile":{"unit":"px","top":"0","right":0,"bottom":"0","left":0,"isLinked":true},"padding_mobile":{"unit":"px","top":"0","right":"0","bottom":"0","left":"0","isLinked":true}},"elements":[{"id":"2230","settings":{"_column_size":33,"_inline_size":null,"padding_mobile":{"unit":"px","top":"35","right":"0","bottom":"0","left":"0","isLinked":false}},"elements":[{"id":"3e2","settings":{"image":{"id":1273,"url":"http:\/\/localhost\/checkupdate\/wp-content\/uploads\/2018\/03\/b4.jpg"},"title_text":"anita hood","description_text":"Hoodzpah Design Co","image_space":{"unit":"px","size":13},"image_size":{"unit":"%","size":100},"hover_animation":"shrink","title_bottom_space":{"unit":"px","size":0},"title_color":"#e2bf7f","title_typography_typography":"custom","title_typography_font_size":{"unit":"px","size":30},"title_typography_font_family":"Unica One","title_typography_font_weight":"900","description_color":"#00001c","description_typography_typography":"custom","description_typography_font_size":{"unit":"px","size":12},"description_typography_font_family":"Montserrat","description_typography_font_weight":"300","image_size_mobile":{"unit":"%","size":75}},"elements":[],"isInner":false,"widgetType":"image-box","elType":"widget"},{"id":"3373","settings":{"social_icon_list":[{"social":"fa fa-facebook","_id":"d483022","link":{"url":"","is_external":"true","nofollow":""}},{"social":"fa fa-twitter","_id":"0b635fe","link":{"url":"","is_external":"true","nofollow":""}},{"social":"fa fa-dribbble","link":{"url":"","is_external":"true","nofollow":""},"_id":"028d6b6"},{"social":"fa fa-behance","link":{"url":"","is_external":"true","nofollow":""},"_id":"a9890de"}],"icon_color":"custom","icon_primary_color":"rgba(0,0,0,0)","icon_secondary_color":"rgba(0,0,28,0.22)","icon_size":{"unit":"px","size":16},"icon_padding":{"unit":"em","size":0},"icon_spacing":{"unit":"px","size":32},"hover_secondary_color":"#00001c","hover_animation":"grow","_margin":{"unit":"px","top":"-10","right":"0","bottom":"0","left":"0","isLinked":false}},"elements":[],"isInner":false,"widgetType":"social-icons","elType":"widget"}],"isInner":true,"elType":"column"},{"id":"13cf","settings":{"_column_size":33,"_inline_size":null,"padding_mobile":{"unit":"px","top":"35","right":"0","bottom":"0","left":"0","isLinked":false}},"elements":[{"id":"5ea9","settings":{"image":{"id":1275,"url":"http:\/\/localhost\/checkupdate\/wp-content\/uploads\/2018\/03\/b5.jpg"},"title_text":"Brad Weaver","description_text":"Partner & Ceo at Nine Labs","image_space":{"unit":"px","size":13},"image_size":{"unit":"%","size":100},"hover_animation":"shrink","title_bottom_space":{"unit":"px","size":0},"title_color":"#e2bf7f","title_typography_typography":"custom","title_typography_font_size":{"unit":"px","size":30},"title_typography_font_family":"Unica One","title_typography_font_weight":"900","description_color":"#00001c","description_typography_typography":"custom","description_typography_font_size":{"unit":"px","size":12},"description_typography_font_family":"Montserrat","description_typography_font_weight":"300","image_size_mobile":{"unit":"%","size":75}},"elements":[],"isInner":false,"widgetType":"image-box","elType":"widget"},{"id":"7c2e","settings":{"social_icon_list":[{"social":"fa fa-facebook","_id":"d483022","link":{"url":"","is_external":"true","nofollow":""}},{"social":"fa fa-twitter","_id":"0b635fe","link":{"url":"","is_external":"true","nofollow":""}},{"social":"fa fa-dribbble","link":{"url":"","is_external":"true","nofollow":""},"_id":"028d6b6"},{"social":"fa fa-behance","link":{"url":"","is_external":"true","nofollow":""},"_id":"a9890de"}],"icon_color":"custom","icon_primary_color":"rgba(0,0,0,0)","icon_secondary_color":"rgba(0,0,28,0.22)","icon_size":{"unit":"px","size":16},"icon_padding":{"unit":"em","size":0},"icon_spacing":{"unit":"px","size":32},"hover_secondary_color":"#00001c","hover_animation":"grow","_margin":{"unit":"px","top":"-10","right":"0","bottom":"0","left":"0","isLinked":false}},"elements":[],"isInner":false,"widgetType":"social-icons","elType":"widget"}],"isInner":true,"elType":"column"},{"id":"2d3a","settings":{"_column_size":33,"_inline_size":null,"padding_mobile":{"unit":"px","top":"35","right":"0","bottom":"0","left":"0","isLinked":false}},"elements":[{"id":"315c","settings":{"image":{"id":1276,"url":"http:\/\/localhost\/checkupdate\/wp-content\/uploads\/2018\/03\/b6.jpg"},"title_text":"Mike daves","description_text":"Creative Labs","image_space":{"unit":"px","size":13},"image_size":{"unit":"%","size":100},"hover_animation":"shrink","title_bottom_space":{"unit":"px","size":0},"title_color":"#e2bf7f","title_typography_typography":"custom","title_typography_font_size":{"unit":"px","size":30},"title_typography_font_family":"Unica One","title_typography_font_weight":"900","description_color":"#00001c","description_typography_typography":"custom","description_typography_font_size":{"unit":"px","size":12},"description_typography_font_family":"Montserrat","description_typography_font_weight":"300","image_size_mobile":{"unit":"%","size":75}},"elements":[],"isInner":false,"widgetType":"image-box","elType":"widget"},{"id":"3c65","settings":{"social_icon_list":[{"social":"fa fa-facebook","_id":"d483022","link":{"url":"","is_external":"true","nofollow":""}},{"social":"fa fa-twitter","_id":"0b635fe","link":{"url":"","is_external":"true","nofollow":""}},{"social":"fa fa-dribbble","link":{"url":"","is_external":"true","nofollow":""},"_id":"028d6b6"},{"social":"fa fa-behance","link":{"url":"","is_external":"true","nofollow":""},"_id":"a9890de"}],"icon_color":"custom","icon_primary_color":"rgba(0,0,0,0)","icon_secondary_color":"rgba(0,0,28,0.22)","icon_size":{"unit":"px","size":16},"icon_padding":{"unit":"em","size":0},"icon_spacing":{"unit":"px","size":32},"hover_secondary_color":"#00001c","hover_animation":"grow","_margin":{"unit":"px","top":"-10","right":"0","bottom":"0","left":"0","isLinked":false}},"elements":[],"isInner":false,"widgetType":"social-icons","elType":"widget"}],"isInner":true,"elType":"column"}],"isInner":true,"elType":"section"}],"isInner":false,"elType":"column"}],"isInner":false,"elType":"section"},{"id":"4cde","settings":{"content_width":{"unit":"px","size":1200},"gap":"no","height":"min-height","custom_height":{"unit":"px","size":700},"content_position":"bottom","background_background":"classic","background_color":"#00001c","background_overlay_background":"classic","background_overlay_image":{"id":1279,"url":"http:\/\/localhost\/checkupdate\/wp-content\/uploads\/2018\/03\/talks3.png"},"background_overlay_position":"center center","background_overlay_size":"cover","background_overlay_opacity":{"unit":"px","size":0.32},"column_position":"bottom","margin":{"unit":"%","top":"0","right":0,"bottom":"0","left":0,"isLinked":false},"padding":{"unit":"px","top":"25","right":"0","bottom":"0","left":"0","isLinked":false},"layout":"full_width","custom_height_tablet":{"unit":"px","size":596}},"elements":[{"id":"4419","settings":{"_column_size":100,"_inline_size":null,"padding":{"unit":"px","top":"85","right":"55","bottom":"85","left":"55","isLinked":false},"background_background":"classic","background_color":"#e2bf7f","margin":{"unit":"px","top":"0","right":"0","bottom":"0","left":"755","isLinked":false},"margin_tablet":{"unit":"px","top":"0","right":"0","bottom":"0","left":"45","isLinked":false},"margin_mobile":{"unit":"px","top":"0","right":"0","bottom":"0","left":"20","isLinked":false},"padding_tablet":{"unit":"px","top":"55","right":"0","bottom":"55","left":"55","isLinked":false},"padding_mobile":{"unit":"px","top":"40","right":"0","bottom":"40","left":"20","isLinked":false}},"elements":[{"id":"6306","settings":{"title":"awesome program","align":"left","title_color":"#7a7a7a","typography_typography":"custom","typography_font_size":{"unit":"px","size":14},"typography_font_weight":"300","typography_text_transform":"uppercase","typography_font_size_mobile":{"unit":"px","size":13}},"elements":[],"isInner":false,"widgetType":"heading","elType":"widget"},{"id":"2dc7","settings":{"title":"the talks","align":"left","title_color":"#00001c","typography_typography":"custom","typography_font_size":{"unit":"px","size":75},"typography_font_family":"Unica One","typography_font_size_tablet":{"unit":"px","size":60}},"elements":[],"isInner":false,"widgetType":"heading","elType":"widget"},{"id":"7760","settings":{"structure":"20"},"elements":[{"id":"131d","settings":{"_column_size":50,"_inline_size":null,"margin_tablet":{"unit":"px","top":"0","right":"0","bottom":"0","left":"0","isLinked":true},"padding_tablet":{"unit":"px","top":"0","right":"0","bottom":"0","left":"0","isLinked":false}},"elements":[{"id":"4ff4","settings":{"price_list":[{"title":"8:00","item_description":"Registration, Coffe + Connect","price":"","link":{"url":"#","is_external":"","nofollow":""},"_id":"569ddab","image":{"url":"","id":""}},{"title":"8:30","item_description":"Workshop 1 : \nTom Simpson + Brad Wipe","price":"","link":{"url":"#","is_external":"","nofollow":""},"_id":"b7cccb2","image":{"url":"","id":""}},{"title":"10:30","item_description":"Workshop 2 :\nCreative Touch + Fred Rodriges","price":"","link":{"url":"#","is_external":"","nofollow":""},"_id":"566da7f","image":{"url":"","id":""}}],"heading_color":"#ffffff","heading_typography_typography":"custom","heading_typography_font_size":{"unit":"px","size":30},"heading_typography_font_family":"Unica One","description_color":"#00001c","description_typography_typography":"custom","description_typography_font_size":{"unit":"px","size":14},"description_typography_line_height":{"unit":"em","size":1.6},"description_typography_letter_spacing":{"unit":"px","size":0},"separator_style":"none","row_gap":{"unit":"px","size":42},"_margin_tablet":{"unit":"px","top":"0","right":"0","bottom":"0","left":"0","isLinked":true},"_padding_tablet":{"unit":"px","top":"0","right":"0","bottom":"0","left":"0","isLinked":true}},"elements":[],"isInner":false,"widgetType":"price-list","elType":"widget"}],"isInner":true,"elType":"column"},{"id":"5f63","settings":{"_column_size":50,"_inline_size":null},"elements":[{"id":"2992","settings":{"price_list":[{"title":"12:00","item_description":"Lunch","price":"","link":{"url":"#","is_external":"","nofollow":""},"_id":"569ddab","image":{"url":"","id":""}},{"title":"13:30","item_description":"Workshop 3 :\nVictor Moralez + Cody Benks","price":"","link":{"url":"#","is_external":"","nofollow":""},"_id":"b7cccb2","image":{"url":"","id":""}},{"title":"18:00","item_description":"The Party - Drinks and Drinks !","price":"","link":{"url":"#","is_external":"","nofollow":""},"_id":"566da7f","image":{"url":"","id":""}}],"heading_color":"#ffffff","heading_typography_typography":"custom","heading_typography_font_size":{"unit":"px","size":30},"heading_typography_font_family":"Unica One","description_color":"#00001c","description_typography_typography":"custom","description_typography_font_size":{"unit":"px","size":14},"description_typography_line_height":{"unit":"em","size":1.6},"description_typography_letter_spacing":{"unit":"px","size":0},"separator_style":"none","row_gap":{"unit":"px","size":42},"heading_typography_line_height_mobile":{"unit":"em","size":1.2},"_padding_mobile":{"unit":"px","top":"40","right":"0","bottom":"0","left":"0","isLinked":false}},"elements":[],"isInner":false,"widgetType":"price-list","elType":"widget"}],"isInner":true,"elType":"column"}],"isInner":true,"elType":"section"}],"isInner":false,"elType":"column"}],"isInner":false,"elType":"section"},{"id":"16b7","settings":{"content_position":"middle","background_background":"classic","background_image":{"id":1280,"url":"http:\/\/localhost\/checkupdate\/wp-content\/uploads\/2018\/03\/center2-1.jpg"},"background_size":"cover","margin":{"unit":"px","top":"","right":0,"bottom":"","left":0,"isLinked":true},"padding":{"unit":"px","top":"100","right":"0","bottom":"0","left":"0","isLinked":false},"z_index":1,"margin_tablet":{"unit":"px","top":"0","right":0,"bottom":"0","left":0,"isLinked":true},"margin_mobile":{"unit":"px","top":"0","right":0,"bottom":"0","left":0,"isLinked":true},"padding_tablet":{"unit":"px","top":"55","right":"0","bottom":"55","left":"0","isLinked":false},"padding_mobile":{"unit":"px","top":"0","right":"0","bottom":"0","left":"0","isLinked":false}},"elements":[{"id":"19b6","settings":{"_column_size":100,"_inline_size":null,"padding":{"unit":"px","top":"0","right":"450","bottom":"0","left":"0","isLinked":false},"margin_tablet":{"unit":"px","top":"0","right":"0","bottom":"0","left":"0","isLinked":true},"padding_tablet":{"unit":"px","top":"55","right":"50","bottom":"100","left":"50","isLinked":false},"padding_mobile":{"unit":"px","top":"50","right":"30","bottom":"200","left":"30","isLinked":false}},"elements":[{"id":"ebf","settings":{"title":"awesome place for awesome people","align":"left","title_color":"rgba(0,0,28,0.34)","typography_typography":"custom","typography_font_size":{"unit":"px","size":14},"typography_font_weight":"300","typography_text_transform":"uppercase","typography_font_size_mobile":{"unit":"px","size":13},"typography_line_height_mobile":{"unit":"px","size":22}},"elements":[],"isInner":false,"widgetType":"heading","elType":"widget"},{"id":"298c","settings":{"headline_style":"rotate","animation_type":"slide","before_text":"","highlighted_text":"Amazing","rotating_text":"UI \/ UX\nParty\nMeetings\nStudio\nMarketing\n\n","alignment":"left","title_color":"#00001c","words_color":"#e2bf7f","words_typography_typography":"custom","words_typography_font_family":"Unica One","words_typography_font_weight":"900","words_typography_line_height":{"unit":"em","size":0.1},"words_typography_letter_spacing":{"unit":"px","size":0},"_margin":{"unit":"px","top":"0","right":"0","bottom":"-15","left":"0","isLinked":false}},"elements":[],"isInner":false,"widgetType":"animated-headline","elType":"widget"},{"id":"8d5","settings":{"title":"pachaco center","align":"left","title_color":"#00001c","typography_typography":"custom","typography_font_size":{"unit":"px","size":75},"typography_font_family":"Unica One","typography_font_size_tablet":{"unit":"px","size":60}},"elements":[],"isInner":false,"widgetType":"heading","elType":"widget"},{"id":"5d51","settings":{"gap":"wide","height_inner":"min-height","padding_tablet":{"unit":"px","top":"0","right":"0","bottom":"0","left":"0","isLinked":true}},"elements":[{"id":"5278","settings":{"_column_size":100,"_inline_size":null,"padding":{"unit":"px","top":"0","right":"80","bottom":"0","left":"0","isLinked":false},"margin_tablet":{"unit":"px","top":"0","right":"0","bottom":"0","left":"0","isLinked":true},"padding_tablet":{"unit":"px","top":"0","right":"90","bottom":"0","left":"0","isLinked":false},"_inline_size_mobile":100,"margin_mobile":{"unit":"px","top":"0","right":"0","bottom":"0","left":"0","isLinked":true},"padding_mobile":{"unit":"px","top":"0","right":"0","bottom":"0","left":"0","isLinked":true}},"elements":[{"id":"58ea","settings":{"editor":"<p>Lorem ipsum dolor sit amet, consectetur adipiscing elit. Integer in erat enim. Morbi vitae justo dignissim, malesuada arcu vitae, tincidunt odio. Vestibulum consequat aliquet nulla, ac molestie erat scelerisque ut. Nulla viverra tincidunt nulla vel pellentesque. Pellentesque tempor urna in tortor vehicula, eu scelerisque erat gravida. Nam porta elementum mi sit amet lobortis. Donec eu arcu eu nisi egestas gravida sit amet sit amet purus.<\/p>","_margin_mobile":{"unit":"px","top":"0","right":"0","bottom":"0","left":"0","isLinked":true},"_padding_mobile":{"unit":"px","top":"00","right":"00","bottom":"00","left":"00","isLinked":true}},"elements":[],"isInner":false,"widgetType":"text-editor","elType":"widget"},{"id":"57db","settings":{"text":"Learn more","typography_typography":"custom","typography_font_size":{"unit":"px","size":15},"button_text_color":"#ffffff","background_color":"#00001c","hover_color":"#ffffff","button_background_hover_color":"#e2bf7f","border_radius":{"unit":"px","top":"0","right":"0","bottom":"0","left":"0","isLinked":true},"hover_animation":"shrink","border_border":"solid","border_width":{"unit":"px","top":"0","right":"0","bottom":"3","left":"0","isLinked":false},"border_color":"#e2bf7f","typography_text_transform":"uppercase"},"elements":[],"isInner":false,"widgetType":"button","elType":"widget"}],"isInner":true,"elType":"column"}],"isInner":true,"elType":"section"}],"isInner":false,"elType":"column"}],"isInner":false,"elType":"section"},{"id":"dbc","settings":{"content_width":{"unit":"px","size":1400},"structure":"20","background_background":"classic","background_color":"#e2bf7f","margin":{"unit":"px","top":"-100","right":0,"bottom":"0","left":0,"isLinked":false},"z_index":1,"gap":"no","margin_tablet":{"unit":"px","top":"-250","right":0,"bottom":"0","left":0,"isLinked":false},"margin_mobile":{"unit":"px","top":"0","right":0,"bottom":"0","left":0,"isLinked":false},"reverse_order_mobile":"reverse-mobile"},"elements":[{"id":"6753","settings":{"_column_size":50,"_inline_size":66.929,"_inline_size_tablet":55,"margin_tablet":{"unit":"px","top":"0","right":"0","bottom":"0","left":"0","isLinked":false},"margin_mobile":{"unit":"px","top":"50","right":"0","bottom":"0","left":"0","isLinked":false}},"elements":[{"id":"1e24","settings":{"image":{"id":1281,"url":"http:\/\/localhost\/checkupdate\/wp-content\/uploads\/2018\/03\/center6.jpg"},"align":"right","space":{"unit":"%","size":41},"_margin":{"unit":"px","top":"-80","right":"80","bottom":"0","left":"0","isLinked":false},"_z_index":1,"align_mobile":"left","space_mobile":{"unit":"%","size":36},"_margin_tablet":{"unit":"px","top":"-24","right":"0","bottom":"0","left":"-40","isLinked":false}},"elements":[],"isInner":false,"widgetType":"image","elType":"widget"},{"id":"7d8d","settings":{"image":{"id":1282,"url":"http:\/\/localhost\/checkupdate\/wp-content\/uploads\/2018\/03\/center4.jpg"},"_margin":{"unit":"px","top":"-160","right":"200","bottom":"0","left":"0","isLinked":false},"_z_index":1,"_margin_mobile":{"unit":"px","top":"-59","right":"0","bottom":"-47","left":"179","isLinked":false},"align_mobile":"right","space_tablet":{"unit":"%","size":100},"_margin_tablet":{"unit":"px","top":"-70","right":"200","bottom":"0","left":"0","isLinked":false}},"elements":[],"isInner":false,"widgetType":"image","elType":"widget"},{"id":"1b42","settings":{"image":{"id":1283,"url":"http:\/\/localhost\/checkupdate\/wp-content\/uploads\/2018\/03\/center5.jpg"},"align":"right","space":{"unit":"%","size":53},"_margin":{"unit":"px","top":"-100","right":"0","bottom":"-50","left":"0","isLinked":false},"_z_index":1,"_margin_tablet":{"unit":"px","top":"-65","right":"0","bottom":"-35","left":"0","isLinked":false},"_margin_mobile":{"unit":"px","top":"0","right":"0","bottom":"-50","left":"0","isLinked":false},"_padding_tablet":{"unit":"px","top":"0","right":"0","bottom":"0","left":"0","isLinked":false},"_padding_mobile":{"unit":"px","top":"0","right":"0","bottom":"0","left":"0","isLinked":true},"align_mobile":"left","space_mobile":{"unit":"%","size":59}},"elements":[],"isInner":false,"widgetType":"image","elType":"widget"}],"isInner":false,"elType":"column"},{"id":"25af","settings":{"_column_size":50,"_inline_size":33.071,"_inline_size_tablet":45,"margin_tablet":{"unit":"px","top":"75","right":"0","bottom":"0","left":"0","isLinked":false},"margin_mobile":{"unit":"px","top":"-250","right":"0","bottom":"0","left":"0","isLinked":false}},"elements":[{"id":"7890","settings":{"image":{"id":1284,"url":"http:\/\/localhost\/checkupdate\/wp-content\/uploads\/2018\/03\/center1.jpg"},"space":{"unit":"%","size":43},"_margin":{"unit":"px","top":"-250","right":"0","bottom":"50","left":"0","isLinked":false},"_z_index":1,"_margin_mobile":{"unit":"px","top":"0","right":"0","bottom":"0","left":"0","isLinked":true},"_padding_mobile":{"unit":"px","top":"0","right":"0","bottom":"0","left":"0","isLinked":true},"align_tablet":"right","space_tablet":{"unit":"%","size":17},"space_mobile":{"unit":"%","size":29},"_margin_tablet":{"unit":"px","top":"-250","right":"0","bottom":"50","left":"-200","isLinked":false}},"elements":[],"isInner":false,"widgetType":"image","elType":"widget"},{"id":"6589","settings":{"image":{"id":1285,"url":"http:\/\/localhost\/checkupdate\/wp-content\/uploads\/2018\/03\/center2.jpg"},"align":"right","space":{"unit":"%","size":64},"_margin":{"unit":"px","top":"-30","right":"-50","bottom":"0","left":"150","isLinked":false},"_z_index":1,"_margin_mobile":{"unit":"px","top":"0","right":"30","bottom":"0","left":"0","isLinked":false},"_padding_mobile":{"unit":"px","top":"0","right":"0","bottom":"0","left":"0","isLinked":true},"space_mobile":{"unit":"%","size":40},"_margin_tablet":{"unit":"px","top":"0","right":"50","bottom":"0","left":"62","isLinked":false}},"elements":[],"isInner":false,"widgetType":"image","elType":"widget"},{"id":"298e","settings":{"image":{"id":1286,"url":"http:\/\/localhost\/checkupdate\/wp-content\/uploads\/2018\/03\/center7.jpg"},"align":"left","space":{"unit":"%","size":74},"_margin":{"unit":"px","top":"-70","right":"0","bottom":"0","left":"0","isLinked":false},"_padding":{"unit":"px","top":"0","right":"0","bottom":"0","left":"0","isLinked":false},"_margin_mobile":{"unit":"px","top":"-50","right":"-55","bottom":"-4","left":"50","isLinked":false},"_padding_mobile":{"unit":"px","top":"0","right":"0","bottom":"0","left":"0","isLinked":true},"space_tablet":{"unit":"%","size":52},"_margin_tablet":{"unit":"px","top":"-50","right":"0","bottom":"0","left":"15","isLinked":false}},"elements":[],"isInner":false,"widgetType":"image","elType":"widget"}],"isInner":false,"elType":"column"}],"isInner":false,"elType":"section"},{"id":"6dcb","settings":{"content_width":{"unit":"px","size":1200},"gap":"no","height":"min-height","content_position":"middle","margin":{"unit":"%","top":"","right":0,"bottom":"","left":0,"isLinked":true},"padding":{"unit":"px","top":"250","right":"0","bottom":"60","left":"0","isLinked":false},"custom_height":{"unit":"px","size":""},"background_background":"gradient","background_color":"rgba(255,255,255,0.11)","background_color_stop":{"unit":"%","size":35},"background_color_b":"rgba(226,191,127,0.35)","padding_tablet":{"unit":"px","top":"80","right":"0","bottom":"25","left":"0","isLinked":false},"padding_mobile":{"unit":"px","top":"100","right":"0","bottom":"30","left":"0","isLinked":false},"z_index":2},"elements":[{"id":"509a","settings":{"_column_size":100,"_inline_size":null},"elements":[{"id":"5145","settings":{"slides":[{"image":{"id":1287,"url":"http:\/\/localhost\/checkupdate\/wp-content\/uploads\/2018\/03\/x1.png"},"_id":"d1381cb","type":"image","image_link_to_type":"","image_link_to":{"url":"","is_external":"","nofollow":""},"video":{"url":"","is_external":"","nofollow":""}},{"image":{"id":1288,"url":"http:\/\/localhost\/checkupdate\/wp-content\/uploads\/2018\/03\/x2.png"},"_id":"5effb55","type":"image","image_link_to_type":"","image_link_to":{"url":"","is_external":"","nofollow":""},"video":{"url":"","is_external":"","nofollow":""}},{"image":{"id":1289,"url":"http:\/\/localhost\/checkupdate\/wp-content\/uploads\/2018\/03\/x3.png"},"_id":"f82bd33","type":"image","image_link_to_type":"","image_link_to":{"url":"","is_external":"","nofollow":""},"video":{"url":"","is_external":"","nofollow":""}},{"image":{"id":1290,"url":"http:\/\/localhost\/checkupdate\/wp-content\/uploads\/2018\/03\/x4.png"},"_id":"46f0b4a","type":"image","image_link_to_type":"","image_link_to":{"url":"","is_external":"","nofollow":""},"video":{"url":"","is_external":"","nofollow":""}},{"image":{"id":1293,"url":"http:\/\/localhost\/checkupdate\/wp-content\/uploads\/2018\/03\/x6.png"},"_id":"df0afd1","type":"image","image_link_to_type":"","image_link_to":{"url":"","is_external":"","nofollow":""},"video":{"url":"","is_external":"","nofollow":""}},{"type":"image","image":{"id":1294,"url":"http:\/\/localhost\/checkupdate\/wp-content\/uploads\/2018\/03\/x7.png"},"image_link_to_type":"","image_link_to":{"url":"","is_external":"","nofollow":""},"video":{"url":"","is_external":"","nofollow":""},"_id":"ab9cb62"}],"slides_per_view":"5","show_arrows":"","pagination_color":"#00001c","space_between":{"unit":"px","size":50},"height":{"unit":"px","size":178},"pagination":"","slides_per_view_tablet":"4","slides_per_view_mobile":"3","height_tablet":{"unit":"px","size":100}},"elements":[],"isInner":false,"widgetType":"media-carousel","elType":"widget"}],"isInner":false,"elType":"column"}],"isInner":false,"elType":"section"},{"id":"25c0","settings":{"content_width":{"unit":"px","size":1200},"gap":"no","height":"min-height","custom_height":{"unit":"px","size":500},"content_position":"middle","background_background":"classic","background_image":{"id":1297,"url":"http:\/\/localhost\/checkupdate\/wp-content\/uploads\/2018\/03\/footer.jpg"},"background_position":"center center","background_size":"cover","margin":{"unit":"px","top":"0","right":0,"bottom":"0","left":0,"isLinked":false},"structure":"20","padding_mobile":{"unit":"px","top":"50","right":"0","bottom":"0","left":"0","isLinked":false},"reverse_order_mobile":"reverse-mobile"},"elements":[{"id":"63fd","settings":{"_column_size":50,"_inline_size":null,"margin_mobile":{"unit":"px","top":"0","right":"0","bottom":"0","left":"0","isLinked":true},"padding_tablet":{"unit":"px","top":"0","right":"30","bottom":"0","left":"30","isLinked":false},"padding_mobile":{"unit":"px","top":"50","right":"30","bottom":"30","left":"30","isLinked":false},"_inline_size_tablet":60},"elements":[{"id":"49a8","settings":{"title":"12 - 15 january","align":"left","title_color":"#ffffff","typography_typography":"custom","typography_font_size":{"unit":"px","size":14},"typography_font_weight":"300","typography_text_transform":"uppercase","align_mobile":"center"},"elements":[],"isInner":false,"widgetType":"heading","elType":"widget"},{"id":"3cc1","settings":{"title":"Conference 2018","align":"left","title_color":"#e2bf7f","typography_typography":"custom","typography_font_size":{"unit":"px","size":75},"typography_font_family":"Unica One","align_mobile":"center","typography_font_size_mobile":{"unit":"px","size":35},"typography_font_size_tablet":{"unit":"px","size":70}},"elements":[],"isInner":false,"widgetType":"heading","elType":"widget"},{"id":"5c66","elType":"widget","settings":{"form_name":"New Form","form_fields":[{"_id":"email","field_type":"email","required":"true","field_label":"Join ","placeholder":"Join the newsletter","width":"75","field_value":"","field_options":"","inline_list":"","width_tablet":"75","width_mobile":"","rows":4,"recaptcha_size":"normal","recaptcha_style":"light","css_classes":"","file_sizes":"","file_types":"","allow_multiple_upload":"","max_files":"","acceptance_text":"","checked_by_default":"","field_min":"","field_max":"","min_date":"","max_date":"","use_native_date":"","use_native_time":"","allow_multiple":"","select_size":"","field_html":""}],"button_text":"Send","button_width":"25","email_to":"support@elementor.com","email_subject":"New message from \"Elementor\"","email_content":"[all-fields]","email_from":"email@tuts.elementor.com","email_from_name":"Elementor","email_to_2":"support@elementor.com","email_subject_2":"New message from \"Elementor\"","email_content_2":"[all-fields]","email_from_2":"email@tuts.elementor.com","email_from_name_2":"Elementor","email_reply_to_2":"support@elementor.com","success_message":"The form was sent successfully!","error_message":"There's something wrong... Please fill in the required fields.","required_field_message":"Required","invalid_message":"There's something wrong... The form is invalid.","subscriber_already_exists_message":"Subscriber already exist.","column_gap":{"unit":"px","size":0},"row_gap":{"unit":"px","size":0},"label_typography_typography":"custom","field_text_color":"#00001c","field_typography_typography":"custom","field_typography_font_size":{"unit":"px","size":12},"field_typography_font_family":"Montserrat","field_typography_font_weight":"300","field_typography_letter_spacing":{"unit":"px","size":1},"field_border_width":{"unit":"px","top":"0","right":"0","bottom":"0","left":"0","isLinked":true},"field_border_radius":{"unit":"px","top":"0","right":"0","bottom":"0","left":"0","isLinked":true},"button_text_color":"#ffffff","button_typography_typography":"custom","button_typography_font_size":{"unit":"px","size":14},"button_typography_text_transform":"uppercase","button_background_color":"#e2bf7f","button_border_radius":{"unit":"px","top":"0","right":"0","bottom":"0","left":"0","isLinked":true},"button_text_padding":{"unit":"px","top":"0","right":"20","bottom":"0","left":"20","isLinked":false},"_padding":{"unit":"px","top":"15","right":"100","bottom":"0","left":"0","isLinked":false},"show_labels":"","button_background_hover_color":"rgba(226,191,127,0.86)","_margin_mobile":{"unit":"px","top":"0","right":"0","bottom":"0","left":"0","isLinked":true},"_padding_mobile":{"unit":"px","top":"0","right":"0","bottom":"0","left":"0","isLinked":false},"button_width_tablet":"25","button_typography_font_size_tablet":{"unit":"px","size":12},"_padding_tablet":{"unit":"px","top":"0","right":"0","bottom":"0","left":"0","isLinked":true},"mailpoet3_fields_map":[{"remote_id":"first_name","remote_label":"First Name","remote_type":"text","_id":"e38a10b","local_id":""},{"remote_id":"last_name","remote_label":"Last Name","remote_type":"text","_id":"45f5c06","local_id":""},{"remote_id":"email","remote_label":"Email","remote_type":"email","remote_required":true,"_id":"740e80f","local_id":""}]},"elements":[],"widgetType":"form"},{"id":"1ba7","settings":{"title":"\u00a9 Copyright 2017 . Elementor Co. All Rights reserved. ","align":"left","title_color":"#ffffff","typography_typography":"custom","typography_font_size":{"unit":"px","size":12},"typography_font_family":"Montserrat","typography_font_weight":"300","typography_text_transform":"uppercase","typography_letter_spacing":{"unit":"px","size":3},"_padding":{"unit":"px","top":"25","right":"25","bottom":"25","left":"25","isLinked":true},"align_mobile":"center","typography_font_size_tablet":{"unit":"px","size":10},"typography_line_height_tablet":{"unit":"px","size":13},"typography_letter_spacing_tablet":{"unit":"px","size":1.1},"typography_font_size_mobile":{"unit":"px","size":8},"typography_letter_spacing_mobile":{"unit":"px","size":0.9},"align_tablet":"left","_padding_tablet":{"unit":"px","top":"0","right":"0","bottom":"0","left":"0","isLinked":true}},"elements":[],"isInner":false,"widgetType":"heading","elType":"widget"},{"id":"5854","settings":{"social_icon_list":[{"social":"fa fa-facebook","_id":"ee5a37a","link":{"url":"","is_external":"true","nofollow":""}},{"social":"fa fa-twitter","_id":"178356e","link":{"url":"","is_external":"true","nofollow":""}},{"social":"fa fa-behance","link":{"url":"","is_external":"true","nofollow":""},"_id":"debf06a"},{"social":"fa fa-instagram","link":{"url":"","is_external":"true","nofollow":""},"_id":"9f24530"},{"social":"fa fa-dribbble","link":{"url":"","is_external":"true","nofollow":""},"_id":"2e58ac2"}],"icon_color":"custom","icon_primary_color":"rgba(0,0,0,0)","icon_secondary_color":"rgba(255,255,255,0.45)","icon_size":{"unit":"px","size":16},"icon_spacing":{"unit":"px","size":51},"hover_primary_color":"rgba(0,0,0,0)","hover_secondary_color":"#e2bf7f","hover_animation":"grow","_padding":{"unit":"px","top":"25","right":"0","bottom":"0","left":"0","isLinked":false},"align":"left","align_mobile":"center","icon_spacing_mobile":{"unit":"px","size":18},"icon_spacing_tablet":{"unit":"px","size":42}},"elements":[],"isInner":false,"widgetType":"social-icons","elType":"widget"}],"isInner":false,"elType":"column"},{"id":"4b43","settings":{"_column_size":50,"_inline_size":null,"_inline_size_tablet":40},"elements":[{"id":"58f2","settings":{"slides":[{"content":"Lorem ipsum dolor sit amet, consectetur adipiscing elit. Ut elit tellus, luctus nec ullamcorper mattis, pulvinar dapibus leo.","name":"Hester Young","title":"CEO","image":{"id":"965","url":"http:\/\/localhost\/checkupdate\/wp-content\/uploads\/2018\/03\/7-2.png"},"_id":"a0c6f96"},{"content":"Lorem ipsum dolor sit amet, consectetur adipiscing elit. Ut elit tellus, luctus nec ullamcorper mattis, pulvinar dapibus leo.","name":"John Doe","title":"CEO","image":{"id":1295,"url":"http:\/\/localhost\/checkupdate\/wp-content\/uploads\/2018\/03\/8-1-2.png"},"_id":"b1e6b12"},{"content":"Lorem ipsum dolor sit amet, consectetur adipiscing elit. Ut elit tellus, luctus nec ullamcorper mattis, pulvinar dapibus leo.","name":"John Doe","title":"CEO","image":{"id":1296,"url":"http:\/\/localhost\/checkupdate\/wp-content\/uploads\/2018\/03\/6-4-1.png"},"_id":"6cc73fc"}],"layout":"image_above","show_arrows":"","pagination":"","content_color":"#ffffff","content_typography_typography":"custom","content_typography_font_size":{"unit":"px","size":16},"name_color":"#f9f6ed","title_color":"#e2bf7f","title_typography_typography":"custom","title_typography_font_weight":"100","image_size":{"unit":"px","size":90},"image_border_color":"rgba(255,255,255,0.47)","slide_border_size":{"unit":"px","top":"0","right":"0","bottom":"0","left":"0","isLinked":true},"width_tablet":{"unit":"px","size":285},"content_typography_font_weight":"100","content_typography_font_style":"normal","name_typography_typography":"custom","name_typography_font_size_tablet":{"unit":"px","size":19},"name_typography_font_family":"Unica One","name_typography_font_style":"normal","_padding_tablet":{"unit":"px","top":"0","right":"0","bottom":"0","left":"0","isLinked":false},"width_mobile":{"unit":"px","size":297},"content_typography_font_size_tablet":{"unit":"px","size":14},"_margin_mobile":{"unit":"px","top":"0","right":"0","bottom":"0","left":"0","isLinked":true},"_padding_mobile":{"unit":"px","top":"0","right":"0","bottom":"0","left":"0","isLinked":true}},"elements":[],"isInner":false,"widgetType":"testimonial-carousel","elType":"widget"}],"isInner":false,"elType":"column"}],"isInner":false,"elType":"section"}]}